<?xml version="1.0" encoding="UTF-8" ?>
<gpx xmlns="http://www.topografix.com/GPX/1/1" version="1.1" creator="OSMTracker for Android™ - https://github.com/labexp/osmtracker-android" xmlns:xsi="http://www.w3.org/2001/XMLSchema-instance" xsi:schemaLocation="http://www.topografix.com/GPX/1/1 http://www.topografix.com/GPX/1/1/gpx.xsd ">
	<metadata>
		<name>2026-08-09_17-00-03</name>
		<keywords>osmtracker</keywords>
	</metadata>
	<wpt lat="28.55450845" lon="77.21263833">
		<ele>181.92279052734375</ele>
		<time>2026-08-09T11:31:18Z</time>
		<name><![CDATA[starting off from my place in green park]]></name>
		<sat>21</sat>
	</wpt>
	<wpt lat="28.55246106" lon="77.21144669">
		<ele>178.7764892578125</ele>
		<time>2026-08-09T11:32:20Z</time>
		<name><![CDATA[flower shops catch my eyes one after another, with saffron propaganda tainting the view once in a while.]]></name>
		<sat>23</sat>
	</wpt>
	<wpt lat="28.54954524" lon="77.21040757">
		<ele>180.84320068359375</ele>
		<time>2026-08-09T11:33:35Z</time>
		<name><![CDATA[in traffic we're surrounded by only black cars]]></name>
		<sat>23</sat>
	</wpt>
	<wpt lat="28.54842329" lon="77.21000748">
		<ele>173.3883056640625</ele>
		<time>2026-08-09T11:34:02Z</time>
		<name><![CDATA[Photo]]></name>
		<link href="2026-08-09_17-04-02.jpg">
			<text>2026-08-09_17-04-02.jpg</text>
		</link>
		<sat>24</sat>
	</wpt>
	<wpt lat="28.54471078" lon="77.20897866">
		<ele>182.28961181640625</ele>
		<time>2026-08-09T11:35:26Z</time>
		<name><![CDATA[Hospital, Doctors]]></name>
		<sat>24</sat>
	</wpt>
	<trk>
		<name><![CDATA[Tracked with OSMTracker for Android™]]></name>
		<trkseg>
			<trkpt lat="28.55450695" lon="77.21263784">
				<ele>181.5811767578125</ele>
				<time>2026-08-09T11:30:03Z</time>
				<extensions>
					<speed>0.0</speed>
				</extensions>
			</trkpt>
			<trkpt lat="28.55450697" lon="77.21263784">
				<ele>181.5828857421875</ele>
				<time>2026-08-09T11:30:04Z</time>
				<extensions>
					<speed>0.0</speed>
				</extensions>
			</trkpt>
			<trkpt lat="28.55450688" lon="77.21263805">
				<ele>181.57763671875</ele>
				<time>2026-08-09T11:30:05Z</time>
				<extensions>
					<speed>0.0</speed>
				</extensions>
			</trkpt>
			<trkpt lat="28.55450681" lon="77.21263819">
				<ele>181.5789794921875</ele>
				<time>2026-08-09T11:30:06Z</time>
				<extensions>
					<speed>0.0</speed>
				</extensions>
			</trkpt>
			<trkpt lat="28.5545068" lon="77.21263821">
				<ele>181.58111572265625</ele>
				<time>2026-08-09T11:30:07Z</time>
				<extensions>
					<speed>0.0</speed>
				</extensions>
			</trkpt>
			<trkpt lat="28.5545068" lon="77.21263821">
				<ele>181.58392333984375</ele>
				<time>2026-08-09T11:30:08Z</time>
				<extensions>
					<speed>0.0</speed>
				</extensions>
			</trkpt>
			<trkpt lat="28.5545068" lon="77.21263818">
				<ele>181.59173583984375</ele>
				<time>2026-08-09T11:30:09Z</time>
				<extensions>
					<speed>0.0</speed>
				</extensions>
			</trkpt>
			<trkpt lat="28.55450676" lon="77.21263815">
				<ele>181.5888671875</ele>
				<time>2026-08-09T11:30:10Z</time>
				<extensions>
					<speed>0.0</speed>
				</extensions>
			</trkpt>
			<trkpt lat="28.55450671" lon="77.21263812">
				<ele>181.5849609375</ele>
				<time>2026-08-09T11:30:11Z</time>
				<extensions>
					<speed>0.0</speed>
				</extensions>
			</trkpt>
			<trkpt lat="28.5545068" lon="77.21263811">
				<ele>181.6026611328125</ele>
				<time>2026-08-09T11:30:12Z</time>
				<extensions>
					<speed>0.0</speed>
				</extensions>
			</trkpt>
			<trkpt lat="28.55450686" lon="77.21263809">
				<ele>181.597412109375</ele>
				<time>2026-08-09T11:30:13Z</time>
				<extensions>
					<speed>0.0</speed>
				</extensions>
			</trkpt>
			<trkpt lat="28.55450685" lon="77.21263807">
				<ele>181.5921630859375</ele>
				<time>2026-08-09T11:30:14Z</time>
				<extensions>
					<speed>0.0</speed>
				</extensions>
			</trkpt>
			<trkpt lat="28.55450683" lon="77.21263806">
				<ele>181.6004638671875</ele>
				<time>2026-08-09T11:30:15Z</time>
				<extensions>
					<speed>0.0</speed>
				</extensions>
			</trkpt>
			<trkpt lat="28.55450681" lon="77.21263805">
				<ele>181.5958251953125</ele>
				<time>2026-08-09T11:30:16Z</time>
				<extensions>
					<speed>0.0</speed>
				</extensions>
			</trkpt>
			<trkpt lat="28.55450678" lon="77.21263804">
				<ele>181.5914306640625</ele>
				<time>2026-08-09T11:30:17Z</time>
				<extensions>
					<speed>0.0</speed>
				</extensions>
			</trkpt>
			<trkpt lat="28.55450674" lon="77.212638">
				<ele>181.5865478515625</ele>
				<time>2026-08-09T11:30:18Z</time>
				<extensions>
					<speed>0.0</speed>
				</extensions>
			</trkpt>
			<trkpt lat="28.55450673" lon="77.21263822">
				<ele>181.59698486328125</ele>
				<time>2026-08-09T11:30:19Z</time>
				<extensions>
					<speed>0.0</speed>
				</extensions>
			</trkpt>
			<trkpt lat="28.5545067" lon="77.21263827">
				<ele>181.59515380859375</ele>
				<time>2026-08-09T11:30:20Z</time>
				<extensions>
					<speed>0.0</speed>
				</extensions>
			</trkpt>
			<trkpt lat="28.55450667" lon="77.21263828">
				<ele>181.596923828125</ele>
				<time>2026-08-09T11:30:21Z</time>
				<extensions>
					<speed>0.0</speed>
				</extensions>
			</trkpt>
			<trkpt lat="28.55450663" lon="77.2126383">
				<ele>181.599609375</ele>
				<time>2026-08-09T11:30:22Z</time>
				<extensions>
					<speed>0.0</speed>
				</extensions>
			</trkpt>
			<trkpt lat="28.55450659" lon="77.2126383">
				<ele>181.5968017578125</ele>
				<time>2026-08-09T11:30:23Z</time>
				<extensions>
					<speed>0.0</speed>
				</extensions>
			</trkpt>
			<trkpt lat="28.55450655" lon="77.2126383">
				<ele>181.594970703125</ele>
				<time>2026-08-09T11:30:24Z</time>
				<extensions>
					<speed>0.0</speed>
				</extensions>
			</trkpt>
			<trkpt lat="28.55450673" lon="77.21263828">
				<ele>181.62109375</ele>
				<time>2026-08-09T11:30:25Z</time>
				<extensions>
					<speed>0.0</speed>
				</extensions>
			</trkpt>
			<trkpt lat="28.55450677" lon="77.21263826">
				<ele>181.6220703125</ele>
				<time>2026-08-09T11:30:26Z</time>
				<extensions>
					<speed>0.0</speed>
				</extensions>
			</trkpt>
			<trkpt lat="28.55450676" lon="77.21263825">
				<ele>181.61932373046875</ele>
				<time>2026-08-09T11:30:27Z</time>
				<extensions>
					<speed>0.0</speed>
				</extensions>
			</trkpt>
			<trkpt lat="28.55450676" lon="77.21263822">
				<ele>181.61444091796875</ele>
				<time>2026-08-09T11:30:28Z</time>
				<extensions>
					<speed>0.0</speed>
				</extensions>
			</trkpt>
			<trkpt lat="28.55450673" lon="77.21263836">
				<ele>181.617431640625</ele>
				<time>2026-08-09T11:30:29Z</time>
				<extensions>
					<speed>0.0</speed>
				</extensions>
			</trkpt>
			<trkpt lat="28.55450671" lon="77.21263846">
				<ele>181.6162109375</ele>
				<time>2026-08-09T11:30:30Z</time>
				<extensions>
					<speed>0.0</speed>
				</extensions>
			</trkpt>
			<trkpt lat="28.55450666" lon="77.21263853">
				<ele>181.61572265625</ele>
				<time>2026-08-09T11:30:31Z</time>
				<extensions>
					<speed>0.0</speed>
				</extensions>
			</trkpt>
			<trkpt lat="28.55450663" lon="77.21263853">
				<ele>181.6114501953125</ele>
				<time>2026-08-09T11:30:32Z</time>
				<extensions>
					<speed>0.0</speed>
				</extensions>
			</trkpt>
			<trkpt lat="28.5545066" lon="77.21263852">
				<ele>181.6046142578125</ele>
				<time>2026-08-09T11:30:33Z</time>
				<extensions>
					<speed>0.0</speed>
				</extensions>
			</trkpt>
			<trkpt lat="28.55450658" lon="77.21263849">
				<ele>181.5989990234375</ele>
				<time>2026-08-09T11:30:34Z</time>
				<extensions>
					<speed>0.0</speed>
				</extensions>
			</trkpt>
			<trkpt lat="28.55450654" lon="77.21263851">
				<ele>181.60260009765625</ele>
				<time>2026-08-09T11:30:35Z</time>
				<extensions>
					<speed>0.0</speed>
				</extensions>
			</trkpt>
			<trkpt lat="28.55450725" lon="77.21263832">
				<ele>181.68115234375</ele>
				<time>2026-08-09T11:30:36Z</time>
				<extensions>
					<speed>0.0</speed>
				</extensions>
			</trkpt>
			<trkpt lat="28.55450742" lon="77.21263828">
				<ele>181.6812744140625</ele>
				<time>2026-08-09T11:30:37Z</time>
				<extensions>
					<speed>0.0</speed>
				</extensions>
			</trkpt>
			<trkpt lat="28.55450744" lon="77.21263826">
				<ele>181.6800537109375</ele>
				<time>2026-08-09T11:30:38Z</time>
				<extensions>
					<speed>0.0</speed>
				</extensions>
			</trkpt>
			<trkpt lat="28.55450745" lon="77.21263824">
				<ele>181.6790771484375</ele>
				<time>2026-08-09T11:30:39Z</time>
				<extensions>
					<speed>0.0</speed>
				</extensions>
			</trkpt>
			<trkpt lat="28.55450742" lon="77.21263823">
				<ele>181.6787109375</ele>
				<time>2026-08-09T11:30:40Z</time>
				<extensions>
					<speed>0.0</speed>
				</extensions>
			</trkpt>
			<trkpt lat="28.55450739" lon="77.21263823">
				<ele>181.6766357421875</ele>
				<time>2026-08-09T11:30:41Z</time>
				<extensions>
					<speed>0.0</speed>
				</extensions>
			</trkpt>
			<trkpt lat="28.55450766" lon="77.21263804">
				<ele>181.6871337890625</ele>
				<time>2026-08-09T11:30:42Z</time>
				<extensions>
					<speed>0.0</speed>
				</extensions>
			</trkpt>
			<trkpt lat="28.55450776" lon="77.21263803">
				<ele>181.6998291015625</ele>
				<time>2026-08-09T11:30:43Z</time>
				<extensions>
					<speed>0.0</speed>
				</extensions>
			</trkpt>
			<trkpt lat="28.55450781" lon="77.21263807">
				<ele>181.71649169921875</ele>
				<time>2026-08-09T11:30:44Z</time>
				<extensions>
					<speed>0.0</speed>
				</extensions>
			</trkpt>
			<trkpt lat="28.55450786" lon="77.21263811">
				<ele>181.7366943359375</ele>
				<time>2026-08-09T11:30:45Z</time>
				<extensions>
					<speed>0.0</speed>
				</extensions>
			</trkpt>
			<trkpt lat="28.55450784" lon="77.21263813">
				<ele>181.737060546875</ele>
				<time>2026-08-09T11:30:46Z</time>
				<extensions>
					<speed>0.0</speed>
				</extensions>
			</trkpt>
			<trkpt lat="28.55450782" lon="77.21263814">
				<ele>181.7408447265625</ele>
				<time>2026-08-09T11:30:47Z</time>
				<extensions>
					<speed>0.0</speed>
				</extensions>
			</trkpt>
			<trkpt lat="28.55450774" lon="77.21263804">
				<ele>181.7314453125</ele>
				<time>2026-08-09T11:30:48Z</time>
				<extensions>
					<speed>0.0</speed>
				</extensions>
			</trkpt>
			<trkpt lat="28.55450778" lon="77.21263797">
				<ele>181.74176025390625</ele>
				<time>2026-08-09T11:30:49Z</time>
				<extensions>
					<speed>0.0</speed>
				</extensions>
			</trkpt>
			<trkpt lat="28.55450786" lon="77.21263787">
				<ele>181.75164794921875</ele>
				<time>2026-08-09T11:30:50Z</time>
				<extensions>
					<speed>0.0</speed>
				</extensions>
			</trkpt>
			<trkpt lat="28.55450795" lon="77.21263778">
				<ele>181.77630615234375</ele>
				<time>2026-08-09T11:30:51Z</time>
				<extensions>
					<speed>0.0</speed>
				</extensions>
			</trkpt>
			<trkpt lat="28.55450797" lon="77.21263775">
				<ele>181.77752685546875</ele>
				<time>2026-08-09T11:30:52Z</time>
				<extensions>
					<speed>0.0</speed>
				</extensions>
			</trkpt>
			<trkpt lat="28.55450795" lon="77.21263789">
				<ele>181.790283203125</ele>
				<time>2026-08-09T11:30:53Z</time>
				<extensions>
					<speed>0.0</speed>
				</extensions>
			</trkpt>
			<trkpt lat="28.55450795" lon="77.21263802">
				<ele>181.80596923828125</ele>
				<time>2026-08-09T11:30:54Z</time>
				<extensions>
					<speed>0.0</speed>
				</extensions>
			</trkpt>
			<trkpt lat="28.55450793" lon="77.21263806">
				<ele>181.806396484375</ele>
				<time>2026-08-09T11:30:55Z</time>
				<extensions>
					<speed>0.0</speed>
				</extensions>
			</trkpt>
			<trkpt lat="28.55450789" lon="77.2126381">
				<ele>181.80865478515625</ele>
				<time>2026-08-09T11:30:56Z</time>
				<extensions>
					<speed>0.0</speed>
				</extensions>
			</trkpt>
			<trkpt lat="28.55450789" lon="77.21263809">
				<ele>181.8197021484375</ele>
				<time>2026-08-09T11:30:57Z</time>
				<extensions>
					<speed>0.0</speed>
				</extensions>
			</trkpt>
			<trkpt lat="28.55450786" lon="77.21263807">
				<ele>181.81585693359375</ele>
				<time>2026-08-09T11:30:58Z</time>
				<extensions>
					<speed>0.0</speed>
				</extensions>
			</trkpt>
			<trkpt lat="28.55450786" lon="77.21263829">
				<ele>181.8253173828125</ele>
				<time>2026-08-09T11:30:59Z</time>
				<extensions>
					<speed>0.0</speed>
				</extensions>
			</trkpt>
			<trkpt lat="28.55450783" lon="77.21263847">
				<ele>181.8251953125</ele>
				<time>2026-08-09T11:31:00Z</time>
				<extensions>
					<speed>0.0</speed>
				</extensions>
			</trkpt>
			<trkpt lat="28.55450782" lon="77.21263853">
				<ele>181.8289794921875</ele>
				<time>2026-08-09T11:31:01Z</time>
				<extensions>
					<speed>0.0</speed>
				</extensions>
			</trkpt>
			<trkpt lat="28.55450786" lon="77.21263855">
				<ele>181.8414306640625</ele>
				<time>2026-08-09T11:31:02Z</time>
				<extensions>
					<speed>0.0</speed>
				</extensions>
			</trkpt>
			<trkpt lat="28.55450789" lon="77.21263858">
				<ele>181.85107421875</ele>
				<time>2026-08-09T11:31:03Z</time>
				<extensions>
					<speed>0.0</speed>
				</extensions>
			</trkpt>
			<trkpt lat="28.55450789" lon="77.2126386">
				<ele>181.85162353515625</ele>
				<time>2026-08-09T11:31:04Z</time>
				<extensions>
					<speed>0.0</speed>
				</extensions>
			</trkpt>
			<trkpt lat="28.55450799" lon="77.21263854">
				<ele>181.85565185546875</ele>
				<time>2026-08-09T11:31:05Z</time>
				<extensions>
					<speed>0.0</speed>
				</extensions>
			</trkpt>
			<trkpt lat="28.55450807" lon="77.21263851">
				<ele>181.86065673828125</ele>
				<time>2026-08-09T11:31:06Z</time>
				<extensions>
					<speed>0.0</speed>
				</extensions>
			</trkpt>
			<trkpt lat="28.55450812" lon="77.21263853">
				<ele>181.876708984375</ele>
				<time>2026-08-09T11:31:07Z</time>
				<extensions>
					<speed>0.0</speed>
				</extensions>
			</trkpt>
			<trkpt lat="28.55450811" lon="77.21263854">
				<ele>181.8770751953125</ele>
				<time>2026-08-09T11:31:08Z</time>
				<extensions>
					<speed>0.0</speed>
				</extensions>
			</trkpt>
			<trkpt lat="28.55450811" lon="77.21263854">
				<ele>181.8763427734375</ele>
				<time>2026-08-09T11:31:09Z</time>
				<extensions>
					<speed>0.0</speed>
				</extensions>
			</trkpt>
			<trkpt lat="28.55450806" lon="77.21263853">
				<ele>181.8743896484375</ele>
				<time>2026-08-09T11:31:10Z</time>
				<extensions>
					<speed>0.0</speed>
				</extensions>
			</trkpt>
			<trkpt lat="28.55450802" lon="77.21263853">
				<ele>181.8746337890625</ele>
				<time>2026-08-09T11:31:11Z</time>
				<extensions>
					<speed>0.0</speed>
				</extensions>
			</trkpt>
			<trkpt lat="28.55450824" lon="77.21263846">
				<ele>181.90118408203125</ele>
				<time>2026-08-09T11:31:12Z</time>
				<extensions>
					<speed>0.0</speed>
				</extensions>
			</trkpt>
			<trkpt lat="28.55450827" lon="77.21263843">
				<ele>181.89801025390625</ele>
				<time>2026-08-09T11:31:13Z</time>
				<extensions>
					<speed>0.0</speed>
				</extensions>
			</trkpt>
			<trkpt lat="28.55450823" lon="77.21263842">
				<ele>181.901611328125</ele>
				<time>2026-08-09T11:31:14Z</time>
				<extensions>
					<speed>0.0</speed>
				</extensions>
			</trkpt>
			<trkpt lat="28.55450819" lon="77.21263844">
				<ele>181.904296875</ele>
				<time>2026-08-09T11:31:15Z</time>
				<extensions>
					<speed>0.0</speed>
				</extensions>
			</trkpt>
			<trkpt lat="28.55450819" lon="77.21263844">
				<ele>181.9022216796875</ele>
				<time>2026-08-09T11:31:16Z</time>
				<extensions>
					<speed>0.0</speed>
				</extensions>
			</trkpt>
			<trkpt lat="28.55450821" lon="77.21263843">
				<ele>181.90325927734375</ele>
				<time>2026-08-09T11:31:17Z</time>
				<extensions>
					<speed>0.0</speed>
				</extensions>
			</trkpt>
			<trkpt lat="28.55450845" lon="77.21263833">
				<ele>181.92279052734375</ele>
				<time>2026-08-09T11:31:18Z</time>
				<extensions>
					<speed>0.0</speed>
				</extensions>
			</trkpt>
			<trkpt lat="28.55450845" lon="77.21263833">
				<ele>181.92279052734375</ele>
				<time>2026-08-09T11:31:18Z</time>
				<extensions>
					<speed>0.0</speed>
				</extensions>
			</trkpt>
			<trkpt lat="28.5545085" lon="77.2126383">
				<ele>181.9224853515625</ele>
				<time>2026-08-09T11:31:19Z</time>
				<extensions>
					<speed>0.0</speed>
				</extensions>
			</trkpt>
			<trkpt lat="28.55450848" lon="77.21263825">
				<ele>181.92254638671875</ele>
				<time>2026-08-09T11:31:20Z</time>
				<extensions>
					<speed>0.0</speed>
				</extensions>
			</trkpt>
			<trkpt lat="28.55450846" lon="77.21263823">
				<ele>181.923095703125</ele>
				<time>2026-08-09T11:31:21Z</time>
				<extensions>
					<speed>0.0</speed>
				</extensions>
			</trkpt>
			<trkpt lat="28.55450842" lon="77.21263823">
				<ele>181.91876220703125</ele>
				<time>2026-08-09T11:31:22Z</time>
				<extensions>
					<speed>0.0</speed>
				</extensions>
			</trkpt>
			<trkpt lat="28.55450837" lon="77.21263824">
				<ele>181.919189453125</ele>
				<time>2026-08-09T11:31:23Z</time>
				<extensions>
					<speed>0.0</speed>
				</extensions>
			</trkpt>
			<trkpt lat="28.55450851" lon="77.21263816">
				<ele>181.93414306640625</ele>
				<time>2026-08-09T11:31:24Z</time>
				<extensions>
					<speed>0.0</speed>
				</extensions>
			</trkpt>
			<trkpt lat="28.55450862" lon="77.21263807">
				<ele>181.92864990234375</ele>
				<time>2026-08-09T11:31:25Z</time>
				<extensions>
					<speed>0.0</speed>
				</extensions>
			</trkpt>
			<trkpt lat="28.55450865" lon="77.21263806">
				<ele>181.9244384765625</ele>
				<time>2026-08-09T11:31:26Z</time>
				<extensions>
					<speed>0.0</speed>
				</extensions>
			</trkpt>
			<trkpt lat="28.55450863" lon="77.21263805">
				<ele>181.91986083984375</ele>
				<time>2026-08-09T11:31:27Z</time>
				<extensions>
					<speed>0.0</speed>
				</extensions>
			</trkpt>
			<trkpt lat="28.5545086" lon="77.21263802">
				<ele>181.90576171875</ele>
				<time>2026-08-09T11:31:28Z</time>
				<extensions>
					<speed>0.0</speed>
				</extensions>
			</trkpt>
			<trkpt lat="28.5545086" lon="77.21263799">
				<ele>181.90032958984375</ele>
				<time>2026-08-09T11:31:29Z</time>
				<extensions>
					<speed>0.0</speed>
				</extensions>
			</trkpt>
			<trkpt lat="28.55450859" lon="77.21263795">
				<ele>181.89178466796875</ele>
				<time>2026-08-09T11:31:30Z</time>
				<extensions>
					<speed>0.0</speed>
				</extensions>
			</trkpt>
			<trkpt lat="28.55450902" lon="77.21263778">
				<ele>181.92333984375</ele>
				<time>2026-08-09T11:31:31Z</time>
				<extensions>
					<speed>0.0</speed>
				</extensions>
			</trkpt>
			<trkpt lat="28.55450913" lon="77.21263773">
				<ele>181.9212646484375</ele>
				<time>2026-08-09T11:31:32Z</time>
				<extensions>
					<speed>0.0</speed>
				</extensions>
			</trkpt>
			<trkpt lat="28.55450916" lon="77.2126377">
				<ele>181.92169189453125</ele>
				<time>2026-08-09T11:31:33Z</time>
				<extensions>
					<speed>0.0</speed>
				</extensions>
			</trkpt>
			<trkpt lat="28.55450918" lon="77.21263765">
				<ele>181.916748046875</ele>
				<time>2026-08-09T11:31:34Z</time>
				<extensions>
					<speed>0.0</speed>
				</extensions>
			</trkpt>
			<trkpt lat="28.55450917" lon="77.21263761">
				<ele>181.9156494140625</ele>
				<time>2026-08-09T11:31:35Z</time>
				<extensions>
					<speed>0.0</speed>
				</extensions>
			</trkpt>
			<trkpt lat="28.55450935" lon="77.21263757">
				<ele>181.94696044921875</ele>
				<time>2026-08-09T11:31:36Z</time>
				<extensions>
					<speed>0.0</speed>
				</extensions>
			</trkpt>
			<trkpt lat="28.55450949" lon="77.21263753">
				<ele>181.948486328125</ele>
				<time>2026-08-09T11:31:37Z</time>
				<extensions>
					<speed>0.0</speed>
				</extensions>
			</trkpt>
			<trkpt lat="28.5545095" lon="77.21263751">
				<ele>181.94525146484375</ele>
				<time>2026-08-09T11:31:38Z</time>
				<extensions>
					<speed>0.0</speed>
				</extensions>
			</trkpt>
			<trkpt lat="28.55450947" lon="77.2126375">
				<ele>181.94677734375</ele>
				<time>2026-08-09T11:31:39Z</time>
				<extensions>
					<speed>0.0</speed>
				</extensions>
			</trkpt>
			<trkpt lat="28.55450459" lon="77.21264354">
				<ele>181.1700439453125</ele>
				<time>2026-08-09T11:31:40Z</time>
				<extensions>
					<speed>1.4800000190734863</speed>
				</extensions>
			</trkpt>
			<trkpt lat="28.5544969" lon="77.21265692">
				<ele>180.17010498046875</ele>
				<time>2026-08-09T11:31:41Z</time>
				<extensions>
					<speed>1.909999966621399</speed>
				</extensions>
			</trkpt>
			<trkpt lat="28.55448555" lon="77.21267667">
				<ele>180.1959228515625</ele>
				<time>2026-08-09T11:31:42Z</time>
				<extensions>
					<speed>2.690000057220459</speed>
				</extensions>
			</trkpt>
			<trkpt lat="28.55447164" lon="77.21269811">
				<ele>180.37890625</ele>
				<time>2026-08-09T11:31:43Z</time>
				<extensions>
					<speed>2.640000104904175</speed>
				</extensions>
			</trkpt>
			<trkpt lat="28.55445304" lon="77.21271901">
				<ele>180.3719482421875</ele>
				<time>2026-08-09T11:31:44Z</time>
				<extensions>
					<speed>3.3499999046325684</speed>
				</extensions>
			</trkpt>
			<trkpt lat="28.55442829" lon="77.21273931">
				<ele>180.4940185546875</ele>
				<time>2026-08-09T11:31:45Z</time>
				<extensions>
					<speed>3.5899999141693115</speed>
				</extensions>
			</trkpt>
			<trkpt lat="28.5543992" lon="77.2127574">
				<ele>179.7691650390625</ele>
				<time>2026-08-09T11:31:46Z</time>
				<extensions>
					<speed>3.9800000190734863</speed>
				</extensions>
			</trkpt>
			<trkpt lat="28.55436381" lon="77.21277042">
				<ele>179.8311767578125</ele>
				<time>2026-08-09T11:31:47Z</time>
				<extensions>
					<speed>4.449999809265137</speed>
				</extensions>
			</trkpt>
			<trkpt lat="28.55432397" lon="77.21277618">
				<ele>180.01513671875</ele>
				<time>2026-08-09T11:31:48Z</time>
				<extensions>
					<speed>4.519999980926514</speed>
				</extensions>
			</trkpt>
			<trkpt lat="28.5542793" lon="77.21276855">
				<ele>179.5936279296875</ele>
				<time>2026-08-09T11:31:49Z</time>
				<extensions>
					<speed>5.0</speed>
				</extensions>
			</trkpt>
			<trkpt lat="28.55423759" lon="77.2127584">
				<ele>179.33984375</ele>
				<time>2026-08-09T11:31:50Z</time>
				<extensions>
					<speed>5.019999980926514</speed>
				</extensions>
			</trkpt>
			<trkpt lat="28.55419523" lon="77.21273757">
				<ele>179.1707763671875</ele>
				<time>2026-08-09T11:31:51Z</time>
				<extensions>
					<speed>5.639999866485596</speed>
				</extensions>
			</trkpt>
			<trkpt lat="28.55414781" lon="77.21270573">
				<ele>178.89056396484375</ele>
				<time>2026-08-09T11:31:52Z</time>
				<extensions>
					<speed>6.03000020980835</speed>
				</extensions>
			</trkpt>
			<trkpt lat="28.55410171" lon="77.21267159">
				<ele>177.87506103515625</ele>
				<time>2026-08-09T11:31:53Z</time>
				<extensions>
					<speed>6.159999847412109</speed>
				</extensions>
			</trkpt>
			<trkpt lat="28.55405765" lon="77.21262773">
				<ele>177.98016357421875</ele>
				<time>2026-08-09T11:31:54Z</time>
				<extensions>
					<speed>6.480000019073486</speed>
				</extensions>
			</trkpt>
			<trkpt lat="28.55400877" lon="77.21258123">
				<ele>177.8431396484375</ele>
				<time>2026-08-09T11:31:55Z</time>
				<extensions>
					<speed>6.929999828338623</speed>
				</extensions>
			</trkpt>
			<trkpt lat="28.55396209" lon="77.21253252">
				<ele>178.4654541015625</ele>
				<time>2026-08-09T11:31:56Z</time>
				<extensions>
					<speed>7.03000020980835</speed>
				</extensions>
			</trkpt>
			<trkpt lat="28.55391071" lon="77.2124782">
				<ele>177.9609375</ele>
				<time>2026-08-09T11:31:57Z</time>
				<extensions>
					<speed>7.369999885559082</speed>
				</extensions>
			</trkpt>
			<trkpt lat="28.55385774" lon="77.21242676">
				<ele>177.53936767578125</ele>
				<time>2026-08-09T11:31:58Z</time>
				<extensions>
					<speed>7.480000019073486</speed>
				</extensions>
			</trkpt>
			<trkpt lat="28.5538048" lon="77.21237529">
				<ele>177.3077392578125</ele>
				<time>2026-08-09T11:31:59Z</time>
				<extensions>
					<speed>7.730000019073486</speed>
				</extensions>
			</trkpt>
			<trkpt lat="28.55374924" lon="77.2123216">
				<ele>177.33221435546875</ele>
				<time>2026-08-09T11:32:00Z</time>
				<extensions>
					<speed>7.78000020980835</speed>
				</extensions>
			</trkpt>
			<trkpt lat="28.55369079" lon="77.2122719">
				<ele>177.57257080078125</ele>
				<time>2026-08-09T11:32:01Z</time>
				<extensions>
					<speed>8.069999694824219</speed>
				</extensions>
			</trkpt>
			<trkpt lat="28.55363144" lon="77.21221691">
				<ele>177.8939208984375</ele>
				<time>2026-08-09T11:32:02Z</time>
				<extensions>
					<speed>8.229999542236328</speed>
				</extensions>
			</trkpt>
			<trkpt lat="28.55356795" lon="77.21216764">
				<ele>178.05242919921875</ele>
				<time>2026-08-09T11:32:03Z</time>
				<extensions>
					<speed>8.520000457763672</speed>
				</extensions>
			</trkpt>
			<trkpt lat="28.55350774" lon="77.21212431">
				<ele>178.7640380859375</ele>
				<time>2026-08-09T11:32:04Z</time>
				<extensions>
					<speed>8.270000457763672</speed>
				</extensions>
			</trkpt>
			<trkpt lat="28.55344347" lon="77.21207469">
				<ele>178.8460693359375</ele>
				<time>2026-08-09T11:32:05Z</time>
				<extensions>
					<speed>8.670000076293945</speed>
				</extensions>
			</trkpt>
			<trkpt lat="28.55338003" lon="77.21202013">
				<ele>177.9698486328125</ele>
				<time>2026-08-09T11:32:06Z</time>
				<extensions>
					<speed>8.680000305175781</speed>
				</extensions>
			</trkpt>
			<trkpt lat="28.55331425" lon="77.21197233">
				<ele>178.391845703125</ele>
				<time>2026-08-09T11:32:07Z</time>
				<extensions>
					<speed>8.350000381469727</speed>
				</extensions>
			</trkpt>
			<trkpt lat="28.55324676" lon="77.21192717">
				<ele>179.24920654296875</ele>
				<time>2026-08-09T11:32:08Z</time>
				<extensions>
					<speed>8.59000015258789</speed>
				</extensions>
			</trkpt>
			<trkpt lat="28.55317541" lon="77.21188024">
				<ele>179.15423583984375</ele>
				<time>2026-08-09T11:32:09Z</time>
				<extensions>
					<speed>8.640000343322754</speed>
				</extensions>
			</trkpt>
			<trkpt lat="28.55311043" lon="77.21183033">
				<ele>179.4276123046875</ele>
				<time>2026-08-09T11:32:10Z</time>
				<extensions>
					<speed>8.710000038146973</speed>
				</extensions>
			</trkpt>
			<trkpt lat="28.55304188" lon="77.21178358">
				<ele>179.79473876953125</ele>
				<time>2026-08-09T11:32:11Z</time>
				<extensions>
					<speed>8.699999809265137</speed>
				</extensions>
			</trkpt>
			<trkpt lat="28.55297748" lon="77.21173738">
				<ele>178.92877197265625</ele>
				<time>2026-08-09T11:32:12Z</time>
				<extensions>
					<speed>8.529999732971191</speed>
				</extensions>
			</trkpt>
			<trkpt lat="28.55291258" lon="77.21169521">
				<ele>178.368408203125</ele>
				<time>2026-08-09T11:32:13Z</time>
				<extensions>
					<speed>8.460000038146973</speed>
				</extensions>
			</trkpt>
			<trkpt lat="28.55284725" lon="77.21165846">
				<ele>179.0985107421875</ele>
				<time>2026-08-09T11:32:14Z</time>
				<extensions>
					<speed>8.180000305175781</speed>
				</extensions>
			</trkpt>
			<trkpt lat="28.55278463" lon="77.21162301">
				<ele>178.7855224609375</ele>
				<time>2026-08-09T11:32:15Z</time>
				<extensions>
					<speed>7.920000076293945</speed>
				</extensions>
			</trkpt>
			<trkpt lat="28.55271856" lon="77.21158668">
				<ele>178.935302734375</ele>
				<time>2026-08-09T11:32:16Z</time>
				<extensions>
					<speed>8.3100004196167</speed>
				</extensions>
			</trkpt>
			<trkpt lat="28.55265334" lon="77.21155143">
				<ele>179.0958251953125</ele>
				<time>2026-08-09T11:32:17Z</time>
				<extensions>
					<speed>8.069999694824219</speed>
				</extensions>
			</trkpt>
			<trkpt lat="28.55258555" lon="77.21151412">
				<ele>178.85736083984375</ele>
				<time>2026-08-09T11:32:18Z</time>
				<extensions>
					<speed>8.109999656677246</speed>
				</extensions>
			</trkpt>
			<trkpt lat="28.55252201" lon="77.21148095">
				<ele>178.79931640625</ele>
				<time>2026-08-09T11:32:19Z</time>
				<extensions>
					<speed>7.96999979019165</speed>
				</extensions>
			</trkpt>
			<trkpt lat="28.55246106" lon="77.21144669">
				<ele>178.7764892578125</ele>
				<time>2026-08-09T11:32:20Z</time>
				<extensions>
					<speed>7.570000171661377</speed>
				</extensions>
			</trkpt>
			<trkpt lat="28.55246106" lon="77.21144669">
				<ele>178.7764892578125</ele>
				<time>2026-08-09T11:32:20Z</time>
				<extensions>
					<speed>7.570000171661377</speed>
				</extensions>
			</trkpt>
			<trkpt lat="28.55239955" lon="77.21141711">
				<ele>178.9771728515625</ele>
				<time>2026-08-09T11:32:21Z</time>
				<extensions>
					<speed>7.429999828338623</speed>
				</extensions>
			</trkpt>
			<trkpt lat="28.55234219" lon="77.21139229">
				<ele>179.25616455078125</ele>
				<time>2026-08-09T11:32:22Z</time>
				<extensions>
					<speed>6.550000190734863</speed>
				</extensions>
			</trkpt>
			<trkpt lat="28.55229248" lon="77.21137128">
				<ele>179.3017578125</ele>
				<time>2026-08-09T11:32:23Z</time>
				<extensions>
					<speed>5.960000038146973</speed>
				</extensions>
			</trkpt>
			<trkpt lat="28.55224388" lon="77.21135761">
				<ele>179.39056396484375</ele>
				<time>2026-08-09T11:32:24Z</time>
				<extensions>
					<speed>5.21999979019165</speed>
				</extensions>
			</trkpt>
			<trkpt lat="28.55220003" lon="77.21134566">
				<ele>179.4017333984375</ele>
				<time>2026-08-09T11:32:25Z</time>
				<extensions>
					<speed>4.730000019073486</speed>
				</extensions>
			</trkpt>
			<trkpt lat="28.55216464" lon="77.21133584">
				<ele>178.8798828125</ele>
				<time>2026-08-09T11:32:26Z</time>
				<extensions>
					<speed>3.700000047683716</speed>
				</extensions>
			</trkpt>
			<trkpt lat="28.55213967" lon="77.21133256">
				<ele>179.52801513671875</ele>
				<time>2026-08-09T11:32:27Z</time>
				<extensions>
					<speed>2.2300000190734863</speed>
				</extensions>
			</trkpt>
			<trkpt lat="28.55212259" lon="77.21133079">
				<ele>179.674560546875</ele>
				<time>2026-08-09T11:32:28Z</time>
				<extensions>
					<speed>1.7699999809265137</speed>
				</extensions>
			</trkpt>
			<trkpt lat="28.5521066" lon="77.21132462">
				<ele>179.910400390625</ele>
				<time>2026-08-09T11:32:29Z</time>
				<extensions>
					<speed>1.8600000143051147</speed>
				</extensions>
			</trkpt>
			<trkpt lat="28.55209486" lon="77.2113204">
				<ele>179.4783935546875</ele>
				<time>2026-08-09T11:32:30Z</time>
				<extensions>
					<speed>1.2799999713897705</speed>
				</extensions>
			</trkpt>
			<trkpt lat="28.55209132" lon="77.21131805">
				<ele>180.2459716796875</ele>
				<time>2026-08-09T11:32:31Z</time>
				<extensions>
					<speed>0.4699999988079071</speed>
				</extensions>
			</trkpt>
			<trkpt lat="28.55209291" lon="77.21131743">
				<ele>180.15496826171875</ele>
				<time>2026-08-09T11:32:32Z</time>
				<extensions>
					<speed>0.0</speed>
				</extensions>
			</trkpt>
			<trkpt lat="28.55209325" lon="77.21131787">
				<ele>179.533203125</ele>
				<time>2026-08-09T11:32:33Z</time>
				<extensions>
					<speed>0.0</speed>
				</extensions>
			</trkpt>
			<trkpt lat="28.552089" lon="77.21131809">
				<ele>179.2340087890625</ele>
				<time>2026-08-09T11:32:34Z</time>
				<extensions>
					<speed>0.6299999952316284</speed>
				</extensions>
			</trkpt>
			<trkpt lat="28.55207677" lon="77.21131423">
				<ele>179.034423828125</ele>
				<time>2026-08-09T11:32:35Z</time>
				<extensions>
					<speed>1.4500000476837158</speed>
				</extensions>
			</trkpt>
			<trkpt lat="28.55206173" lon="77.21131063">
				<ele>178.9324951171875</ele>
				<time>2026-08-09T11:32:36Z</time>
				<extensions>
					<speed>1.659999966621399</speed>
				</extensions>
			</trkpt>
			<trkpt lat="28.55204418" lon="77.21130613">
				<ele>178.076904296875</ele>
				<time>2026-08-09T11:32:37Z</time>
				<extensions>
					<speed>1.6699999570846558</speed>
				</extensions>
			</trkpt>
			<trkpt lat="28.55202432" lon="77.21130397">
				<ele>178.6195068359375</ele>
				<time>2026-08-09T11:32:38Z</time>
				<extensions>
					<speed>2.049999952316284</speed>
				</extensions>
			</trkpt>
			<trkpt lat="28.55199945" lon="77.21129987">
				<ele>178.8350830078125</ele>
				<time>2026-08-09T11:32:39Z</time>
				<extensions>
					<speed>2.7300000190734863</speed>
				</extensions>
			</trkpt>
			<trkpt lat="28.55196948" lon="77.21129501">
				<ele>178.857421875</ele>
				<time>2026-08-09T11:32:40Z</time>
				<extensions>
					<speed>3.2200000286102295</speed>
				</extensions>
			</trkpt>
			<trkpt lat="28.55193813" lon="77.21128789">
				<ele>178.2215576171875</ele>
				<time>2026-08-09T11:32:41Z</time>
				<extensions>
					<speed>3.390000104904175</speed>
				</extensions>
			</trkpt>
			<trkpt lat="28.55190475" lon="77.21127918">
				<ele>178.6348876953125</ele>
				<time>2026-08-09T11:32:42Z</time>
				<extensions>
					<speed>3.559999942779541</speed>
				</extensions>
			</trkpt>
			<trkpt lat="28.55187105" lon="77.2112675">
				<ele>179.119384765625</ele>
				<time>2026-08-09T11:32:43Z</time>
				<extensions>
					<speed>3.75</speed>
				</extensions>
			</trkpt>
			<trkpt lat="28.55183826" lon="77.21125334">
				<ele>178.7232666015625</ele>
				<time>2026-08-09T11:32:44Z</time>
				<extensions>
					<speed>3.859999895095825</speed>
				</extensions>
			</trkpt>
			<trkpt lat="28.55180201" lon="77.211239">
				<ele>178.1685791015625</ele>
				<time>2026-08-09T11:32:45Z</time>
				<extensions>
					<speed>4.079999923706055</speed>
				</extensions>
			</trkpt>
			<trkpt lat="28.55176455" lon="77.21122466">
				<ele>178.5809326171875</ele>
				<time>2026-08-09T11:32:46Z</time>
				<extensions>
					<speed>4.300000190734863</speed>
				</extensions>
			</trkpt>
			<trkpt lat="28.55172486" lon="77.21121033">
				<ele>178.6260986328125</ele>
				<time>2026-08-09T11:32:47Z</time>
				<extensions>
					<speed>4.659999847412109</speed>
				</extensions>
			</trkpt>
			<trkpt lat="28.5516851" lon="77.21117723">
				<ele>178.37188720703125</ele>
				<time>2026-08-09T11:32:48Z</time>
				<extensions>
					<speed>5.0</speed>
				</extensions>
			</trkpt>
			<trkpt lat="28.55164473" lon="77.21116338">
				<ele>177.611328125</ele>
				<time>2026-08-09T11:32:49Z</time>
				<extensions>
					<speed>5.099999904632568</speed>
				</extensions>
			</trkpt>
			<trkpt lat="28.55159598" lon="77.21114075">
				<ele>176.848388671875</ele>
				<time>2026-08-09T11:32:50Z</time>
				<extensions>
					<speed>5.389999866485596</speed>
				</extensions>
			</trkpt>
			<trkpt lat="28.55154656" lon="77.21112384">
				<ele>176.713134765625</ele>
				<time>2026-08-09T11:32:51Z</time>
				<extensions>
					<speed>5.639999866485596</speed>
				</extensions>
			</trkpt>
			<trkpt lat="28.55149442" lon="77.21110429">
				<ele>176.734375</ele>
				<time>2026-08-09T11:32:52Z</time>
				<extensions>
					<speed>5.800000190734863</speed>
				</extensions>
			</trkpt>
			<trkpt lat="28.5514419" lon="77.21108761">
				<ele>176.61669921875</ele>
				<time>2026-08-09T11:32:53Z</time>
				<extensions>
					<speed>6.070000171661377</speed>
				</extensions>
			</trkpt>
			<trkpt lat="28.55138667" lon="77.21106726">
				<ele>177.19580078125</ele>
				<time>2026-08-09T11:32:54Z</time>
				<extensions>
					<speed>6.329999923706055</speed>
				</extensions>
			</trkpt>
			<trkpt lat="28.55132583" lon="77.21104429">
				<ele>177.30615234375</ele>
				<time>2026-08-09T11:32:55Z</time>
				<extensions>
					<speed>6.75</speed>
				</extensions>
			</trkpt>
			<trkpt lat="28.55126889" lon="77.2110266">
				<ele>176.57684326171875</ele>
				<time>2026-08-09T11:32:56Z</time>
				<extensions>
					<speed>6.5</speed>
				</extensions>
			</trkpt>
			<trkpt lat="28.5512149" lon="77.21101381">
				<ele>177.08544921875</ele>
				<time>2026-08-09T11:32:57Z</time>
				<extensions>
					<speed>6.210000038146973</speed>
				</extensions>
			</trkpt>
			<trkpt lat="28.55116312" lon="77.21100184">
				<ele>177.9525146484375</ele>
				<time>2026-08-09T11:32:58Z</time>
				<extensions>
					<speed>6.110000133514404</speed>
				</extensions>
			</trkpt>
			<trkpt lat="28.55110302" lon="77.21098253">
				<ele>178.35906982421875</ele>
				<time>2026-08-09T11:32:59Z</time>
				<extensions>
					<speed>6.889999866485596</speed>
				</extensions>
			</trkpt>
			<trkpt lat="28.55103605" lon="77.21095949">
				<ele>178.6505126953125</ele>
				<time>2026-08-09T11:33:00Z</time>
				<extensions>
					<speed>7.079999923706055</speed>
				</extensions>
			</trkpt>
			<trkpt lat="28.55097797" lon="77.21093548">
				<ele>178.88226318359375</ele>
				<time>2026-08-09T11:33:01Z</time>
				<extensions>
					<speed>7.090000152587891</speed>
				</extensions>
			</trkpt>
			<trkpt lat="28.5509149" lon="77.21091144">
				<ele>178.26202392578125</ele>
				<time>2026-08-09T11:33:02Z</time>
				<extensions>
					<speed>7.159999847412109</speed>
				</extensions>
			</trkpt>
			<trkpt lat="28.55085388" lon="77.21087821">
				<ele>179.04779052734375</ele>
				<time>2026-08-09T11:33:03Z</time>
				<extensions>
					<speed>6.690000057220459</speed>
				</extensions>
			</trkpt>
			<trkpt lat="28.55079605" lon="77.21084707">
				<ele>179.537841796875</ele>
				<time>2026-08-09T11:33:04Z</time>
				<extensions>
					<speed>6.860000133514404</speed>
				</extensions>
			</trkpt>
			<trkpt lat="28.5507332" lon="77.21082301">
				<ele>179.7822265625</ele>
				<time>2026-08-09T11:33:05Z</time>
				<extensions>
					<speed>6.949999809265137</speed>
				</extensions>
			</trkpt>
			<trkpt lat="28.55067129" lon="77.2108024">
				<ele>180.2672119140625</ele>
				<time>2026-08-09T11:33:06Z</time>
				<extensions>
					<speed>7.03000020980835</speed>
				</extensions>
			</trkpt>
			<trkpt lat="28.55061345" lon="77.21077526">
				<ele>180.78070068359375</ele>
				<time>2026-08-09T11:33:07Z</time>
				<extensions>
					<speed>6.929999828338623</speed>
				</extensions>
			</trkpt>
			<trkpt lat="28.55056067" lon="77.21074967">
				<ele>181.2725830078125</ele>
				<time>2026-08-09T11:33:08Z</time>
				<extensions>
					<speed>6.639999866485596</speed>
				</extensions>
			</trkpt>
			<trkpt lat="28.55050001" lon="77.21073149">
				<ele>180.9329833984375</ele>
				<time>2026-08-09T11:33:09Z</time>
				<extensions>
					<speed>6.670000076293945</speed>
				</extensions>
			</trkpt>
			<trkpt lat="28.55044966" lon="77.21071745">
				<ele>181.72003173828125</ele>
				<time>2026-08-09T11:33:10Z</time>
				<extensions>
					<speed>5.440000057220459</speed>
				</extensions>
			</trkpt>
			<trkpt lat="28.55039142" lon="77.21069729">
				<ele>181.3690185546875</ele>
				<time>2026-08-09T11:33:11Z</time>
				<extensions>
					<speed>6.25</speed>
				</extensions>
			</trkpt>
			<trkpt lat="28.5503251" lon="77.21068695">
				<ele>178.21466064453125</ele>
				<time>2026-08-09T11:33:12Z</time>
				<extensions>
					<speed>6.670000076293945</speed>
				</extensions>
			</trkpt>
			<trkpt lat="28.55026696" lon="77.21066259">
				<ele>178.2926025390625</ele>
				<time>2026-08-09T11:33:13Z</time>
				<extensions>
					<speed>6.809999942779541</speed>
				</extensions>
			</trkpt>
			<trkpt lat="28.55021088" lon="77.21063892">
				<ele>178.81488037109375</ele>
				<time>2026-08-09T11:33:14Z</time>
				<extensions>
					<speed>6.380000114440918</speed>
				</extensions>
			</trkpt>
			<trkpt lat="28.5501563" lon="77.21062271">
				<ele>178.90155029296875</ele>
				<time>2026-08-09T11:33:15Z</time>
				<extensions>
					<speed>6.210000038146973</speed>
				</extensions>
			</trkpt>
			<trkpt lat="28.55010241" lon="77.21059984">
				<ele>178.458740234375</ele>
				<time>2026-08-09T11:33:16Z</time>
				<extensions>
					<speed>6.21999979019165</speed>
				</extensions>
			</trkpt>
			<trkpt lat="28.55005452" lon="77.21058582">
				<ele>178.16162109375</ele>
				<time>2026-08-09T11:33:17Z</time>
				<extensions>
					<speed>5.590000152587891</speed>
				</extensions>
			</trkpt>
			<trkpt lat="28.55000507" lon="77.21056381">
				<ele>177.9737548828125</ele>
				<time>2026-08-09T11:33:18Z</time>
				<extensions>
					<speed>5.239999771118164</speed>
				</extensions>
			</trkpt>
			<trkpt lat="28.54996149" lon="77.21054788">
				<ele>178.109375</ele>
				<time>2026-08-09T11:33:19Z</time>
				<extensions>
					<speed>4.710000038146973</speed>
				</extensions>
			</trkpt>
			<trkpt lat="28.54992278" lon="77.21053626">
				<ele>178.22943115234375</ele>
				<time>2026-08-09T11:33:20Z</time>
				<extensions>
					<speed>4.21999979019165</speed>
				</extensions>
			</trkpt>
			<trkpt lat="28.54988791" lon="77.21051613">
				<ele>179.079345703125</ele>
				<time>2026-08-09T11:33:21Z</time>
				<extensions>
					<speed>4.369999885559082</speed>
				</extensions>
			</trkpt>
			<trkpt lat="28.54984912" lon="77.2105011">
				<ele>179.25604248046875</ele>
				<time>2026-08-09T11:33:22Z</time>
				<extensions>
					<speed>3.990000009536743</speed>
				</extensions>
			</trkpt>
			<trkpt lat="28.54981691" lon="77.21048816">
				<ele>179.3505859375</ele>
				<time>2026-08-09T11:33:23Z</time>
				<extensions>
					<speed>3.640000104904175</speed>
				</extensions>
			</trkpt>
			<trkpt lat="28.54978948" lon="77.2104807">
				<ele>180.64068603515625</ele>
				<time>2026-08-09T11:33:24Z</time>
				<extensions>
					<speed>3.3499999046325684</speed>
				</extensions>
			</trkpt>
			<trkpt lat="28.54976146" lon="77.2104755">
				<ele>180.9573974609375</ele>
				<time>2026-08-09T11:33:25Z</time>
				<extensions>
					<speed>3.2300000190734863</speed>
				</extensions>
			</trkpt>
			<trkpt lat="28.54973875" lon="77.21046741">
				<ele>180.6629638671875</ele>
				<time>2026-08-09T11:33:26Z</time>
				<extensions>
					<speed>2.859999895095825</speed>
				</extensions>
			</trkpt>
			<trkpt lat="28.54971681" lon="77.21045655">
				<ele>180.71905517578125</ele>
				<time>2026-08-09T11:33:27Z</time>
				<extensions>
					<speed>2.7699999809265137</speed>
				</extensions>
			</trkpt>
			<trkpt lat="28.5496942" lon="77.21045089">
				<ele>180.34490966796875</ele>
				<time>2026-08-09T11:33:28Z</time>
				<extensions>
					<speed>2.569999933242798</speed>
				</extensions>
			</trkpt>
			<trkpt lat="28.54966965" lon="77.21044475">
				<ele>179.78668212890625</ele>
				<time>2026-08-09T11:33:29Z</time>
				<extensions>
					<speed>2.7899999618530273</speed>
				</extensions>
			</trkpt>
			<trkpt lat="28.54964561" lon="77.21044217">
				<ele>179.465087890625</ele>
				<time>2026-08-09T11:33:30Z</time>
				<extensions>
					<speed>2.6600000858306885</speed>
				</extensions>
			</trkpt>
			<trkpt lat="28.54962096" lon="77.21043829">
				<ele>179.97113037109375</ele>
				<time>2026-08-09T11:33:31Z</time>
				<extensions>
					<speed>2.9800000190734863</speed>
				</extensions>
			</trkpt>
			<trkpt lat="28.54959541" lon="77.21043317">
				<ele>180.27545166015625</ele>
				<time>2026-08-09T11:33:32Z</time>
				<extensions>
					<speed>2.819999933242798</speed>
				</extensions>
			</trkpt>
			<trkpt lat="28.549572" lon="77.21042177">
				<ele>180.2076416015625</ele>
				<time>2026-08-09T11:33:33Z</time>
				<extensions>
					<speed>2.619999885559082</speed>
				</extensions>
			</trkpt>
			<trkpt lat="28.54955562" lon="77.2104127">
				<ele>180.43804931640625</ele>
				<time>2026-08-09T11:33:34Z</time>
				<extensions>
					<speed>1.600000023841858</speed>
				</extensions>
			</trkpt>
			<trkpt lat="28.54954524" lon="77.21040757">
				<ele>180.84320068359375</ele>
				<time>2026-08-09T11:33:35Z</time>
				<extensions>
					<speed>1.0399999618530273</speed>
				</extensions>
			</trkpt>
			<trkpt lat="28.54954524" lon="77.21040757">
				<ele>180.84320068359375</ele>
				<time>2026-08-09T11:33:35Z</time>
				<extensions>
					<speed>1.0399999618530273</speed>
				</extensions>
			</trkpt>
			<trkpt lat="28.54953684" lon="77.21040439">
				<ele>180.42559814453125</ele>
				<time>2026-08-09T11:33:36Z</time>
				<extensions>
					<speed>0.8600000143051147</speed>
				</extensions>
			</trkpt>
			<trkpt lat="28.54952605" lon="77.21040229">
				<ele>180.45880126953125</ele>
				<time>2026-08-09T11:33:37Z</time>
				<extensions>
					<speed>1.2599999904632568</speed>
				</extensions>
			</trkpt>
			<trkpt lat="28.54951236" lon="77.21040384">
				<ele>179.9676513671875</ele>
				<time>2026-08-09T11:33:38Z</time>
				<extensions>
					<speed>1.7100000381469727</speed>
				</extensions>
			</trkpt>
			<trkpt lat="28.5494915" lon="77.21040402">
				<ele>179.92156982421875</ele>
				<time>2026-08-09T11:33:39Z</time>
				<extensions>
					<speed>2.680000066757202</speed>
				</extensions>
			</trkpt>
			<trkpt lat="28.54946767" lon="77.21039905">
				<ele>179.641845703125</ele>
				<time>2026-08-09T11:33:40Z</time>
				<extensions>
					<speed>2.6700000762939453</speed>
				</extensions>
			</trkpt>
			<trkpt lat="28.54944327" lon="77.21039236">
				<ele>179.712158203125</ele>
				<time>2026-08-09T11:33:41Z</time>
				<extensions>
					<speed>2.819999933242798</speed>
				</extensions>
			</trkpt>
			<trkpt lat="28.54941739" lon="77.2103827">
				<ele>179.5618896484375</ele>
				<time>2026-08-09T11:33:42Z</time>
				<extensions>
					<speed>3.1500000953674316</speed>
				</extensions>
			</trkpt>
			<trkpt lat="28.5493881" lon="77.21037463">
				<ele>179.4561767578125</ele>
				<time>2026-08-09T11:33:43Z</time>
				<extensions>
					<speed>3.3399999141693115</speed>
				</extensions>
			</trkpt>
			<trkpt lat="28.5493576" lon="77.2103655">
				<ele>179.1224365234375</ele>
				<time>2026-08-09T11:33:44Z</time>
				<extensions>
					<speed>3.5299999713897705</speed>
				</extensions>
			</trkpt>
			<trkpt lat="28.54932758" lon="77.210358">
				<ele>179.0101318359375</ele>
				<time>2026-08-09T11:33:45Z</time>
				<extensions>
					<speed>3.549999952316284</speed>
				</extensions>
			</trkpt>
			<trkpt lat="28.54929611" lon="77.21034889">
				<ele>179.5577392578125</ele>
				<time>2026-08-09T11:33:46Z</time>
				<extensions>
					<speed>3.740000009536743</speed>
				</extensions>
			</trkpt>
			<trkpt lat="28.54926212" lon="77.21033296">
				<ele>177.24627685546875</ele>
				<time>2026-08-09T11:33:47Z</time>
				<extensions>
					<speed>3.700000047683716</speed>
				</extensions>
			</trkpt>
			<trkpt lat="28.54922438" lon="77.21031521">
				<ele>176.73846435546875</ele>
				<time>2026-08-09T11:33:48Z</time>
				<extensions>
					<speed>4.25</speed>
				</extensions>
			</trkpt>
			<trkpt lat="28.54918657" lon="77.21028901">
				<ele>176.5977783203125</ele>
				<time>2026-08-09T11:33:49Z</time>
				<extensions>
					<speed>4.5</speed>
				</extensions>
			</trkpt>
			<trkpt lat="28.54914295" lon="77.21026466">
				<ele>177.3616943359375</ele>
				<time>2026-08-09T11:33:50Z</time>
				<extensions>
					<speed>4.989999771118164</speed>
				</extensions>
			</trkpt>
			<trkpt lat="28.5490853" lon="77.21023931">
				<ele>178.0665283203125</ele>
				<time>2026-08-09T11:33:51Z</time>
				<extensions>
					<speed>5.360000133514404</speed>
				</extensions>
			</trkpt>
			<trkpt lat="28.54903332" lon="77.21021955">
				<ele>177.24676513671875</ele>
				<time>2026-08-09T11:33:52Z</time>
				<extensions>
					<speed>5.429999828338623</speed>
				</extensions>
			</trkpt>
			<trkpt lat="28.54897814" lon="77.21019614">
				<ele>176.829833984375</ele>
				<time>2026-08-09T11:33:53Z</time>
				<extensions>
					<speed>6.090000152587891</speed>
				</extensions>
			</trkpt>
			<trkpt lat="28.5489216" lon="77.21017795">
				<ele>177.55078125</ele>
				<time>2026-08-09T11:33:54Z</time>
				<extensions>
					<speed>6.179999828338623</speed>
				</extensions>
			</trkpt>
			<trkpt lat="28.54886472" lon="77.21015914">
				<ele>178.22222900390625</ele>
				<time>2026-08-09T11:33:55Z</time>
				<extensions>
					<speed>6.53000020980835</speed>
				</extensions>
			</trkpt>
			<trkpt lat="28.54880664" lon="77.21013635">
				<ele>178.501953125</ele>
				<time>2026-08-09T11:33:56Z</time>
				<extensions>
					<speed>6.800000190734863</speed>
				</extensions>
			</trkpt>
			<trkpt lat="28.54875259" lon="77.21011209">
				<ele>177.462158203125</ele>
				<time>2026-08-09T11:33:57Z</time>
				<extensions>
					<speed>7.170000076293945</speed>
				</extensions>
			</trkpt>
			<trkpt lat="28.54868507" lon="77.21008963">
				<ele>176.0103759765625</ele>
				<time>2026-08-09T11:33:58Z</time>
				<extensions>
					<speed>7.360000133514404</speed>
				</extensions>
			</trkpt>
			<trkpt lat="28.54862161" lon="77.21006793">
				<ele>176.1514892578125</ele>
				<time>2026-08-09T11:33:59Z</time>
				<extensions>
					<speed>7.420000076293945</speed>
				</extensions>
			</trkpt>
			<trkpt lat="28.54854869" lon="77.21004476">
				<ele>175.266357421875</ele>
				<time>2026-08-09T11:34:00Z</time>
				<extensions>
					<speed>7.480000019073486</speed>
				</extensions>
			</trkpt>
			<trkpt lat="28.54849097" lon="77.21002371">
				<ele>174.11895751953125</ele>
				<time>2026-08-09T11:34:01Z</time>
				<extensions>
					<speed>7.730000019073486</speed>
				</extensions>
			</trkpt>
			<trkpt lat="28.54842329" lon="77.21000748">
				<ele>173.3883056640625</ele>
				<time>2026-08-09T11:34:02Z</time>
				<extensions>
					<speed>7.849999904632568</speed>
				</extensions>
			</trkpt>
			<trkpt lat="28.54842329" lon="77.21000748">
				<ele>173.3883056640625</ele>
				<time>2026-08-09T11:34:02Z</time>
				<extensions>
					<speed>7.849999904632568</speed>
				</extensions>
			</trkpt>
			<trkpt lat="28.54836216" lon="77.20999867">
				<ele>174.28338623046875</ele>
				<time>2026-08-09T11:34:03Z</time>
				<extensions>
					<speed>7.420000076293945</speed>
				</extensions>
			</trkpt>
			<trkpt lat="28.54829436" lon="77.20997309">
				<ele>174.38671875</ele>
				<time>2026-08-09T11:34:04Z</time>
				<extensions>
					<speed>8.279999732971191</speed>
				</extensions>
			</trkpt>
			<trkpt lat="28.54822395" lon="77.20994733">
				<ele>175.02886962890625</ele>
				<time>2026-08-09T11:34:05Z</time>
				<extensions>
					<speed>8.449999809265137</speed>
				</extensions>
			</trkpt>
			<trkpt lat="28.54815372" lon="77.20992317">
				<ele>175.5440673828125</ele>
				<time>2026-08-09T11:34:06Z</time>
				<extensions>
					<speed>8.180000305175781</speed>
				</extensions>
			</trkpt>
			<trkpt lat="28.54808302" lon="77.20989845">
				<ele>176.4754638671875</ele>
				<time>2026-08-09T11:34:07Z</time>
				<extensions>
					<speed>7.71999979019165</speed>
				</extensions>
			</trkpt>
			<trkpt lat="28.54800826" lon="77.20986873">
				<ele>176.28955078125</ele>
				<time>2026-08-09T11:34:08Z</time>
				<extensions>
					<speed>8.869999885559082</speed>
				</extensions>
			</trkpt>
			<trkpt lat="28.54793257" lon="77.20984499">
				<ele>176.1185302734375</ele>
				<time>2026-08-09T11:34:09Z</time>
				<extensions>
					<speed>8.84000015258789</speed>
				</extensions>
			</trkpt>
			<trkpt lat="28.54785711" lon="77.20981767">
				<ele>176.791015625</ele>
				<time>2026-08-09T11:34:10Z</time>
				<extensions>
					<speed>8.680000305175781</speed>
				</extensions>
			</trkpt>
			<trkpt lat="28.54778493" lon="77.20979422">
				<ele>176.9091796875</ele>
				<time>2026-08-09T11:34:11Z</time>
				<extensions>
					<speed>7.809999942779541</speed>
				</extensions>
			</trkpt>
			<trkpt lat="28.54770228" lon="77.20976555">
				<ele>177.57562255859375</ele>
				<time>2026-08-09T11:34:12Z</time>
				<extensions>
					<speed>8.850000381469727</speed>
				</extensions>
			</trkpt>
			<trkpt lat="28.54762222" lon="77.20973466">
				<ele>177.3988037109375</ele>
				<time>2026-08-09T11:34:13Z</time>
				<extensions>
					<speed>9.029999732971191</speed>
				</extensions>
			</trkpt>
			<trkpt lat="28.54754038" lon="77.2097055">
				<ele>177.25750732421875</ele>
				<time>2026-08-09T11:34:14Z</time>
				<extensions>
					<speed>9.119999885559082</speed>
				</extensions>
			</trkpt>
			<trkpt lat="28.54746648" lon="77.20968095">
				<ele>178.50103759765625</ele>
				<time>2026-08-09T11:34:15Z</time>
				<extensions>
					<speed>8.579999923706055</speed>
				</extensions>
			</trkpt>
			<trkpt lat="28.54738579" lon="77.20965464">
				<ele>178.68609619140625</ele>
				<time>2026-08-09T11:34:16Z</time>
				<extensions>
					<speed>9.050000190734863</speed>
				</extensions>
			</trkpt>
			<trkpt lat="28.54729862" lon="77.20961944">
				<ele>178.70220947265625</ele>
				<time>2026-08-09T11:34:17Z</time>
				<extensions>
					<speed>9.579999923706055</speed>
				</extensions>
			</trkpt>
			<trkpt lat="28.54722632" lon="77.20959586">
				<ele>178.96392822265625</ele>
				<time>2026-08-09T11:34:18Z</time>
				<extensions>
					<speed>8.770000457763672</speed>
				</extensions>
			</trkpt>
			<trkpt lat="28.54714258" lon="77.20956626">
				<ele>179.18212890625</ele>
				<time>2026-08-09T11:34:19Z</time>
				<extensions>
					<speed>9.170000076293945</speed>
				</extensions>
			</trkpt>
			<trkpt lat="28.54706204" lon="77.20953371">
				<ele>178.49267578125</ele>
				<time>2026-08-09T11:34:20Z</time>
				<extensions>
					<speed>9.279999732971191</speed>
				</extensions>
			</trkpt>
			<trkpt lat="28.54698442" lon="77.20950088">
				<ele>178.91796875</ele>
				<time>2026-08-09T11:34:21Z</time>
				<extensions>
					<speed>8.899999618530273</speed>
				</extensions>
			</trkpt>
			<trkpt lat="28.5469114" lon="77.20949224">
				<ele>180.90673828125</ele>
				<time>2026-08-09T11:34:22Z</time>
				<extensions>
					<speed>9.029999732971191</speed>
				</extensions>
			</trkpt>
			<trkpt lat="28.54682262" lon="77.20945202">
				<ele>180.56134033203125</ele>
				<time>2026-08-09T11:34:23Z</time>
				<extensions>
					<speed>9.40999984741211</speed>
				</extensions>
			</trkpt>
			<trkpt lat="28.54673309" lon="77.20941259">
				<ele>179.82232666015625</ele>
				<time>2026-08-09T11:34:24Z</time>
				<extensions>
					<speed>9.59000015258789</speed>
				</extensions>
			</trkpt>
			<trkpt lat="28.54665215" lon="77.20938109">
				<ele>180.613037109375</ele>
				<time>2026-08-09T11:34:25Z</time>
				<extensions>
					<speed>9.569999694824219</speed>
				</extensions>
			</trkpt>
			<trkpt lat="28.5465735" lon="77.20935755">
				<ele>181.368408203125</ele>
				<time>2026-08-09T11:34:26Z</time>
				<extensions>
					<speed>8.75</speed>
				</extensions>
			</trkpt>
			<trkpt lat="28.54648831" lon="77.20933028">
				<ele>182.237548828125</ele>
				<time>2026-08-09T11:34:27Z</time>
				<extensions>
					<speed>9.609999656677246</speed>
				</extensions>
			</trkpt>
			<trkpt lat="28.5464039" lon="77.2093069">
				<ele>181.9197998046875</ele>
				<time>2026-08-09T11:34:28Z</time>
				<extensions>
					<speed>9.539999961853027</speed>
				</extensions>
			</trkpt>
			<trkpt lat="28.54631895" lon="77.2092774">
				<ele>181.792236328125</ele>
				<time>2026-08-09T11:34:29Z</time>
				<extensions>
					<speed>9.6899995803833</speed>
				</extensions>
			</trkpt>
			<trkpt lat="28.54623232" lon="77.20924658">
				<ele>182.05291748046875</ele>
				<time>2026-08-09T11:34:30Z</time>
				<extensions>
					<speed>9.699999809265137</speed>
				</extensions>
			</trkpt>
			<trkpt lat="28.54614279" lon="77.20922505">
				<ele>182.22442626953125</ele>
				<time>2026-08-09T11:34:31Z</time>
				<extensions>
					<speed>9.75</speed>
				</extensions>
			</trkpt>
			<trkpt lat="28.54605648" lon="77.20919969">
				<ele>182.51654052734375</ele>
				<time>2026-08-09T11:34:32Z</time>
				<extensions>
					<speed>9.9399995803833</speed>
				</extensions>
			</trkpt>
			<trkpt lat="28.54597188" lon="77.20917218">
				<ele>182.4552001953125</ele>
				<time>2026-08-09T11:34:33Z</time>
				<extensions>
					<speed>10.079999923706055</speed>
				</extensions>
			</trkpt>
			<trkpt lat="28.545883" lon="77.20914732">
				<ele>182.55279541015625</ele>
				<time>2026-08-09T11:34:34Z</time>
				<extensions>
					<speed>10.170000076293945</speed>
				</extensions>
			</trkpt>
			<trkpt lat="28.54579452" lon="77.20912391">
				<ele>182.8114013671875</ele>
				<time>2026-08-09T11:34:35Z</time>
				<extensions>
					<speed>10.020000457763672</speed>
				</extensions>
			</trkpt>
			<trkpt lat="28.545702" lon="77.20910109">
				<ele>183.3846435546875</ele>
				<time>2026-08-09T11:34:36Z</time>
				<extensions>
					<speed>10.390000343322754</speed>
				</extensions>
			</trkpt>
			<trkpt lat="28.54561141" lon="77.20908398">
				<ele>182.5869140625</ele>
				<time>2026-08-09T11:34:37Z</time>
				<extensions>
					<speed>10.329999923706055</speed>
				</extensions>
			</trkpt>
			<trkpt lat="28.54552406" lon="77.20906713">
				<ele>182.9598388671875</ele>
				<time>2026-08-09T11:34:38Z</time>
				<extensions>
					<speed>9.899999618530273</speed>
				</extensions>
			</trkpt>
			<trkpt lat="28.54543561" lon="77.20905196">
				<ele>182.82720947265625</ele>
				<time>2026-08-09T11:34:39Z</time>
				<extensions>
					<speed>10.15999984741211</speed>
				</extensions>
			</trkpt>
			<trkpt lat="28.54534008" lon="77.20903649">
				<ele>182.87652587890625</ele>
				<time>2026-08-09T11:34:40Z</time>
				<extensions>
					<speed>10.119999885559082</speed>
				</extensions>
			</trkpt>
			<trkpt lat="28.5452558" lon="77.20902516">
				<ele>182.38330078125</ele>
				<time>2026-08-09T11:34:41Z</time>
				<extensions>
					<speed>9.460000038146973</speed>
				</extensions>
			</trkpt>
			<trkpt lat="28.54517101" lon="77.20901664">
				<ele>181.2537841796875</ele>
				<time>2026-08-09T11:34:42Z</time>
				<extensions>
					<speed>9.369999885559082</speed>
				</extensions>
			</trkpt>
			<trkpt lat="28.54508968" lon="77.20900715">
				<ele>181.007568359375</ele>
				<time>2026-08-09T11:34:43Z</time>
				<extensions>
					<speed>8.979999542236328</speed>
				</extensions>
			</trkpt>
			<trkpt lat="28.54501181" lon="77.2089972">
				<ele>181.04962158203125</ele>
				<time>2026-08-09T11:34:44Z</time>
				<extensions>
					<speed>8.270000457763672</speed>
				</extensions>
			</trkpt>
			<trkpt lat="28.54494248" lon="77.20899104">
				<ele>179.74560546875</ele>
				<time>2026-08-09T11:34:45Z</time>
				<extensions>
					<speed>7.199999809265137</speed>
				</extensions>
			</trkpt>
			<trkpt lat="28.54489282" lon="77.20899342">
				<ele>179.47943115234375</ele>
				<time>2026-08-09T11:34:46Z</time>
				<extensions>
					<speed>5.71999979019165</speed>
				</extensions>
			</trkpt>
			<trkpt lat="28.54485714" lon="77.20899589">
				<ele>181.158203125</ele>
				<time>2026-08-09T11:34:47Z</time>
				<extensions>
					<speed>4.639999866485596</speed>
				</extensions>
			</trkpt>
			<trkpt lat="28.54482137" lon="77.2089976">
				<ele>181.582275390625</ele>
				<time>2026-08-09T11:34:48Z</time>
				<extensions>
					<speed>3.75</speed>
				</extensions>
			</trkpt>
			<trkpt lat="28.54479613" lon="77.20899196">
				<ele>180.80902099609375</ele>
				<time>2026-08-09T11:34:49Z</time>
				<extensions>
					<speed>2.6600000858306885</speed>
				</extensions>
			</trkpt>
			<trkpt lat="28.54477493" lon="77.20899194">
				<ele>181.10736083984375</ele>
				<time>2026-08-09T11:34:50Z</time>
				<extensions>
					<speed>2.4200000762939453</speed>
				</extensions>
			</trkpt>
			<trkpt lat="28.54475427" lon="77.20899039">
				<ele>181.09686279296875</ele>
				<time>2026-08-09T11:34:51Z</time>
				<extensions>
					<speed>2.140000104904175</speed>
				</extensions>
			</trkpt>
			<trkpt lat="28.54473899" lon="77.20898924">
				<ele>181.6192626953125</ele>
				<time>2026-08-09T11:34:52Z</time>
				<extensions>
					<speed>1.75</speed>
				</extensions>
			</trkpt>
			<trkpt lat="28.54472367" lon="77.20898752">
				<ele>181.68548583984375</ele>
				<time>2026-08-09T11:34:53Z</time>
				<extensions>
					<speed>1.8200000524520874</speed>
				</extensions>
			</trkpt>
			<trkpt lat="28.54471462" lon="77.20898529">
				<ele>181.5447998046875</ele>
				<time>2026-08-09T11:34:54Z</time>
				<extensions>
					<speed>1.0</speed>
				</extensions>
			</trkpt>
			<trkpt lat="28.54471356" lon="77.20898445">
				<ele>180.81829833984375</ele>
				<time>2026-08-09T11:34:55Z</time>
				<extensions>
					<speed>0.0</speed>
				</extensions>
			</trkpt>
			<trkpt lat="28.54471843" lon="77.20898448">
				<ele>181.024658203125</ele>
				<time>2026-08-09T11:34:56Z</time>
				<extensions>
					<speed>0.0</speed>
				</extensions>
			</trkpt>
			<trkpt lat="28.54472085" lon="77.2089839">
				<ele>180.87188720703125</ele>
				<time>2026-08-09T11:34:57Z</time>
				<extensions>
					<speed>0.0</speed>
				</extensions>
			</trkpt>
			<trkpt lat="28.54472332" lon="77.20898384">
				<ele>181.3917236328125</ele>
				<time>2026-08-09T11:34:58Z</time>
				<extensions>
					<speed>0.0</speed>
				</extensions>
			</trkpt>
			<trkpt lat="28.54472263" lon="77.20898323">
				<ele>181.6600341796875</ele>
				<time>2026-08-09T11:34:59Z</time>
				<extensions>
					<speed>0.0</speed>
				</extensions>
			</trkpt>
			<trkpt lat="28.54472228" lon="77.20898308">
				<ele>181.911376953125</ele>
				<time>2026-08-09T11:35:00Z</time>
				<extensions>
					<speed>0.0</speed>
				</extensions>
			</trkpt>
			<trkpt lat="28.54472303" lon="77.20898387">
				<ele>181.9703369140625</ele>
				<time>2026-08-09T11:35:01Z</time>
				<extensions>
					<speed>0.0</speed>
				</extensions>
			</trkpt>
			<trkpt lat="28.54472398" lon="77.20898411">
				<ele>182.33746337890625</ele>
				<time>2026-08-09T11:35:02Z</time>
				<extensions>
					<speed>0.0</speed>
				</extensions>
			</trkpt>
			<trkpt lat="28.54472496" lon="77.20898445">
				<ele>182.3341064453125</ele>
				<time>2026-08-09T11:35:03Z</time>
				<extensions>
					<speed>0.0</speed>
				</extensions>
			</trkpt>
			<trkpt lat="28.54472638" lon="77.20898482">
				<ele>182.16644287109375</ele>
				<time>2026-08-09T11:35:04Z</time>
				<extensions>
					<speed>0.0</speed>
				</extensions>
			</trkpt>
			<trkpt lat="28.54472741" lon="77.20898476">
				<ele>182.292724609375</ele>
				<time>2026-08-09T11:35:05Z</time>
				<extensions>
					<speed>0.0</speed>
				</extensions>
			</trkpt>
			<trkpt lat="28.54472766" lon="77.20898515">
				<ele>182.4564208984375</ele>
				<time>2026-08-09T11:35:06Z</time>
				<extensions>
					<speed>0.0</speed>
				</extensions>
			</trkpt>
			<trkpt lat="28.54472794" lon="77.20898562">
				<ele>182.5247802734375</ele>
				<time>2026-08-09T11:35:07Z</time>
				<extensions>
					<speed>0.0</speed>
				</extensions>
			</trkpt>
			<trkpt lat="28.54472806" lon="77.2089858">
				<ele>182.58074951171875</ele>
				<time>2026-08-09T11:35:08Z</time>
				<extensions>
					<speed>0.0</speed>
				</extensions>
			</trkpt>
			<trkpt lat="28.54472811" lon="77.20898589">
				<ele>182.5836181640625</ele>
				<time>2026-08-09T11:35:09Z</time>
				<extensions>
					<speed>0.0</speed>
				</extensions>
			</trkpt>
			<trkpt lat="28.54472804" lon="77.20898587">
				<ele>182.573486328125</ele>
				<time>2026-08-09T11:35:10Z</time>
				<extensions>
					<speed>0.0</speed>
				</extensions>
			</trkpt>
			<trkpt lat="28.5447279" lon="77.20898551">
				<ele>182.5631103515625</ele>
				<time>2026-08-09T11:35:11Z</time>
				<extensions>
					<speed>0.0</speed>
				</extensions>
			</trkpt>
			<trkpt lat="28.54472786" lon="77.20898544">
				<ele>182.56304931640625</ele>
				<time>2026-08-09T11:35:12Z</time>
				<extensions>
					<speed>0.0</speed>
				</extensions>
			</trkpt>
			<trkpt lat="28.54472783" lon="77.20898541">
				<ele>182.56500244140625</ele>
				<time>2026-08-09T11:35:13Z</time>
				<extensions>
					<speed>0.0</speed>
				</extensions>
			</trkpt>
			<trkpt lat="28.54472782" lon="77.20898543">
				<ele>182.5716552734375</ele>
				<time>2026-08-09T11:35:14Z</time>
				<extensions>
					<speed>0.0</speed>
				</extensions>
			</trkpt>
			<trkpt lat="28.5447278" lon="77.20898544">
				<ele>182.578125</ele>
				<time>2026-08-09T11:35:15Z</time>
				<extensions>
					<speed>0.0</speed>
				</extensions>
			</trkpt>
			<trkpt lat="28.5447278" lon="77.20898547">
				<ele>182.58551025390625</ele>
				<time>2026-08-09T11:35:16Z</time>
				<extensions>
					<speed>0.0</speed>
				</extensions>
			</trkpt>
			<trkpt lat="28.5447277" lon="77.20898514">
				<ele>182.5765380859375</ele>
				<time>2026-08-09T11:35:17Z</time>
				<extensions>
					<speed>0.0</speed>
				</extensions>
			</trkpt>
			<trkpt lat="28.54472768" lon="77.20898505">
				<ele>182.58123779296875</ele>
				<time>2026-08-09T11:35:18Z</time>
				<extensions>
					<speed>0.0</speed>
				</extensions>
			</trkpt>
			<trkpt lat="28.54472767" lon="77.20898501">
				<ele>182.5841064453125</ele>
				<time>2026-08-09T11:35:19Z</time>
				<extensions>
					<speed>0.0</speed>
				</extensions>
			</trkpt>
			<trkpt lat="28.54472766" lon="77.20898499">
				<ele>182.5894775390625</ele>
				<time>2026-08-09T11:35:20Z</time>
				<extensions>
					<speed>0.0</speed>
				</extensions>
			</trkpt>
			<trkpt lat="28.54472764" lon="77.20898499">
				<ele>182.5911865234375</ele>
				<time>2026-08-09T11:35:21Z</time>
				<extensions>
					<speed>0.0</speed>
				</extensions>
			</trkpt>
			<trkpt lat="28.54472763" lon="77.20898499">
				<ele>182.59283447265625</ele>
				<time>2026-08-09T11:35:22Z</time>
				<extensions>
					<speed>0.0</speed>
				</extensions>
			</trkpt>
			<trkpt lat="28.54472753" lon="77.20898466">
				<ele>182.58544921875</ele>
				<time>2026-08-09T11:35:23Z</time>
				<extensions>
					<speed>0.0</speed>
				</extensions>
			</trkpt>
			<trkpt lat="28.54472751" lon="77.20898458">
				<ele>182.59271240234375</ele>
				<time>2026-08-09T11:35:24Z</time>
				<extensions>
					<speed>0.0</speed>
				</extensions>
			</trkpt>
			<trkpt lat="28.54472067" lon="77.20898264">
				<ele>182.395263671875</ele>
				<time>2026-08-09T11:35:25Z</time>
				<extensions>
					<speed>0.8600000143051147</speed>
				</extensions>
			</trkpt>
			<trkpt lat="28.54471078" lon="77.20897866">
				<ele>182.28961181640625</ele>
				<time>2026-08-09T11:35:26Z</time>
				<extensions>
					<speed>1.1299999952316284</speed>
				</extensions>
			</trkpt>
			<trkpt lat="28.54471078" lon="77.20897866">
				<ele>182.28961181640625</ele>
				<time>2026-08-09T11:35:26Z</time>
				<extensions>
					<speed>1.1299999952316284</speed>
				</extensions>
			</trkpt>
			<trkpt lat="28.54470202" lon="77.20897402">
				<ele>182.479736328125</ele>
				<time>2026-08-09T11:35:27Z</time>
				<extensions>
					<speed>0.800000011920929</speed>
				</extensions>
			</trkpt>
			<trkpt lat="28.5446961" lon="77.2089715">
				<ele>182.6134033203125</ele>
				<time>2026-08-09T11:35:28Z</time>
				<extensions>
					<speed>0.5199999809265137</speed>
				</extensions>
			</trkpt>
			<trkpt lat="28.54469248" lon="77.20897151">
				<ele>183.06219482421875</ele>
				<time>2026-08-09T11:35:29Z</time>
				<extensions>
					<speed>0.0</speed>
				</extensions>
			</trkpt>
			<trkpt lat="28.54469016" lon="77.20896971">
				<ele>183.02093505859375</ele>
				<time>2026-08-09T11:35:30Z</time>
				<extensions>
					<speed>0.0</speed>
				</extensions>
			</trkpt>
			<trkpt lat="28.54468894" lon="77.20896982">
				<ele>182.81451416015625</ele>
				<time>2026-08-09T11:35:31Z</time>
				<extensions>
					<speed>0.0</speed>
				</extensions>
			</trkpt>
			<trkpt lat="28.544689" lon="77.20897059">
				<ele>182.935791015625</ele>
				<time>2026-08-09T11:35:32Z</time>
				<extensions>
					<speed>0.0</speed>
				</extensions>
			</trkpt>
			<trkpt lat="28.54468957" lon="77.20897001">
				<ele>182.9161376953125</ele>
				<time>2026-08-09T11:35:33Z</time>
				<extensions>
					<speed>0.0</speed>
				</extensions>
			</trkpt>
			<trkpt lat="28.5446898" lon="77.20896958">
				<ele>183.20318603515625</ele>
				<time>2026-08-09T11:35:34Z</time>
				<extensions>
					<speed>0.0</speed>
				</extensions>
			</trkpt>
			<trkpt lat="28.54469031" lon="77.20896711">
				<ele>183.1981201171875</ele>
				<time>2026-08-09T11:35:35Z</time>
				<extensions>
					<speed>0.0</speed>
				</extensions>
			</trkpt>
			<trkpt lat="28.54469143" lon="77.20896563">
				<ele>183.4195556640625</ele>
				<time>2026-08-09T11:35:36Z</time>
				<extensions>
					<speed>0.0</speed>
				</extensions>
			</trkpt>
			<trkpt lat="28.54469162" lon="77.20896338">
				<ele>183.5537109375</ele>
				<time>2026-08-09T11:35:37Z</time>
				<extensions>
					<speed>0.0</speed>
				</extensions>
			</trkpt>
			<trkpt lat="28.54469049" lon="77.20896157">
				<ele>183.64166259765625</ele>
				<time>2026-08-09T11:35:38Z</time>
				<extensions>
					<speed>0.0</speed>
				</extensions>
			</trkpt>
			<trkpt lat="28.54469119" lon="77.20896064">
				<ele>183.787109375</ele>
				<time>2026-08-09T11:35:39Z</time>
				<extensions>
					<speed>0.0</speed>
				</extensions>
			</trkpt>
			<trkpt lat="28.54469144" lon="77.20896027">
				<ele>183.79937744140625</ele>
				<time>2026-08-09T11:35:40Z</time>
				<extensions>
					<speed>0.0</speed>
				</extensions>
			</trkpt>
			<trkpt lat="28.54469167" lon="77.20896022">
				<ele>183.82818603515625</ele>
				<time>2026-08-09T11:35:41Z</time>
				<extensions>
					<speed>0.0</speed>
				</extensions>
			</trkpt>
			<trkpt lat="28.54469168" lon="77.20896018">
				<ele>183.82879638671875</ele>
				<time>2026-08-09T11:35:42Z</time>
				<extensions>
					<speed>0.0</speed>
				</extensions>
			</trkpt>
			<trkpt lat="28.54469142" lon="77.20896014">
				<ele>183.7689208984375</ele>
				<time>2026-08-09T11:35:43Z</time>
				<extensions>
					<speed>0.0</speed>
				</extensions>
			</trkpt>
			<trkpt lat="28.54469135" lon="77.20896011">
				<ele>183.76934814453125</ele>
				<time>2026-08-09T11:35:44Z</time>
				<extensions>
					<speed>0.0</speed>
				</extensions>
			</trkpt>
			<trkpt lat="28.54469132" lon="77.20896011">
				<ele>183.7706298828125</ele>
				<time>2026-08-09T11:35:45Z</time>
				<extensions>
					<speed>0.0</speed>
				</extensions>
			</trkpt>
			<trkpt lat="28.54469138" lon="77.20895992">
				<ele>183.77850341796875</ele>
				<time>2026-08-09T11:35:46Z</time>
				<extensions>
					<speed>0.0</speed>
				</extensions>
			</trkpt>
			<trkpt lat="28.54469141" lon="77.20895984">
				<ele>183.777587890625</ele>
				<time>2026-08-09T11:35:47Z</time>
				<extensions>
					<speed>0.0</speed>
				</extensions>
			</trkpt>
			<trkpt lat="28.54469141" lon="77.20895982">
				<ele>183.7784423828125</ele>
				<time>2026-08-09T11:35:48Z</time>
				<extensions>
					<speed>0.0</speed>
				</extensions>
			</trkpt>
			<trkpt lat="28.5446914" lon="77.20895981">
				<ele>183.7794189453125</ele>
				<time>2026-08-09T11:35:49Z</time>
				<extensions>
					<speed>0.0</speed>
				</extensions>
			</trkpt>
			<trkpt lat="28.5446914" lon="77.20895982">
				<ele>183.777099609375</ele>
				<time>2026-08-09T11:35:50Z</time>
				<extensions>
					<speed>0.0</speed>
				</extensions>
			</trkpt>
			<trkpt lat="28.54469137" lon="77.20895947">
				<ele>183.7681884765625</ele>
				<time>2026-08-09T11:35:51Z</time>
				<extensions>
					<speed>0.0</speed>
				</extensions>
			</trkpt>
			<trkpt lat="28.54467852" lon="77.20895803">
				<ele>183.46307373046875</ele>
				<time>2026-08-09T11:35:52Z</time>
				<extensions>
					<speed>1.6299999952316284</speed>
				</extensions>
			</trkpt>
			<trkpt lat="28.5446579" lon="77.20895598">
				<ele>183.650390625</ele>
				<time>2026-08-09T11:35:53Z</time>
				<extensions>
					<speed>2.4700000286102295</speed>
				</extensions>
			</trkpt>
			<trkpt lat="28.54463203" lon="77.20895388">
				<ele>183.72015380859375</ele>
				<time>2026-08-09T11:35:54Z</time>
				<extensions>
					<speed>2.880000114440918</speed>
				</extensions>
			</trkpt>
			<trkpt lat="28.54460306" lon="77.2089515">
				<ele>183.6759033203125</ele>
				<time>2026-08-09T11:35:55Z</time>
				<extensions>
					<speed>3.140000104904175</speed>
				</extensions>
			</trkpt>
			<trkpt lat="28.54456946" lon="77.20894999">
				<ele>184.0626220703125</ele>
				<time>2026-08-09T11:35:56Z</time>
				<extensions>
					<speed>3.7699999809265137</speed>
				</extensions>
			</trkpt>
			<trkpt lat="28.54453007" lon="77.20894855">
				<ele>183.8216552734375</ele>
				<time>2026-08-09T11:35:57Z</time>
				<extensions>
					<speed>4.28000020980835</speed>
				</extensions>
			</trkpt>
			<trkpt lat="28.54448523" lon="77.20894568">
				<ele>183.77691650390625</ele>
				<time>2026-08-09T11:35:58Z</time>
				<extensions>
					<speed>4.869999885559082</speed>
				</extensions>
			</trkpt>
			<trkpt lat="28.54444048" lon="77.20894661">
				<ele>183.11212158203125</ele>
				<time>2026-08-09T11:35:59Z</time>
				<extensions>
					<speed>4.849999904632568</speed>
				</extensions>
			</trkpt>
			<trkpt lat="28.54438754" lon="77.20894835">
				<ele>184.3707275390625</ele>
				<time>2026-08-09T11:36:00Z</time>
				<extensions>
					<speed>5.579999923706055</speed>
				</extensions>
			</trkpt>
			<trkpt lat="28.54433427" lon="77.2089465">
				<ele>185.1348876953125</ele>
				<time>2026-08-09T11:36:01Z</time>
				<extensions>
					<speed>5.730000019073486</speed>
				</extensions>
			</trkpt>
			<trkpt lat="28.54427625" lon="77.20894694">
				<ele>184.177978515625</ele>
				<time>2026-08-09T11:36:02Z</time>
				<extensions>
					<speed>5.980000019073486</speed>
				</extensions>
			</trkpt>
			<trkpt lat="28.54422064" lon="77.20894159">
				<ele>184.2286376953125</ele>
				<time>2026-08-09T11:36:03Z</time>
				<extensions>
					<speed>5.900000095367432</speed>
				</extensions>
			</trkpt>
			<trkpt lat="28.54416494" lon="77.20893575">
				<ele>182.7078857421875</ele>
				<time>2026-08-09T11:36:04Z</time>
				<extensions>
					<speed>5.710000038146973</speed>
				</extensions>
			</trkpt>
			<trkpt lat="28.54410752" lon="77.20893568">
				<ele>181.42724609375</ele>
				<time>2026-08-09T11:36:05Z</time>
				<extensions>
					<speed>5.570000171661377</speed>
				</extensions>
			</trkpt>
			<trkpt lat="28.54406598" lon="77.2089324">
				<ele>181.742919921875</ele>
				<time>2026-08-09T11:36:06Z</time>
				<extensions>
					<speed>5.480000019073486</speed>
				</extensions>
			</trkpt>
			<trkpt lat="28.54401421" lon="77.20895681">
				<ele>182.2353515625</ele>
				<time>2026-08-09T11:36:07Z</time>
				<extensions>
					<speed>6.300000190734863</speed>
				</extensions>
			</trkpt>
			<trkpt lat="28.54396089" lon="77.20898284">
				<ele>181.87890625</ele>
				<time>2026-08-09T11:36:08Z</time>
				<extensions>
					<speed>6.559999942779541</speed>
				</extensions>
			</trkpt>
			<trkpt lat="28.54390782" lon="77.20901034">
				<ele>181.10089111328125</ele>
				<time>2026-08-09T11:36:09Z</time>
				<extensions>
					<speed>6.519999980926514</speed>
				</extensions>
			</trkpt>
			<trkpt lat="28.54385012" lon="77.20904082">
				<ele>181.16265869140625</ele>
				<time>2026-08-09T11:36:10Z</time>
				<extensions>
					<speed>6.860000133514404</speed>
				</extensions>
			</trkpt>
			<trkpt lat="28.54380336" lon="77.2090748">
				<ele>180.31549072265625</ele>
				<time>2026-08-09T11:36:11Z</time>
				<extensions>
					<speed>6.28000020980835</speed>
				</extensions>
			</trkpt>
			<trkpt lat="28.54375397" lon="77.20912755">
				<ele>180.2161865234375</ele>
				<time>2026-08-09T11:36:12Z</time>
				<extensions>
					<speed>6.940000057220459</speed>
				</extensions>
			</trkpt>
			<trkpt lat="28.54371499" lon="77.2091877">
				<ele>180.5152587890625</ele>
				<time>2026-08-09T11:36:13Z</time>
				<extensions>
					<speed>7.110000133514404</speed>
				</extensions>
			</trkpt>
			<trkpt lat="28.54368689" lon="77.20925829">
				<ele>180.77239990234375</ele>
				<time>2026-08-09T11:36:14Z</time>
				<extensions>
					<speed>7.480000019073486</speed>
				</extensions>
			</trkpt>
			<trkpt lat="28.54366057" lon="77.20933899">
				<ele>180.93890380859375</ele>
				<time>2026-08-09T11:36:15Z</time>
				<extensions>
					<speed>7.679999828338623</speed>
				</extensions>
			</trkpt>
			<trkpt lat="28.5436413" lon="77.20941878">
				<ele>180.6365966796875</ele>
				<time>2026-08-09T11:36:16Z</time>
				<extensions>
					<speed>7.809999942779541</speed>
				</extensions>
			</trkpt>
			<trkpt lat="28.54363027" lon="77.2094963">
				<ele>180.2205810546875</ele>
				<time>2026-08-09T11:36:17Z</time>
				<extensions>
					<speed>7.800000190734863</speed>
				</extensions>
			</trkpt>
			<trkpt lat="28.54362147" lon="77.20957814">
				<ele>180.287109375</ele>
				<time>2026-08-09T11:36:18Z</time>
				<extensions>
					<speed>7.960000038146973</speed>
				</extensions>
			</trkpt>
			<trkpt lat="28.5436129" lon="77.20966423">
				<ele>180.24420166015625</ele>
				<time>2026-08-09T11:36:19Z</time>
				<extensions>
					<speed>8.25</speed>
				</extensions>
			</trkpt>
			<trkpt lat="28.54360494" lon="77.20975072">
				<ele>180.54815673828125</ele>
				<time>2026-08-09T11:36:20Z</time>
				<extensions>
					<speed>8.329999923706055</speed>
				</extensions>
			</trkpt>
			<trkpt lat="28.54359365" lon="77.20983745">
				<ele>180.766845703125</ele>
				<time>2026-08-09T11:36:21Z</time>
				<extensions>
					<speed>8.739999771118164</speed>
				</extensions>
			</trkpt>
			<trkpt lat="28.54358635" lon="77.20992248">
				<ele>180.9613037109375</ele>
				<time>2026-08-09T11:36:22Z</time>
				<extensions>
					<speed>8.5600004196167</speed>
				</extensions>
			</trkpt>
			<trkpt lat="28.54357628" lon="77.21001133">
				<ele>181.0953369140625</ele>
				<time>2026-08-09T11:36:23Z</time>
				<extensions>
					<speed>8.779999732971191</speed>
				</extensions>
			</trkpt>
			<trkpt lat="28.54357831" lon="77.21010453">
				<ele>180.26275634765625</ele>
				<time>2026-08-09T11:36:24Z</time>
				<extensions>
					<speed>8.90999984741211</speed>
				</extensions>
			</trkpt>
			<trkpt lat="28.54357728" lon="77.21019979">
				<ele>179.54052734375</ele>
				<time>2026-08-09T11:36:25Z</time>
				<extensions>
					<speed>9.079999923706055</speed>
				</extensions>
			</trkpt>
			<trkpt lat="28.54356962" lon="77.21029342">
				<ele>179.21661376953125</ele>
				<time>2026-08-09T11:36:26Z</time>
				<extensions>
					<speed>9.3100004196167</speed>
				</extensions>
			</trkpt>
			<trkpt lat="28.54355935" lon="77.21038803">
				<ele>179.38262939453125</ele>
				<time>2026-08-09T11:36:27Z</time>
				<extensions>
					<speed>9.260000228881836</speed>
				</extensions>
			</trkpt>
			<trkpt lat="28.54355015" lon="77.21047859">
				<ele>179.6470947265625</ele>
				<time>2026-08-09T11:36:28Z</time>
				<extensions>
					<speed>9.199999809265137</speed>
				</extensions>
			</trkpt>
			<trkpt lat="28.54354472" lon="77.21057726">
				<ele>179.63409423828125</ele>
				<time>2026-08-09T11:36:29Z</time>
				<extensions>
					<speed>9.4399995803833</speed>
				</extensions>
			</trkpt>
			<trkpt lat="28.54354028" lon="77.21067817">
				<ele>179.650146484375</ele>
				<time>2026-08-09T11:36:30Z</time>
				<extensions>
					<speed>9.520000457763672</speed>
				</extensions>
			</trkpt>
			<trkpt lat="28.54353358" lon="77.21077574">
				<ele>180.155517578125</ele>
				<time>2026-08-09T11:36:31Z</time>
				<extensions>
					<speed>9.670000076293945</speed>
				</extensions>
			</trkpt>
			<trkpt lat="28.54352487" lon="77.21087757">
				<ele>180.5517578125</ele>
				<time>2026-08-09T11:36:32Z</time>
				<extensions>
					<speed>9.670000076293945</speed>
				</extensions>
			</trkpt>
			<trkpt lat="28.54352063" lon="77.21097614">
				<ele>180.59405517578125</ele>
				<time>2026-08-09T11:36:33Z</time>
				<extensions>
					<speed>9.8100004196167</speed>
				</extensions>
			</trkpt>
			<trkpt lat="28.54350943" lon="77.21107792">
				<ele>180.71978759765625</ele>
				<time>2026-08-09T11:36:34Z</time>
				<extensions>
					<speed>9.899999618530273</speed>
				</extensions>
			</trkpt>
			<trkpt lat="28.54350294" lon="77.21117745">
				<ele>180.6268310546875</ele>
				<time>2026-08-09T11:36:35Z</time>
				<extensions>
					<speed>9.890000343322754</speed>
				</extensions>
			</trkpt>
			<trkpt lat="28.54349437" lon="77.21128463">
				<ele>181.2218017578125</ele>
				<time>2026-08-09T11:36:36Z</time>
				<extensions>
					<speed>9.970000267028809</speed>
				</extensions>
			</trkpt>
			<trkpt lat="28.54348649" lon="77.21139147">
				<ele>181.68194580078125</ele>
				<time>2026-08-09T11:36:37Z</time>
				<extensions>
					<speed>9.989999771118164</speed>
				</extensions>
			</trkpt>
			<trkpt lat="28.54347887" lon="77.21149485">
				<ele>181.662353515625</ele>
				<time>2026-08-09T11:36:38Z</time>
				<extensions>
					<speed>9.970000267028809</speed>
				</extensions>
			</trkpt>
			<trkpt lat="28.54347121" lon="77.21159659">
				<ele>181.7322998046875</ele>
				<time>2026-08-09T11:36:39Z</time>
				<extensions>
					<speed>10.09000015258789</speed>
				</extensions>
			</trkpt>
			<trkpt lat="28.54345831" lon="77.21169811">
				<ele>181.892578125</ele>
				<time>2026-08-09T11:36:40Z</time>
				<extensions>
					<speed>10.149999618530273</speed>
				</extensions>
			</trkpt>
			<trkpt lat="28.5434475" lon="77.21180157">
				<ele>182.6868896484375</ele>
				<time>2026-08-09T11:36:41Z</time>
				<extensions>
					<speed>10.130000114440918</speed>
				</extensions>
			</trkpt>
			<trkpt lat="28.54343403" lon="77.21190227">
				<ele>183.020751953125</ele>
				<time>2026-08-09T11:36:42Z</time>
				<extensions>
					<speed>10.079999923706055</speed>
				</extensions>
			</trkpt>
			<trkpt lat="28.54342274" lon="77.21200294">
				<ele>183.294677734375</ele>
				<time>2026-08-09T11:36:43Z</time>
				<extensions>
					<speed>10.0</speed>
				</extensions>
			</trkpt>
			<trkpt lat="28.543408" lon="77.21210093">
				<ele>183.7716064453125</ele>
				<time>2026-08-09T11:36:44Z</time>
				<extensions>
					<speed>9.8100004196167</speed>
				</extensions>
			</trkpt>
			<trkpt lat="28.54339237" lon="77.21219933">
				<ele>183.6400146484375</ele>
				<time>2026-08-09T11:36:45Z</time>
				<extensions>
					<speed>9.84000015258789</speed>
				</extensions>
			</trkpt>
			<trkpt lat="28.54338001" lon="77.21229602">
				<ele>183.2347412109375</ele>
				<time>2026-08-09T11:36:46Z</time>
				<extensions>
					<speed>9.539999961853027</speed>
				</extensions>
			</trkpt>
			<trkpt lat="28.54337083" lon="77.2123944">
				<ele>182.69281005859375</ele>
				<time>2026-08-09T11:36:47Z</time>
				<extensions>
					<speed>9.640000343322754</speed>
				</extensions>
			</trkpt>
			<trkpt lat="28.54335576" lon="77.21249687">
				<ele>182.73468017578125</ele>
				<time>2026-08-09T11:36:48Z</time>
				<extensions>
					<speed>9.819999694824219</speed>
				</extensions>
			</trkpt>
			<trkpt lat="28.54334629" lon="77.21259609">
				<ele>183.27105712890625</ele>
				<time>2026-08-09T11:36:49Z</time>
				<extensions>
					<speed>9.779999732971191</speed>
				</extensions>
			</trkpt>
			<trkpt lat="28.54333565" lon="77.21269374">
				<ele>184.181640625</ele>
				<time>2026-08-09T11:36:50Z</time>
				<extensions>
					<speed>9.960000038146973</speed>
				</extensions>
			</trkpt>
			<trkpt lat="28.54332666" lon="77.21279678">
				<ele>183.6129150390625</ele>
				<time>2026-08-09T11:36:51Z</time>
				<extensions>
					<speed>9.859999656677246</speed>
				</extensions>
			</trkpt>
			<trkpt lat="28.543316" lon="77.21289402">
				<ele>183.7784423828125</ele>
				<time>2026-08-09T11:36:52Z</time>
				<extensions>
					<speed>9.779999732971191</speed>
				</extensions>
			</trkpt>
			<trkpt lat="28.54330563" lon="77.21299053">
				<ele>183.88916015625</ele>
				<time>2026-08-09T11:36:53Z</time>
				<extensions>
					<speed>9.729999542236328</speed>
				</extensions>
			</trkpt>
			<trkpt lat="28.54329242" lon="77.21308655">
				<ele>183.76898193359375</ele>
				<time>2026-08-09T11:36:54Z</time>
				<extensions>
					<speed>9.529999732971191</speed>
				</extensions>
			</trkpt>
			<trkpt lat="28.54328229" lon="77.21318254">
				<ele>183.46044921875</ele>
				<time>2026-08-09T11:36:55Z</time>
				<extensions>
					<speed>9.350000381469727</speed>
				</extensions>
			</trkpt>
			<trkpt lat="28.54327374" lon="77.21327115">
				<ele>183.13531494140625</ele>
				<time>2026-08-09T11:36:56Z</time>
				<extensions>
					<speed>8.899999618530273</speed>
				</extensions>
			</trkpt>
			<trkpt lat="28.54326746" lon="77.21336539">
				<ele>183.462890625</ele>
				<time>2026-08-09T11:36:57Z</time>
				<extensions>
					<speed>9.3100004196167</speed>
				</extensions>
			</trkpt>
			<trkpt lat="28.54325402" lon="77.21346171">
				<ele>183.36077880859375</ele>
				<time>2026-08-09T11:36:58Z</time>
				<extensions>
					<speed>9.399999618530273</speed>
				</extensions>
			</trkpt>
			<trkpt lat="28.54324441" lon="77.21355831">
				<ele>183.1302490234375</ele>
				<time>2026-08-09T11:36:59Z</time>
				<extensions>
					<speed>9.460000038146973</speed>
				</extensions>
			</trkpt>
			<trkpt lat="28.5432387" lon="77.2136608">
				<ele>183.3951416015625</ele>
				<time>2026-08-09T11:37:00Z</time>
				<extensions>
					<speed>9.550000190734863</speed>
				</extensions>
			</trkpt>
			<trkpt lat="28.54322711" lon="77.21375699">
				<ele>183.3306884765625</ele>
				<time>2026-08-09T11:37:01Z</time>
				<extensions>
					<speed>9.539999961853027</speed>
				</extensions>
			</trkpt>
			<trkpt lat="28.54321801" lon="77.21385161">
				<ele>183.75653076171875</ele>
				<time>2026-08-09T11:37:02Z</time>
				<extensions>
					<speed>9.40999984741211</speed>
				</extensions>
			</trkpt>
			<trkpt lat="28.54321211" lon="77.21395148">
				<ele>183.5577392578125</ele>
				<time>2026-08-09T11:37:03Z</time>
				<extensions>
					<speed>9.520000457763672</speed>
				</extensions>
			</trkpt>
			<trkpt lat="28.54320362" lon="77.21405084">
				<ele>183.62054443359375</ele>
				<time>2026-08-09T11:37:04Z</time>
				<extensions>
					<speed>9.770000457763672</speed>
				</extensions>
			</trkpt>
			<trkpt lat="28.54319192" lon="77.21415007">
				<ele>184.0732421875</ele>
				<time>2026-08-09T11:37:05Z</time>
				<extensions>
					<speed>9.779999732971191</speed>
				</extensions>
			</trkpt>
			<trkpt lat="28.54318257" lon="77.21424403">
				<ele>183.482177734375</ele>
				<time>2026-08-09T11:37:06Z</time>
				<extensions>
					<speed>9.720000267028809</speed>
				</extensions>
			</trkpt>
			<trkpt lat="28.543171" lon="77.21434106">
				<ele>183.60455322265625</ele>
				<time>2026-08-09T11:37:07Z</time>
				<extensions>
					<speed>9.699999809265137</speed>
				</extensions>
			</trkpt>
			<trkpt lat="28.5431596" lon="77.21444167">
				<ele>183.87103271484375</ele>
				<time>2026-08-09T11:37:08Z</time>
				<extensions>
					<speed>9.800000190734863</speed>
				</extensions>
			</trkpt>
			<trkpt lat="28.54315092" lon="77.21454123">
				<ele>183.7025146484375</ele>
				<time>2026-08-09T11:37:09Z</time>
				<extensions>
					<speed>9.710000038146973</speed>
				</extensions>
			</trkpt>
			<trkpt lat="28.54314461" lon="77.21464082">
				<ele>183.10736083984375</ele>
				<time>2026-08-09T11:37:10Z</time>
				<extensions>
					<speed>10.029999732971191</speed>
				</extensions>
			</trkpt>
			<trkpt lat="28.54313707" lon="77.21473922">
				<ele>183.1806640625</ele>
				<time>2026-08-09T11:37:11Z</time>
				<extensions>
					<speed>9.8100004196167</speed>
				</extensions>
			</trkpt>
			<trkpt lat="28.54312924" lon="77.21483985">
				<ele>183.08306884765625</ele>
				<time>2026-08-09T11:37:12Z</time>
				<extensions>
					<speed>9.789999961853027</speed>
				</extensions>
			</trkpt>
			<trkpt lat="28.54312135" lon="77.21493857">
				<ele>183.1851806640625</ele>
				<time>2026-08-09T11:37:13Z</time>
				<extensions>
					<speed>9.760000228881836</speed>
				</extensions>
			</trkpt>
			<trkpt lat="28.54311264" lon="77.21503918">
				<ele>184.14996337890625</ele>
				<time>2026-08-09T11:37:14Z</time>
				<extensions>
					<speed>10.09000015258789</speed>
				</extensions>
			</trkpt>
			<trkpt lat="28.54310158" lon="77.21514079">
				<ele>184.630615234375</ele>
				<time>2026-08-09T11:37:15Z</time>
				<extensions>
					<speed>10.130000114440918</speed>
				</extensions>
			</trkpt>
			<trkpt lat="28.54309443" lon="77.21524209">
				<ele>184.7489013671875</ele>
				<time>2026-08-09T11:37:16Z</time>
				<extensions>
					<speed>10.15999984741211</speed>
				</extensions>
			</trkpt>
			<trkpt lat="28.54308978" lon="77.21534782">
				<ele>184.09344482421875</ele>
				<time>2026-08-09T11:37:17Z</time>
				<extensions>
					<speed>9.989999771118164</speed>
				</extensions>
			</trkpt>
			<trkpt lat="28.54308451" lon="77.21545569">
				<ele>183.11883544921875</ele>
				<time>2026-08-09T11:37:18Z</time>
				<extensions>
					<speed>10.369999885559082</speed>
				</extensions>
			</trkpt>
			<trkpt lat="28.54307732" lon="77.21555935">
				<ele>183.5782470703125</ele>
				<time>2026-08-09T11:37:19Z</time>
				<extensions>
					<speed>10.109999656677246</speed>
				</extensions>
			</trkpt>
			<trkpt lat="28.5430777" lon="77.21566867">
				<ele>182.634033203125</ele>
				<time>2026-08-09T11:37:20Z</time>
				<extensions>
					<speed>9.970000267028809</speed>
				</extensions>
			</trkpt>
			<trkpt lat="28.54306749" lon="77.21576996">
				<ele>182.7095947265625</ele>
				<time>2026-08-09T11:37:21Z</time>
				<extensions>
					<speed>10.149999618530273</speed>
				</extensions>
			</trkpt>
			<trkpt lat="28.54305994" lon="77.21586604">
				<ele>181.9647216796875</ele>
				<time>2026-08-09T11:37:22Z</time>
				<extensions>
					<speed>10.100000381469727</speed>
				</extensions>
			</trkpt>
			<trkpt lat="28.54304968" lon="77.2159682">
				<ele>182.38763427734375</ele>
				<time>2026-08-09T11:37:23Z</time>
				<extensions>
					<speed>10.199999809265137</speed>
				</extensions>
			</trkpt>
			<trkpt lat="28.5430406" lon="77.21607103">
				<ele>182.50030517578125</ele>
				<time>2026-08-09T11:37:24Z</time>
				<extensions>
					<speed>10.270000457763672</speed>
				</extensions>
			</trkpt>
			<trkpt lat="28.54302837" lon="77.21617718">
				<ele>182.61376953125</ele>
				<time>2026-08-09T11:37:25Z</time>
				<extensions>
					<speed>10.220000267028809</speed>
				</extensions>
			</trkpt>
			<trkpt lat="28.54302208" lon="77.21628138">
				<ele>182.879638671875</ele>
				<time>2026-08-09T11:37:26Z</time>
				<extensions>
					<speed>10.220000267028809</speed>
				</extensions>
			</trkpt>
			<trkpt lat="28.54301302" lon="77.21638433">
				<ele>183.1048583984375</ele>
				<time>2026-08-09T11:37:27Z</time>
				<extensions>
					<speed>10.130000114440918</speed>
				</extensions>
			</trkpt>
			<trkpt lat="28.54300294" lon="77.2164915">
				<ele>183.2113037109375</ele>
				<time>2026-08-09T11:37:28Z</time>
				<extensions>
					<speed>10.359999656677246</speed>
				</extensions>
			</trkpt>
			<trkpt lat="28.54299171" lon="77.21659549">
				<ele>183.01220703125</ele>
				<time>2026-08-09T11:37:29Z</time>
				<extensions>
					<speed>10.220000267028809</speed>
				</extensions>
			</trkpt>
			<trkpt lat="28.54298305" lon="77.21670355">
				<ele>183.15985107421875</ele>
				<time>2026-08-09T11:37:30Z</time>
				<extensions>
					<speed>10.579999923706055</speed>
				</extensions>
			</trkpt>
			<trkpt lat="28.54297309" lon="77.2168107">
				<ele>183.6719970703125</ele>
				<time>2026-08-09T11:37:31Z</time>
				<extensions>
					<speed>10.3100004196167</speed>
				</extensions>
			</trkpt>
			<trkpt lat="28.54296127" lon="77.21691953">
				<ele>183.7861328125</ele>
				<time>2026-08-09T11:37:32Z</time>
				<extensions>
					<speed>10.420000076293945</speed>
				</extensions>
			</trkpt>
			<trkpt lat="28.54296042" lon="77.21703459">
				<ele>183.9539794921875</ele>
				<time>2026-08-09T11:37:33Z</time>
				<extensions>
					<speed>10.270000457763672</speed>
				</extensions>
			</trkpt>
			<trkpt lat="28.54294642" lon="77.21713651">
				<ele>184.278076171875</ele>
				<time>2026-08-09T11:37:34Z</time>
				<extensions>
					<speed>10.300000190734863</speed>
				</extensions>
			</trkpt>
			<trkpt lat="28.54294659" lon="77.21723756">
				<ele>184.41680908203125</ele>
				<time>2026-08-09T11:37:35Z</time>
				<extensions>
					<speed>10.380000114440918</speed>
				</extensions>
			</trkpt>
			<trkpt lat="28.54293894" lon="77.21734021">
				<ele>184.88330078125</ele>
				<time>2026-08-09T11:37:36Z</time>
				<extensions>
					<speed>10.479999542236328</speed>
				</extensions>
			</trkpt>
			<trkpt lat="28.54293188" lon="77.21744487">
				<ele>185.79534912109375</ele>
				<time>2026-08-09T11:37:37Z</time>
				<extensions>
					<speed>10.479999542236328</speed>
				</extensions>
			</trkpt>
			<trkpt lat="28.54292591" lon="77.21754759">
				<ele>184.50390625</ele>
				<time>2026-08-09T11:37:38Z</time>
				<extensions>
					<speed>10.489999771118164</speed>
				</extensions>
			</trkpt>
			<trkpt lat="28.54291959" lon="77.21765398">
				<ele>184.6873779296875</ele>
				<time>2026-08-09T11:37:39Z</time>
				<extensions>
					<speed>10.899999618530273</speed>
				</extensions>
			</trkpt>
			<trkpt lat="28.54290638" lon="77.21775871">
				<ele>183.79937744140625</ele>
				<time>2026-08-09T11:37:40Z</time>
				<extensions>
					<speed>10.130000114440918</speed>
				</extensions>
			</trkpt>
			<trkpt lat="28.54289448" lon="77.21785474">
				<ele>184.17340087890625</ele>
				<time>2026-08-09T11:37:41Z</time>
				<extensions>
					<speed>9.630000114440918</speed>
				</extensions>
			</trkpt>
			<trkpt lat="28.54288995" lon="77.21796385">
				<ele>184.0340576171875</ele>
				<time>2026-08-09T11:37:42Z</time>
				<extensions>
					<speed>10.869999885559082</speed>
				</extensions>
			</trkpt>
			<trkpt lat="28.54287749" lon="77.21807267">
				<ele>183.77423095703125</ele>
				<time>2026-08-09T11:37:43Z</time>
				<extensions>
					<speed>10.5</speed>
				</extensions>
			</trkpt>
			<trkpt lat="28.54286864" lon="77.21818906">
				<ele>182.63946533203125</ele>
				<time>2026-08-09T11:37:44Z</time>
				<extensions>
					<speed>10.510000228881836</speed>
				</extensions>
			</trkpt>
			<trkpt lat="28.54285905" lon="77.21828424">
				<ele>181.385009765625</ele>
				<time>2026-08-09T11:37:45Z</time>
				<extensions>
					<speed>10.1899995803833</speed>
				</extensions>
			</trkpt>
			<trkpt lat="28.54285327" lon="77.21838938">
				<ele>181.6265869140625</ele>
				<time>2026-08-09T11:37:46Z</time>
				<extensions>
					<speed>10.390000343322754</speed>
				</extensions>
			</trkpt>
			<trkpt lat="28.542851" lon="77.21850157">
				<ele>180.2490234375</ele>
				<time>2026-08-09T11:37:47Z</time>
				<extensions>
					<speed>10.460000038146973</speed>
				</extensions>
			</trkpt>
			<trkpt lat="28.54283777" lon="77.21860988">
				<ele>180.0830078125</ele>
				<time>2026-08-09T11:37:48Z</time>
				<extensions>
					<speed>10.390000343322754</speed>
				</extensions>
			</trkpt>
			<trkpt lat="28.54283179" lon="77.21872103">
				<ele>179.97161865234375</ele>
				<time>2026-08-09T11:37:49Z</time>
				<extensions>
					<speed>10.489999771118164</speed>
				</extensions>
			</trkpt>
			<trkpt lat="28.54282533" lon="77.21882668">
				<ele>179.01739501953125</ele>
				<time>2026-08-09T11:37:50Z</time>
				<extensions>
					<speed>10.550000190734863</speed>
				</extensions>
			</trkpt>
			<trkpt lat="28.5428159" lon="77.21893587">
				<ele>179.08917236328125</ele>
				<time>2026-08-09T11:37:51Z</time>
				<extensions>
					<speed>10.430000305175781</speed>
				</extensions>
			</trkpt>
			<trkpt lat="28.54280843" lon="77.2190503">
				<ele>180.0157470703125</ele>
				<time>2026-08-09T11:37:52Z</time>
				<extensions>
					<speed>10.619999885559082</speed>
				</extensions>
			</trkpt>
			<trkpt lat="28.54280149" lon="77.21915959">
				<ele>180.46533203125</ele>
				<time>2026-08-09T11:37:53Z</time>
				<extensions>
					<speed>10.569999694824219</speed>
				</extensions>
			</trkpt>
			<trkpt lat="28.54279117" lon="77.21927208">
				<ele>181.20068359375</ele>
				<time>2026-08-09T11:37:54Z</time>
				<extensions>
					<speed>10.529999732971191</speed>
				</extensions>
			</trkpt>
			<trkpt lat="28.54277847" lon="77.21937349">
				<ele>181.35614013671875</ele>
				<time>2026-08-09T11:37:55Z</time>
				<extensions>
					<speed>10.569999694824219</speed>
				</extensions>
			</trkpt>
			<trkpt lat="28.54276569" lon="77.21948293">
				<ele>180.6866455078125</ele>
				<time>2026-08-09T11:37:56Z</time>
				<extensions>
					<speed>10.600000381469727</speed>
				</extensions>
			</trkpt>
			<trkpt lat="28.54276093" lon="77.21959004">
				<ele>180.8287353515625</ele>
				<time>2026-08-09T11:37:57Z</time>
				<extensions>
					<speed>10.539999961853027</speed>
				</extensions>
			</trkpt>
			<trkpt lat="28.54275194" lon="77.21969728">
				<ele>180.174072265625</ele>
				<time>2026-08-09T11:37:58Z</time>
				<extensions>
					<speed>10.550000190734863</speed>
				</extensions>
			</trkpt>
			<trkpt lat="28.54274309" lon="77.21980983">
				<ele>180.231689453125</ele>
				<time>2026-08-09T11:37:59Z</time>
				<extensions>
					<speed>10.539999961853027</speed>
				</extensions>
			</trkpt>
			<trkpt lat="28.54273837" lon="77.21992114">
				<ele>179.7557373046875</ele>
				<time>2026-08-09T11:38:00Z</time>
				<extensions>
					<speed>10.449999809265137</speed>
				</extensions>
			</trkpt>
			<trkpt lat="28.54272601" lon="77.22003061">
				<ele>180.1517333984375</ele>
				<time>2026-08-09T11:38:01Z</time>
				<extensions>
					<speed>10.449999809265137</speed>
				</extensions>
			</trkpt>
			<trkpt lat="28.54271875" lon="77.22013961">
				<ele>181.19708251953125</ele>
				<time>2026-08-09T11:38:02Z</time>
				<extensions>
					<speed>10.609999656677246</speed>
				</extensions>
			</trkpt>
			<trkpt lat="28.54271291" lon="77.22025072">
				<ele>181.7764892578125</ele>
				<time>2026-08-09T11:38:03Z</time>
				<extensions>
					<speed>10.420000076293945</speed>
				</extensions>
			</trkpt>
			<trkpt lat="28.54270468" lon="77.22035376">
				<ele>181.76092529296875</ele>
				<time>2026-08-09T11:38:04Z</time>
				<extensions>
					<speed>10.4399995803833</speed>
				</extensions>
			</trkpt>
			<trkpt lat="28.54269618" lon="77.22046114">
				<ele>181.537841796875</ele>
				<time>2026-08-09T11:38:05Z</time>
				<extensions>
					<speed>10.489999771118164</speed>
				</extensions>
			</trkpt>
			<trkpt lat="28.54268394" lon="77.22056466">
				<ele>181.88555908203125</ele>
				<time>2026-08-09T11:38:06Z</time>
				<extensions>
					<speed>10.470000267028809</speed>
				</extensions>
			</trkpt>
			<trkpt lat="28.54267559" lon="77.22067463">
				<ele>181.10284423828125</ele>
				<time>2026-08-09T11:38:07Z</time>
				<extensions>
					<speed>10.449999809265137</speed>
				</extensions>
			</trkpt>
			<trkpt lat="28.5426648" lon="77.22078041">
				<ele>181.4254150390625</ele>
				<time>2026-08-09T11:38:08Z</time>
				<extensions>
					<speed>10.1899995803833</speed>
				</extensions>
			</trkpt>
			<trkpt lat="28.54265687" lon="77.22088358">
				<ele>181.3260498046875</ele>
				<time>2026-08-09T11:38:09Z</time>
				<extensions>
					<speed>10.630000114440918</speed>
				</extensions>
			</trkpt>
			<trkpt lat="28.54264497" lon="77.22098998">
				<ele>181.14990234375</ele>
				<time>2026-08-09T11:38:10Z</time>
				<extensions>
					<speed>10.510000228881836</speed>
				</extensions>
			</trkpt>
			<trkpt lat="28.54263664" lon="77.22109835">
				<ele>181.628173828125</ele>
				<time>2026-08-09T11:38:11Z</time>
				<extensions>
					<speed>10.4399995803833</speed>
				</extensions>
			</trkpt>
			<trkpt lat="28.54263537" lon="77.22120088">
				<ele>182.808349609375</ele>
				<time>2026-08-09T11:38:12Z</time>
				<extensions>
					<speed>9.979999542236328</speed>
				</extensions>
			</trkpt>
			<trkpt lat="28.54263416" lon="77.2213129">
				<ele>184.7613525390625</ele>
				<time>2026-08-09T11:38:13Z</time>
				<extensions>
					<speed>10.75</speed>
				</extensions>
			</trkpt>
			<trkpt lat="28.54262649" lon="77.22142102">
				<ele>184.9141845703125</ele>
				<time>2026-08-09T11:38:14Z</time>
				<extensions>
					<speed>10.8100004196167</speed>
				</extensions>
			</trkpt>
			<trkpt lat="28.54261852" lon="77.2215316">
				<ele>184.7156982421875</ele>
				<time>2026-08-09T11:38:15Z</time>
				<extensions>
					<speed>10.800000190734863</speed>
				</extensions>
			</trkpt>
			<trkpt lat="28.54261265" lon="77.22164819">
				<ele>184.29119873046875</ele>
				<time>2026-08-09T11:38:16Z</time>
				<extensions>
					<speed>10.75</speed>
				</extensions>
			</trkpt>
			<trkpt lat="28.54260159" lon="77.22175837">
				<ele>184.5372314453125</ele>
				<time>2026-08-09T11:38:17Z</time>
				<extensions>
					<speed>10.84000015258789</speed>
				</extensions>
			</trkpt>
			<trkpt lat="28.5425947" lon="77.22187761">
				<ele>184.77392578125</ele>
				<time>2026-08-09T11:38:18Z</time>
				<extensions>
					<speed>11.010000228881836</speed>
				</extensions>
			</trkpt>
			<trkpt lat="28.54257952" lon="77.22198625">
				<ele>183.54278564453125</ele>
				<time>2026-08-09T11:38:19Z</time>
				<extensions>
					<speed>10.800000190734863</speed>
				</extensions>
			</trkpt>
			<trkpt lat="28.54257384" lon="77.22209619">
				<ele>184.4921875</ele>
				<time>2026-08-09T11:38:20Z</time>
				<extensions>
					<speed>10.869999885559082</speed>
				</extensions>
			</trkpt>
			<trkpt lat="28.54256686" lon="77.2222036">
				<ele>184.40203857421875</ele>
				<time>2026-08-09T11:38:21Z</time>
				<extensions>
					<speed>10.819999694824219</speed>
				</extensions>
			</trkpt>
			<trkpt lat="28.54255765" lon="77.22231184">
				<ele>184.5013427734375</ele>
				<time>2026-08-09T11:38:22Z</time>
				<extensions>
					<speed>10.869999885559082</speed>
				</extensions>
			</trkpt>
			<trkpt lat="28.54255064" lon="77.2224158">
				<ele>184.2984619140625</ele>
				<time>2026-08-09T11:38:23Z</time>
				<extensions>
					<speed>10.670000076293945</speed>
				</extensions>
			</trkpt>
			<trkpt lat="28.5425382" lon="77.22252067">
				<ele>185.288818359375</ele>
				<time>2026-08-09T11:38:24Z</time>
				<extensions>
					<speed>10.300000190734863</speed>
				</extensions>
			</trkpt>
			<trkpt lat="28.54253211" lon="77.22262404">
				<ele>185.66229248046875</ele>
				<time>2026-08-09T11:38:25Z</time>
				<extensions>
					<speed>10.420000076293945</speed>
				</extensions>
			</trkpt>
			<trkpt lat="28.54252383" lon="77.22273902">
				<ele>185.24853515625</ele>
				<time>2026-08-09T11:38:26Z</time>
				<extensions>
					<speed>10.020000457763672</speed>
				</extensions>
			</trkpt>
			<trkpt lat="28.54251562" lon="77.22284268">
				<ele>184.8419189453125</ele>
				<time>2026-08-09T11:38:27Z</time>
				<extensions>
					<speed>10.0600004196167</speed>
				</extensions>
			</trkpt>
			<trkpt lat="28.54250643" lon="77.22294812">
				<ele>184.0235595703125</ele>
				<time>2026-08-09T11:38:28Z</time>
				<extensions>
					<speed>9.859999656677246</speed>
				</extensions>
			</trkpt>
			<trkpt lat="28.54249586" lon="77.22304903">
				<ele>183.59130859375</ele>
				<time>2026-08-09T11:38:29Z</time>
				<extensions>
					<speed>9.800000190734863</speed>
				</extensions>
			</trkpt>
			<trkpt lat="28.54248889" lon="77.22313946">
				<ele>183.14190673828125</ele>
				<time>2026-08-09T11:38:30Z</time>
				<extensions>
					<speed>9.4399995803833</speed>
				</extensions>
			</trkpt>
			<trkpt lat="28.54247963" lon="77.22323615">
				<ele>182.72003173828125</ele>
				<time>2026-08-09T11:38:31Z</time>
				<extensions>
					<speed>9.479999542236328</speed>
				</extensions>
			</trkpt>
			<trkpt lat="28.54247175" lon="77.22333177">
				<ele>182.61431884765625</ele>
				<time>2026-08-09T11:38:32Z</time>
				<extensions>
					<speed>9.369999885559082</speed>
				</extensions>
			</trkpt>
			<trkpt lat="28.54246051" lon="77.22342337">
				<ele>182.87103271484375</ele>
				<time>2026-08-09T11:38:33Z</time>
				<extensions>
					<speed>9.449999809265137</speed>
				</extensions>
			</trkpt>
			<trkpt lat="28.54245524" lon="77.22352024">
				<ele>182.192138671875</ele>
				<time>2026-08-09T11:38:34Z</time>
				<extensions>
					<speed>9.579999923706055</speed>
				</extensions>
			</trkpt>
			<trkpt lat="28.54244401" lon="77.2236135">
				<ele>181.93121337890625</ele>
				<time>2026-08-09T11:38:35Z</time>
				<extensions>
					<speed>9.729999542236328</speed>
				</extensions>
			</trkpt>
			<trkpt lat="28.54244127" lon="77.2237107">
				<ele>181.4036865234375</ele>
				<time>2026-08-09T11:38:36Z</time>
				<extensions>
					<speed>9.670000076293945</speed>
				</extensions>
			</trkpt>
			<trkpt lat="28.54243631" lon="77.22380723">
				<ele>182.16595458984375</ele>
				<time>2026-08-09T11:38:37Z</time>
				<extensions>
					<speed>9.65999984741211</speed>
				</extensions>
			</trkpt>
			<trkpt lat="28.54242924" lon="77.22390534">
				<ele>181.80035400390625</ele>
				<time>2026-08-09T11:38:38Z</time>
				<extensions>
					<speed>9.649999618530273</speed>
				</extensions>
			</trkpt>
			<trkpt lat="28.54242872" lon="77.22399458">
				<ele>181.51275634765625</ele>
				<time>2026-08-09T11:38:39Z</time>
				<extensions>
					<speed>8.65999984741211</speed>
				</extensions>
			</trkpt>
			<trkpt lat="28.54242939" lon="77.22407661">
				<ele>181.5499267578125</ele>
				<time>2026-08-09T11:38:40Z</time>
				<extensions>
					<speed>7.730000019073486</speed>
				</extensions>
			</trkpt>
			<trkpt lat="28.54243011" lon="77.22415226">
				<ele>181.08416748046875</ele>
				<time>2026-08-09T11:38:41Z</time>
				<extensions>
					<speed>7.349999904632568</speed>
				</extensions>
			</trkpt>
			<trkpt lat="28.54242423" lon="77.22422274">
				<ele>181.1734619140625</ele>
				<time>2026-08-09T11:38:42Z</time>
				<extensions>
					<speed>6.96999979019165</speed>
				</extensions>
			</trkpt>
			<trkpt lat="28.54241719" lon="77.22428377">
				<ele>180.5008544921875</ele>
				<time>2026-08-09T11:38:43Z</time>
				<extensions>
					<speed>6.570000171661377</speed>
				</extensions>
			</trkpt>
			<trkpt lat="28.54240777" lon="77.22434018">
				<ele>180.43115234375</ele>
				<time>2026-08-09T11:38:44Z</time>
				<extensions>
					<speed>5.96999979019165</speed>
				</extensions>
			</trkpt>
			<trkpt lat="28.5424012" lon="77.22440301">
				<ele>180.0023193359375</ele>
				<time>2026-08-09T11:38:45Z</time>
				<extensions>
					<speed>5.75</speed>
				</extensions>
			</trkpt>
			<trkpt lat="28.54239526" lon="77.22445867">
				<ele>180.362060546875</ele>
				<time>2026-08-09T11:38:46Z</time>
				<extensions>
					<speed>5.460000038146973</speed>
				</extensions>
			</trkpt>
			<trkpt lat="28.54239027" lon="77.22450908">
				<ele>181.3411865234375</ele>
				<time>2026-08-09T11:38:47Z</time>
				<extensions>
					<speed>4.889999866485596</speed>
				</extensions>
			</trkpt>
			<trkpt lat="28.54238444" lon="77.22456016">
				<ele>181.23455810546875</ele>
				<time>2026-08-09T11:38:48Z</time>
				<extensions>
					<speed>5.059999942779541</speed>
				</extensions>
			</trkpt>
			<trkpt lat="28.5423788" lon="77.22461269">
				<ele>181.55029296875</ele>
				<time>2026-08-09T11:38:49Z</time>
				<extensions>
					<speed>5.099999904632568</speed>
				</extensions>
			</trkpt>
			<trkpt lat="28.54237251" lon="77.22467455">
				<ele>182.64630126953125</ele>
				<time>2026-08-09T11:38:50Z</time>
				<extensions>
					<speed>5.389999866485596</speed>
				</extensions>
			</trkpt>
			<trkpt lat="28.5423689" lon="77.22472684">
				<ele>183.5009765625</ele>
				<time>2026-08-09T11:38:51Z</time>
				<extensions>
					<speed>5.489999771118164</speed>
				</extensions>
			</trkpt>
			<trkpt lat="28.54236556" lon="77.22478843">
				<ele>184.07904052734375</ele>
				<time>2026-08-09T11:38:52Z</time>
				<extensions>
					<speed>5.889999866485596</speed>
				</extensions>
			</trkpt>
			<trkpt lat="28.5423597" lon="77.22485141">
				<ele>184.3919677734375</ele>
				<time>2026-08-09T11:38:53Z</time>
				<extensions>
					<speed>6.309999942779541</speed>
				</extensions>
			</trkpt>
			<trkpt lat="28.54235492" lon="77.22491939">
				<ele>184.88861083984375</ele>
				<time>2026-08-09T11:38:54Z</time>
				<extensions>
					<speed>6.46999979019165</speed>
				</extensions>
			</trkpt>
			<trkpt lat="28.54235139" lon="77.22498526">
				<ele>183.9200439453125</ele>
				<time>2026-08-09T11:38:55Z</time>
				<extensions>
					<speed>6.360000133514404</speed>
				</extensions>
			</trkpt>
			<trkpt lat="28.5423484" lon="77.22505707">
				<ele>183.45672607421875</ele>
				<time>2026-08-09T11:38:56Z</time>
				<extensions>
					<speed>6.909999847412109</speed>
				</extensions>
			</trkpt>
			<trkpt lat="28.54234681" lon="77.22512833">
				<ele>183.83154296875</ele>
				<time>2026-08-09T11:38:57Z</time>
				<extensions>
					<speed>7.019999980926514</speed>
				</extensions>
			</trkpt>
			<trkpt lat="28.54234345" lon="77.22520627">
				<ele>183.69805908203125</ele>
				<time>2026-08-09T11:38:58Z</time>
				<extensions>
					<speed>7.269999980926514</speed>
				</extensions>
			</trkpt>
			<trkpt lat="28.54233358" lon="77.22527765">
				<ele>182.6610107421875</ele>
				<time>2026-08-09T11:38:59Z</time>
				<extensions>
					<speed>7.369999885559082</speed>
				</extensions>
			</trkpt>
			<trkpt lat="28.54233073" lon="77.22535576">
				<ele>182.807373046875</ele>
				<time>2026-08-09T11:39:00Z</time>
				<extensions>
					<speed>7.329999923706055</speed>
				</extensions>
			</trkpt>
			<trkpt lat="28.54232269" lon="77.22543338">
				<ele>182.7384033203125</ele>
				<time>2026-08-09T11:39:01Z</time>
				<extensions>
					<speed>7.559999942779541</speed>
				</extensions>
			</trkpt>
			<trkpt lat="28.54231739" lon="77.22550943">
				<ele>182.3719482421875</ele>
				<time>2026-08-09T11:39:02Z</time>
				<extensions>
					<speed>7.090000152587891</speed>
				</extensions>
			</trkpt>
			<trkpt lat="28.54230937" lon="77.22558207">
				<ele>181.71014404296875</ele>
				<time>2026-08-09T11:39:03Z</time>
				<extensions>
					<speed>7.239999771118164</speed>
				</extensions>
			</trkpt>
			<trkpt lat="28.54231411" lon="77.22564302">
				<ele>183.45379638671875</ele>
				<time>2026-08-09T11:39:04Z</time>
				<extensions>
					<speed>6.090000152587891</speed>
				</extensions>
			</trkpt>
			<trkpt lat="28.54231772" lon="77.22571513">
				<ele>184.337646484375</ele>
				<time>2026-08-09T11:39:05Z</time>
				<extensions>
					<speed>5.820000171661377</speed>
				</extensions>
			</trkpt>
			<trkpt lat="28.54231708" lon="77.2257673">
				<ele>185.5816650390625</ele>
				<time>2026-08-09T11:39:06Z</time>
				<extensions>
					<speed>5.610000133514404</speed>
				</extensions>
			</trkpt>
			<trkpt lat="28.5423086" lon="77.22582198">
				<ele>184.42913818359375</ele>
				<time>2026-08-09T11:39:07Z</time>
				<extensions>
					<speed>5.940000057220459</speed>
				</extensions>
			</trkpt>
			<trkpt lat="28.5423008" lon="77.22588697">
				<ele>184.635498046875</ele>
				<time>2026-08-09T11:39:08Z</time>
				<extensions>
					<speed>6.289999961853027</speed>
				</extensions>
			</trkpt>
			<trkpt lat="28.54229441" lon="77.2259542">
				<ele>184.47198486328125</ele>
				<time>2026-08-09T11:39:09Z</time>
				<extensions>
					<speed>6.429999828338623</speed>
				</extensions>
			</trkpt>
			<trkpt lat="28.5422898" lon="77.22602413">
				<ele>183.75213623046875</ele>
				<time>2026-08-09T11:39:10Z</time>
				<extensions>
					<speed>6.590000152587891</speed>
				</extensions>
			</trkpt>
			<trkpt lat="28.54228009" lon="77.22609105">
				<ele>183.72052001953125</ele>
				<time>2026-08-09T11:39:11Z</time>
				<extensions>
					<speed>6.670000076293945</speed>
				</extensions>
			</trkpt>
			<trkpt lat="28.54227633" lon="77.22616033">
				<ele>184.15985107421875</ele>
				<time>2026-08-09T11:39:12Z</time>
				<extensions>
					<speed>6.670000076293945</speed>
				</extensions>
			</trkpt>
			<trkpt lat="28.5422691" lon="77.22623237">
				<ele>183.7955322265625</ele>
				<time>2026-08-09T11:39:13Z</time>
				<extensions>
					<speed>6.849999904632568</speed>
				</extensions>
			</trkpt>
			<trkpt lat="28.54226883" lon="77.22630197">
				<ele>183.025146484375</ele>
				<time>2026-08-09T11:39:14Z</time>
				<extensions>
					<speed>6.920000076293945</speed>
				</extensions>
			</trkpt>
			<trkpt lat="28.54226828" lon="77.22637078">
				<ele>182.5269775390625</ele>
				<time>2026-08-09T11:39:15Z</time>
				<extensions>
					<speed>6.800000190734863</speed>
				</extensions>
			</trkpt>
			<trkpt lat="28.54226607" lon="77.22643928">
				<ele>182.7991943359375</ele>
				<time>2026-08-09T11:39:16Z</time>
				<extensions>
					<speed>6.409999847412109</speed>
				</extensions>
			</trkpt>
			<trkpt lat="28.54226173" lon="77.2265062">
				<ele>182.75360107421875</ele>
				<time>2026-08-09T11:39:17Z</time>
				<extensions>
					<speed>6.139999866485596</speed>
				</extensions>
			</trkpt>
			<trkpt lat="28.54225692" lon="77.22656768">
				<ele>182.91943359375</ele>
				<time>2026-08-09T11:39:18Z</time>
				<extensions>
					<speed>5.739999771118164</speed>
				</extensions>
			</trkpt>
			<trkpt lat="28.54225233" lon="77.22662732">
				<ele>182.52593994140625</ele>
				<time>2026-08-09T11:39:19Z</time>
				<extensions>
					<speed>5.75</speed>
				</extensions>
			</trkpt>
			<trkpt lat="28.54224575" lon="77.22668763">
				<ele>182.32073974609375</ele>
				<time>2026-08-09T11:39:20Z</time>
				<extensions>
					<speed>5.809999942779541</speed>
				</extensions>
			</trkpt>
			<trkpt lat="28.54223906" lon="77.22674916">
				<ele>182.10125732421875</ele>
				<time>2026-08-09T11:39:21Z</time>
				<extensions>
					<speed>5.980000019073486</speed>
				</extensions>
			</trkpt>
			<trkpt lat="28.5422322" lon="77.22681079">
				<ele>181.86273193359375</ele>
				<time>2026-08-09T11:39:22Z</time>
				<extensions>
					<speed>6.28000020980835</speed>
				</extensions>
			</trkpt>
			<trkpt lat="28.54222646" lon="77.22687461">
				<ele>181.177001953125</ele>
				<time>2026-08-09T11:39:23Z</time>
				<extensions>
					<speed>6.420000076293945</speed>
				</extensions>
			</trkpt>
			<trkpt lat="28.54222093" lon="77.226941">
				<ele>180.4970703125</ele>
				<time>2026-08-09T11:39:24Z</time>
				<extensions>
					<speed>6.579999923706055</speed>
				</extensions>
			</trkpt>
			<trkpt lat="28.54221195" lon="77.22700797">
				<ele>180.0858154296875</ele>
				<time>2026-08-09T11:39:25Z</time>
				<extensions>
					<speed>6.849999904632568</speed>
				</extensions>
			</trkpt>
			<trkpt lat="28.54220628" lon="77.22708011">
				<ele>180.22119140625</ele>
				<time>2026-08-09T11:39:26Z</time>
				<extensions>
					<speed>7.159999847412109</speed>
				</extensions>
			</trkpt>
			<trkpt lat="28.54220138" lon="77.22716389">
				<ele>180.405029296875</ele>
				<time>2026-08-09T11:39:27Z</time>
				<extensions>
					<speed>7.559999942779541</speed>
				</extensions>
			</trkpt>
			<trkpt lat="28.54219714" lon="77.22724556">
				<ele>179.805908203125</ele>
				<time>2026-08-09T11:39:28Z</time>
				<extensions>
					<speed>7.690000057220459</speed>
				</extensions>
			</trkpt>
			<trkpt lat="28.54219077" lon="77.22732916">
				<ele>179.90191650390625</ele>
				<time>2026-08-09T11:39:29Z</time>
				<extensions>
					<speed>8.079999923706055</speed>
				</extensions>
			</trkpt>
			<trkpt lat="28.54218255" lon="77.22740947">
				<ele>179.528564453125</ele>
				<time>2026-08-09T11:39:30Z</time>
				<extensions>
					<speed>8.140000343322754</speed>
				</extensions>
			</trkpt>
			<trkpt lat="28.54217136" lon="77.22749487">
				<ele>179.767822265625</ele>
				<time>2026-08-09T11:39:31Z</time>
				<extensions>
					<speed>8.369999885559082</speed>
				</extensions>
			</trkpt>
			<trkpt lat="28.54216178" lon="77.22758073">
				<ele>180.135986328125</ele>
				<time>2026-08-09T11:39:32Z</time>
				<extensions>
					<speed>8.380000114440918</speed>
				</extensions>
			</trkpt>
			<trkpt lat="28.54214767" lon="77.22765961">
				<ele>180.35015869140625</ele>
				<time>2026-08-09T11:39:33Z</time>
				<extensions>
					<speed>8.270000457763672</speed>
				</extensions>
			</trkpt>
			<trkpt lat="28.54213752" lon="77.2277451">
				<ele>180.828857421875</ele>
				<time>2026-08-09T11:39:34Z</time>
				<extensions>
					<speed>8.359999656677246</speed>
				</extensions>
			</trkpt>
			<trkpt lat="28.54212401" lon="77.22782844">
				<ele>181.21026611328125</ele>
				<time>2026-08-09T11:39:35Z</time>
				<extensions>
					<speed>8.34000015258789</speed>
				</extensions>
			</trkpt>
			<trkpt lat="28.54210792" lon="77.2279149">
				<ele>181.467529296875</ele>
				<time>2026-08-09T11:39:36Z</time>
				<extensions>
					<speed>8.460000038146973</speed>
				</extensions>
			</trkpt>
			<trkpt lat="28.54209765" lon="77.22799946">
				<ele>182.0574951171875</ele>
				<time>2026-08-09T11:39:37Z</time>
				<extensions>
					<speed>8.5600004196167</speed>
				</extensions>
			</trkpt>
			<trkpt lat="28.54208639" lon="77.22808468">
				<ele>181.92913818359375</ele>
				<time>2026-08-09T11:39:38Z</time>
				<extensions>
					<speed>8.619999885559082</speed>
				</extensions>
			</trkpt>
			<trkpt lat="28.5420741" lon="77.22817255">
				<ele>181.8319091796875</ele>
				<time>2026-08-09T11:39:39Z</time>
				<extensions>
					<speed>8.800000190734863</speed>
				</extensions>
			</trkpt>
			<trkpt lat="28.5420594" lon="77.22826415">
				<ele>181.9410400390625</ele>
				<time>2026-08-09T11:39:40Z</time>
				<extensions>
					<speed>8.949999809265137</speed>
				</extensions>
			</trkpt>
			<trkpt lat="28.542046" lon="77.228354">
				<ele>181.3994140625</ele>
				<time>2026-08-09T11:39:41Z</time>
				<extensions>
					<speed>9.109999656677246</speed>
				</extensions>
			</trkpt>
			<trkpt lat="28.54203554" lon="77.22844937">
				<ele>181.4072265625</ele>
				<time>2026-08-09T11:39:42Z</time>
				<extensions>
					<speed>9.319999694824219</speed>
				</extensions>
			</trkpt>
			<trkpt lat="28.54202507" lon="77.22854648">
				<ele>181.30072021484375</ele>
				<time>2026-08-09T11:39:43Z</time>
				<extensions>
					<speed>9.420000076293945</speed>
				</extensions>
			</trkpt>
			<trkpt lat="28.542012" lon="77.22864307">
				<ele>181.2586669921875</ele>
				<time>2026-08-09T11:39:44Z</time>
				<extensions>
					<speed>9.569999694824219</speed>
				</extensions>
			</trkpt>
			<trkpt lat="28.54199986" lon="77.2287387">
				<ele>181.0411376953125</ele>
				<time>2026-08-09T11:39:45Z</time>
				<extensions>
					<speed>9.65999984741211</speed>
				</extensions>
			</trkpt>
			<trkpt lat="28.541994" lon="77.22883929">
				<ele>181.09112548828125</ele>
				<time>2026-08-09T11:39:46Z</time>
				<extensions>
					<speed>9.729999542236328</speed>
				</extensions>
			</trkpt>
			<trkpt lat="28.54198746" lon="77.22894453">
				<ele>181.50152587890625</ele>
				<time>2026-08-09T11:39:47Z</time>
				<extensions>
					<speed>9.770000457763672</speed>
				</extensions>
			</trkpt>
			<trkpt lat="28.54198157" lon="77.22904412">
				<ele>182.0806884765625</ele>
				<time>2026-08-09T11:39:48Z</time>
				<extensions>
					<speed>9.680000305175781</speed>
				</extensions>
			</trkpt>
			<trkpt lat="28.54197451" lon="77.2291419">
				<ele>182.23626708984375</ele>
				<time>2026-08-09T11:39:49Z</time>
				<extensions>
					<speed>9.649999618530273</speed>
				</extensions>
			</trkpt>
			<trkpt lat="28.5419658" lon="77.22924355">
				<ele>182.68231201171875</ele>
				<time>2026-08-09T11:39:50Z</time>
				<extensions>
					<speed>9.600000381469727</speed>
				</extensions>
			</trkpt>
			<trkpt lat="28.54196047" lon="77.22934076">
				<ele>182.772216796875</ele>
				<time>2026-08-09T11:39:51Z</time>
				<extensions>
					<speed>9.529999732971191</speed>
				</extensions>
			</trkpt>
			<trkpt lat="28.54195352" lon="77.22943726">
				<ele>183.3968505859375</ele>
				<time>2026-08-09T11:39:52Z</time>
				<extensions>
					<speed>9.369999885559082</speed>
				</extensions>
			</trkpt>
			<trkpt lat="28.54194901" lon="77.2295293">
				<ele>183.40765380859375</ele>
				<time>2026-08-09T11:39:53Z</time>
				<extensions>
					<speed>9.369999885559082</speed>
				</extensions>
			</trkpt>
			<trkpt lat="28.54194236" lon="77.22962373">
				<ele>183.9610595703125</ele>
				<time>2026-08-09T11:39:54Z</time>
				<extensions>
					<speed>9.270000457763672</speed>
				</extensions>
			</trkpt>
			<trkpt lat="28.54193626" lon="77.22972064">
				<ele>184.335205078125</ele>
				<time>2026-08-09T11:39:55Z</time>
				<extensions>
					<speed>9.199999809265137</speed>
				</extensions>
			</trkpt>
			<trkpt lat="28.54193031" lon="77.22980861">
				<ele>184.85699462890625</ele>
				<time>2026-08-09T11:39:56Z</time>
				<extensions>
					<speed>9.130000114440918</speed>
				</extensions>
			</trkpt>
			<trkpt lat="28.54192297" lon="77.22990013">
				<ele>185.552978515625</ele>
				<time>2026-08-09T11:39:57Z</time>
				<extensions>
					<speed>9.029999732971191</speed>
				</extensions>
			</trkpt>
			<trkpt lat="28.5419134" lon="77.22998898">
				<ele>185.69622802734375</ele>
				<time>2026-08-09T11:39:58Z</time>
				<extensions>
					<speed>8.989999771118164</speed>
				</extensions>
			</trkpt>
			<trkpt lat="28.54191079" lon="77.2300818">
				<ele>186.1856689453125</ele>
				<time>2026-08-09T11:39:59Z</time>
				<extensions>
					<speed>8.899999618530273</speed>
				</extensions>
			</trkpt>
			<trkpt lat="28.54190537" lon="77.23017203">
				<ele>186.64654541015625</ele>
				<time>2026-08-09T11:40:00Z</time>
				<extensions>
					<speed>8.779999732971191</speed>
				</extensions>
			</trkpt>
			<trkpt lat="28.54189855" lon="77.23025984">
				<ele>187.15313720703125</ele>
				<time>2026-08-09T11:40:01Z</time>
				<extensions>
					<speed>8.75</speed>
				</extensions>
			</trkpt>
			<trkpt lat="28.54189298" lon="77.23035019">
				<ele>187.67626953125</ele>
				<time>2026-08-09T11:40:02Z</time>
				<extensions>
					<speed>8.680000305175781</speed>
				</extensions>
			</trkpt>
			<trkpt lat="28.54188794" lon="77.23043585">
				<ele>187.76611328125</ele>
				<time>2026-08-09T11:40:03Z</time>
				<extensions>
					<speed>8.579999923706055</speed>
				</extensions>
			</trkpt>
			<trkpt lat="28.54187807" lon="77.23051996">
				<ele>188.237548828125</ele>
				<time>2026-08-09T11:40:04Z</time>
				<extensions>
					<speed>8.399999618530273</speed>
				</extensions>
			</trkpt>
			<trkpt lat="28.54186992" lon="77.23060371">
				<ele>188.3092041015625</ele>
				<time>2026-08-09T11:40:05Z</time>
				<extensions>
					<speed>8.430000305175781</speed>
				</extensions>
			</trkpt>
			<trkpt lat="28.54186156" lon="77.2306877">
				<ele>188.73101806640625</ele>
				<time>2026-08-09T11:40:06Z</time>
				<extensions>
					<speed>8.369999885559082</speed>
				</extensions>
			</trkpt>
			<trkpt lat="28.54185586" lon="77.23077571">
				<ele>188.94854736328125</ele>
				<time>2026-08-09T11:40:07Z</time>
				<extensions>
					<speed>8.380000114440918</speed>
				</extensions>
			</trkpt>
			<trkpt lat="28.54184845" lon="77.2308638">
				<ele>189.3050537109375</ele>
				<time>2026-08-09T11:40:08Z</time>
				<extensions>
					<speed>8.319999694824219</speed>
				</extensions>
			</trkpt>
			<trkpt lat="28.54184358" lon="77.23094794">
				<ele>189.86199951171875</ele>
				<time>2026-08-09T11:40:09Z</time>
				<extensions>
					<speed>8.220000267028809</speed>
				</extensions>
			</trkpt>
			<trkpt lat="28.54183857" lon="77.23103219">
				<ele>190.132080078125</ele>
				<time>2026-08-09T11:40:10Z</time>
				<extensions>
					<speed>8.199999809265137</speed>
				</extensions>
			</trkpt>
			<trkpt lat="28.54183251" lon="77.23111228">
				<ele>190.84100341796875</ele>
				<time>2026-08-09T11:40:11Z</time>
				<extensions>
					<speed>8.130000114440918</speed>
				</extensions>
			</trkpt>
			<trkpt lat="28.54182299" lon="77.23118963">
				<ele>190.6650390625</ele>
				<time>2026-08-09T11:40:12Z</time>
				<extensions>
					<speed>8.010000228881836</speed>
				</extensions>
			</trkpt>
			<trkpt lat="28.54181464" lon="77.23127076">
				<ele>190.9541015625</ele>
				<time>2026-08-09T11:40:13Z</time>
				<extensions>
					<speed>7.949999809265137</speed>
				</extensions>
			</trkpt>
			<trkpt lat="28.54180767" lon="77.23135414">
				<ele>191.5211181640625</ele>
				<time>2026-08-09T11:40:14Z</time>
				<extensions>
					<speed>7.909999847412109</speed>
				</extensions>
			</trkpt>
			<trkpt lat="28.54179827" lon="77.23143466">
				<ele>191.7847900390625</ele>
				<time>2026-08-09T11:40:15Z</time>
				<extensions>
					<speed>7.869999885559082</speed>
				</extensions>
			</trkpt>
			<trkpt lat="28.54178811" lon="77.23151508">
				<ele>191.8074951171875</ele>
				<time>2026-08-09T11:40:16Z</time>
				<extensions>
					<speed>7.800000190734863</speed>
				</extensions>
			</trkpt>
			<trkpt lat="28.5417783" lon="77.23159269">
				<ele>191.6827392578125</ele>
				<time>2026-08-09T11:40:17Z</time>
				<extensions>
					<speed>7.849999904632568</speed>
				</extensions>
			</trkpt>
			<trkpt lat="28.54176617" lon="77.23167175">
				<ele>191.9644775390625</ele>
				<time>2026-08-09T11:40:18Z</time>
				<extensions>
					<speed>7.869999885559082</speed>
				</extensions>
			</trkpt>
			<trkpt lat="28.54175126" lon="77.23175137">
				<ele>191.8350830078125</ele>
				<time>2026-08-09T11:40:19Z</time>
				<extensions>
					<speed>7.909999847412109</speed>
				</extensions>
			</trkpt>
			<trkpt lat="28.54173927" lon="77.23183532">
				<ele>192.0648193359375</ele>
				<time>2026-08-09T11:40:20Z</time>
				<extensions>
					<speed>8.100000381469727</speed>
				</extensions>
			</trkpt>
			<trkpt lat="28.54172454" lon="77.23191311">
				<ele>191.5404052734375</ele>
				<time>2026-08-09T11:40:21Z</time>
				<extensions>
					<speed>8.229999542236328</speed>
				</extensions>
			</trkpt>
			<trkpt lat="28.54171076" lon="77.23199576">
				<ele>191.46661376953125</ele>
				<time>2026-08-09T11:40:22Z</time>
				<extensions>
					<speed>8.449999809265137</speed>
				</extensions>
			</trkpt>
			<trkpt lat="28.5416939" lon="77.23207835">
				<ele>191.1630859375</ele>
				<time>2026-08-09T11:40:23Z</time>
				<extensions>
					<speed>8.5600004196167</speed>
				</extensions>
			</trkpt>
			<trkpt lat="28.54167395" lon="77.23216456">
				<ele>191.07659912109375</ele>
				<time>2026-08-09T11:40:24Z</time>
				<extensions>
					<speed>8.779999732971191</speed>
				</extensions>
			</trkpt>
			<trkpt lat="28.54165693" lon="77.23225403">
				<ele>190.63482666015625</ele>
				<time>2026-08-09T11:40:25Z</time>
				<extensions>
					<speed>8.949999809265137</speed>
				</extensions>
			</trkpt>
			<trkpt lat="28.54163735" lon="77.23234316">
				<ele>190.245849609375</ele>
				<time>2026-08-09T11:40:26Z</time>
				<extensions>
					<speed>9.119999885559082</speed>
				</extensions>
			</trkpt>
			<trkpt lat="28.54161136" lon="77.23243084">
				<ele>189.6212158203125</ele>
				<time>2026-08-09T11:40:27Z</time>
				<extensions>
					<speed>9.289999961853027</speed>
				</extensions>
			</trkpt>
			<trkpt lat="28.5415878" lon="77.23252044">
				<ele>188.950439453125</ele>
				<time>2026-08-09T11:40:28Z</time>
				<extensions>
					<speed>9.300000190734863</speed>
				</extensions>
			</trkpt>
			<trkpt lat="28.54156356" lon="77.23261335">
				<ele>188.9075927734375</ele>
				<time>2026-08-09T11:40:29Z</time>
				<extensions>
					<speed>9.5</speed>
				</extensions>
			</trkpt>
			<trkpt lat="28.54153664" lon="77.2327105">
				<ele>188.2786865234375</ele>
				<time>2026-08-09T11:40:30Z</time>
				<extensions>
					<speed>9.640000343322754</speed>
				</extensions>
			</trkpt>
			<trkpt lat="28.54150868" lon="77.23280553">
				<ele>188.04034423828125</ele>
				<time>2026-08-09T11:40:31Z</time>
				<extensions>
					<speed>9.8100004196167</speed>
				</extensions>
			</trkpt>
			<trkpt lat="28.54148273" lon="77.23290285">
				<ele>187.88775634765625</ele>
				<time>2026-08-09T11:40:32Z</time>
				<extensions>
					<speed>9.949999809265137</speed>
				</extensions>
			</trkpt>
			<trkpt lat="28.54145124" lon="77.23299864">
				<ele>187.364013671875</ele>
				<time>2026-08-09T11:40:33Z</time>
				<extensions>
					<speed>10.039999961853027</speed>
				</extensions>
			</trkpt>
			<trkpt lat="28.5414179" lon="77.23309361">
				<ele>187.001708984375</ele>
				<time>2026-08-09T11:40:34Z</time>
				<extensions>
					<speed>10.119999885559082</speed>
				</extensions>
			</trkpt>
			<trkpt lat="28.54138595" lon="77.23319294">
				<ele>186.56231689453125</ele>
				<time>2026-08-09T11:40:35Z</time>
				<extensions>
					<speed>10.279999732971191</speed>
				</extensions>
			</trkpt>
			<trkpt lat="28.54135459" lon="77.23329079">
				<ele>185.8968505859375</ele>
				<time>2026-08-09T11:40:36Z</time>
				<extensions>
					<speed>10.329999923706055</speed>
				</extensions>
			</trkpt>
			<trkpt lat="28.54132383" lon="77.23338918">
				<ele>185.36285400390625</ele>
				<time>2026-08-09T11:40:37Z</time>
				<extensions>
					<speed>10.420000076293945</speed>
				</extensions>
			</trkpt>
			<trkpt lat="28.54129193" lon="77.23348833">
				<ele>185.084716796875</ele>
				<time>2026-08-09T11:40:38Z</time>
				<extensions>
					<speed>10.479999542236328</speed>
				</extensions>
			</trkpt>
			<trkpt lat="28.54125925" lon="77.23359283">
				<ele>184.6925048828125</ele>
				<time>2026-08-09T11:40:39Z</time>
				<extensions>
					<speed>10.59000015258789</speed>
				</extensions>
			</trkpt>
			<trkpt lat="28.54122674" lon="77.23369648">
				<ele>184.263427734375</ele>
				<time>2026-08-09T11:40:40Z</time>
				<extensions>
					<speed>10.65999984741211</speed>
				</extensions>
			</trkpt>
			<trkpt lat="28.54119203" lon="77.23379919">
				<ele>184.022705078125</ele>
				<time>2026-08-09T11:40:41Z</time>
				<extensions>
					<speed>10.729999542236328</speed>
				</extensions>
			</trkpt>
			<trkpt lat="28.54115708" lon="77.2339033">
				<ele>183.51513671875</ele>
				<time>2026-08-09T11:40:42Z</time>
				<extensions>
					<speed>10.779999732971191</speed>
				</extensions>
			</trkpt>
			<trkpt lat="28.54112461" lon="77.23400382">
				<ele>183.2093505859375</ele>
				<time>2026-08-09T11:40:43Z</time>
				<extensions>
					<speed>10.710000038146973</speed>
				</extensions>
			</trkpt>
			<trkpt lat="28.5410912" lon="77.23410677">
				<ele>182.75311279296875</ele>
				<time>2026-08-09T11:40:44Z</time>
				<extensions>
					<speed>10.6899995803833</speed>
				</extensions>
			</trkpt>
			<trkpt lat="28.54105646" lon="77.2342086">
				<ele>182.2681884765625</ele>
				<time>2026-08-09T11:40:45Z</time>
				<extensions>
					<speed>10.6899995803833</speed>
				</extensions>
			</trkpt>
			<trkpt lat="28.54102002" lon="77.23430986">
				<ele>181.87738037109375</ele>
				<time>2026-08-09T11:40:46Z</time>
				<extensions>
					<speed>10.619999885559082</speed>
				</extensions>
			</trkpt>
			<trkpt lat="28.54098348" lon="77.23441429">
				<ele>181.5909423828125</ele>
				<time>2026-08-09T11:40:47Z</time>
				<extensions>
					<speed>10.729999542236328</speed>
				</extensions>
			</trkpt>
			<trkpt lat="28.5409522" lon="77.23451723">
				<ele>181.47857666015625</ele>
				<time>2026-08-09T11:40:48Z</time>
				<extensions>
					<speed>10.670000076293945</speed>
				</extensions>
			</trkpt>
			<trkpt lat="28.54092131" lon="77.23462127">
				<ele>181.2890625</ele>
				<time>2026-08-09T11:40:49Z</time>
				<extensions>
					<speed>10.520000457763672</speed>
				</extensions>
			</trkpt>
			<trkpt lat="28.54089004" lon="77.23472168">
				<ele>181.48577880859375</ele>
				<time>2026-08-09T11:40:50Z</time>
				<extensions>
					<speed>10.25</speed>
				</extensions>
			</trkpt>
			<trkpt lat="28.54086246" lon="77.23481716">
				<ele>181.88818359375</ele>
				<time>2026-08-09T11:40:51Z</time>
				<extensions>
					<speed>10.010000228881836</speed>
				</extensions>
			</trkpt>
			<trkpt lat="28.54083877" lon="77.23490845">
				<ele>181.87847900390625</ele>
				<time>2026-08-09T11:40:52Z</time>
				<extensions>
					<speed>9.479999542236328</speed>
				</extensions>
			</trkpt>
			<trkpt lat="28.5408182" lon="77.23499914">
				<ele>182.1817626953125</ele>
				<time>2026-08-09T11:40:53Z</time>
				<extensions>
					<speed>9.119999885559082</speed>
				</extensions>
			</trkpt>
			<trkpt lat="28.54080497" lon="77.23508688">
				<ele>182.64703369140625</ele>
				<time>2026-08-09T11:40:54Z</time>
				<extensions>
					<speed>8.619999885559082</speed>
				</extensions>
			</trkpt>
			<trkpt lat="28.54079329" lon="77.23517246">
				<ele>182.61083984375</ele>
				<time>2026-08-09T11:40:55Z</time>
				<extensions>
					<speed>8.390000343322754</speed>
				</extensions>
			</trkpt>
			<trkpt lat="28.54078525" lon="77.23526265">
				<ele>182.2427978515625</ele>
				<time>2026-08-09T11:40:56Z</time>
				<extensions>
					<speed>8.1899995803833</speed>
				</extensions>
			</trkpt>
			<trkpt lat="28.54078003" lon="77.23534679">
				<ele>182.173828125</ele>
				<time>2026-08-09T11:40:57Z</time>
				<extensions>
					<speed>8.09000015258789</speed>
				</extensions>
			</trkpt>
			<trkpt lat="28.54078029" lon="77.23543238">
				<ele>182.69329833984375</ele>
				<time>2026-08-09T11:40:58Z</time>
				<extensions>
					<speed>7.949999809265137</speed>
				</extensions>
			</trkpt>
			<trkpt lat="28.54078064" lon="77.23551346">
				<ele>182.77093505859375</ele>
				<time>2026-08-09T11:40:59Z</time>
				<extensions>
					<speed>7.860000133514404</speed>
				</extensions>
			</trkpt>
			<trkpt lat="28.54078158" lon="77.23559429">
				<ele>182.8602294921875</ele>
				<time>2026-08-09T11:41:00Z</time>
				<extensions>
					<speed>7.880000114440918</speed>
				</extensions>
			</trkpt>
			<trkpt lat="28.54078414" lon="77.23567329">
				<ele>182.623046875</ele>
				<time>2026-08-09T11:41:01Z</time>
				<extensions>
					<speed>7.909999847412109</speed>
				</extensions>
			</trkpt>
			<trkpt lat="28.54078292" lon="77.23575394">
				<ele>181.9539794921875</ele>
				<time>2026-08-09T11:41:02Z</time>
				<extensions>
					<speed>7.840000152587891</speed>
				</extensions>
			</trkpt>
			<trkpt lat="28.5407847" lon="77.23583305">
				<ele>182.11932373046875</ele>
				<time>2026-08-09T11:41:03Z</time>
				<extensions>
					<speed>7.75</speed>
				</extensions>
			</trkpt>
			<trkpt lat="28.54079158" lon="77.23590972">
				<ele>182.22705078125</ele>
				<time>2026-08-09T11:41:04Z</time>
				<extensions>
					<speed>7.659999847412109</speed>
				</extensions>
			</trkpt>
			<trkpt lat="28.54080138" lon="77.23598697">
				<ele>182.558837890625</ele>
				<time>2026-08-09T11:41:05Z</time>
				<extensions>
					<speed>7.630000114440918</speed>
				</extensions>
			</trkpt>
			<trkpt lat="28.54081683" lon="77.2360655">
				<ele>183.0230712890625</ele>
				<time>2026-08-09T11:41:06Z</time>
				<extensions>
					<speed>7.670000076293945</speed>
				</extensions>
			</trkpt>
			<trkpt lat="28.54082874" lon="77.23614299">
				<ele>183.263916015625</ele>
				<time>2026-08-09T11:41:07Z</time>
				<extensions>
					<speed>7.53000020980835</speed>
				</extensions>
			</trkpt>
			<trkpt lat="28.54083754" lon="77.2362235">
				<ele>183.66119384765625</ele>
				<time>2026-08-09T11:41:08Z</time>
				<extensions>
					<speed>7.679999828338623</speed>
				</extensions>
			</trkpt>
			<trkpt lat="28.54084871" lon="77.23629981">
				<ele>184.252197265625</ele>
				<time>2026-08-09T11:41:09Z</time>
				<extensions>
					<speed>7.639999866485596</speed>
				</extensions>
			</trkpt>
			<trkpt lat="28.54086208" lon="77.2363807">
				<ele>184.7076416015625</ele>
				<time>2026-08-09T11:41:10Z</time>
				<extensions>
					<speed>7.730000019073486</speed>
				</extensions>
			</trkpt>
			<trkpt lat="28.54087501" lon="77.23645434">
				<ele>185.08209228515625</ele>
				<time>2026-08-09T11:41:11Z</time>
				<extensions>
					<speed>7.360000133514404</speed>
				</extensions>
			</trkpt>
			<trkpt lat="28.54088826" lon="77.23652073">
				<ele>185.14715576171875</ele>
				<time>2026-08-09T11:41:12Z</time>
				<extensions>
					<speed>6.71999979019165</speed>
				</extensions>
			</trkpt>
			<trkpt lat="28.54090238" lon="77.23657839">
				<ele>185.13629150390625</ele>
				<time>2026-08-09T11:41:13Z</time>
				<extensions>
					<speed>5.980000019073486</speed>
				</extensions>
			</trkpt>
			<trkpt lat="28.54091654" lon="77.23662979">
				<ele>185.178466796875</ele>
				<time>2026-08-09T11:41:14Z</time>
				<extensions>
					<speed>5.639999866485596</speed>
				</extensions>
			</trkpt>
			<trkpt lat="28.54093285" lon="77.23668476">
				<ele>185.5255126953125</ele>
				<time>2026-08-09T11:41:15Z</time>
				<extensions>
					<speed>5.460000038146973</speed>
				</extensions>
			</trkpt>
			<trkpt lat="28.54095264" lon="77.23673478">
				<ele>185.9566650390625</ele>
				<time>2026-08-09T11:41:16Z</time>
				<extensions>
					<speed>5.46999979019165</speed>
				</extensions>
			</trkpt>
			<trkpt lat="28.54097344" lon="77.23678654">
				<ele>186.23529052734375</ele>
				<time>2026-08-09T11:41:17Z</time>
				<extensions>
					<speed>5.650000095367432</speed>
				</extensions>
			</trkpt>
			<trkpt lat="28.54099622" lon="77.23683947">
				<ele>186.1883544921875</ele>
				<time>2026-08-09T11:41:18Z</time>
				<extensions>
					<speed>5.869999885559082</speed>
				</extensions>
			</trkpt>
			<trkpt lat="28.54101795" lon="77.2368885">
				<ele>185.72772216796875</ele>
				<time>2026-08-09T11:41:19Z</time>
				<extensions>
					<speed>5.920000076293945</speed>
				</extensions>
			</trkpt>
			<trkpt lat="28.54103822" lon="77.23694181">
				<ele>186.08148193359375</ele>
				<time>2026-08-09T11:41:20Z</time>
				<extensions>
					<speed>6.110000133514404</speed>
				</extensions>
			</trkpt>
			<trkpt lat="28.54106544" lon="77.23699861">
				<ele>186.21160888671875</ele>
				<time>2026-08-09T11:41:21Z</time>
				<extensions>
					<speed>6.25</speed>
				</extensions>
			</trkpt>
			<trkpt lat="28.5410999" lon="77.23706114">
				<ele>185.7886962890625</ele>
				<time>2026-08-09T11:41:22Z</time>
				<extensions>
					<speed>6.519999980926514</speed>
				</extensions>
			</trkpt>
			<trkpt lat="28.54112745" lon="77.23712187">
				<ele>185.37982177734375</ele>
				<time>2026-08-09T11:41:23Z</time>
				<extensions>
					<speed>6.920000076293945</speed>
				</extensions>
			</trkpt>
			<trkpt lat="28.54115512" lon="77.2371909">
				<ele>185.45849609375</ele>
				<time>2026-08-09T11:41:24Z</time>
				<extensions>
					<speed>7.28000020980835</speed>
				</extensions>
			</trkpt>
			<trkpt lat="28.54118632" lon="77.23725608">
				<ele>185.811767578125</ele>
				<time>2026-08-09T11:41:25Z</time>
				<extensions>
					<speed>7.360000133514404</speed>
				</extensions>
			</trkpt>
			<trkpt lat="28.54121964" lon="77.23732008">
				<ele>185.5040283203125</ele>
				<time>2026-08-09T11:41:26Z</time>
				<extensions>
					<speed>7.590000152587891</speed>
				</extensions>
			</trkpt>
			<trkpt lat="28.54124614" lon="77.2373885">
				<ele>184.59405517578125</ele>
				<time>2026-08-09T11:41:27Z</time>
				<extensions>
					<speed>7.75</speed>
				</extensions>
			</trkpt>
			<trkpt lat="28.54128079" lon="77.23746701">
				<ele>184.54522705078125</ele>
				<time>2026-08-09T11:41:28Z</time>
				<extensions>
					<speed>7.960000038146973</speed>
				</extensions>
			</trkpt>
			<trkpt lat="28.54131568" lon="77.23753656">
				<ele>183.5498046875</ele>
				<time>2026-08-09T11:41:29Z</time>
				<extensions>
					<speed>8.100000381469727</speed>
				</extensions>
			</trkpt>
			<trkpt lat="28.54134762" lon="77.23760892">
				<ele>183.492431640625</ele>
				<time>2026-08-09T11:41:30Z</time>
				<extensions>
					<speed>8.029999732971191</speed>
				</extensions>
			</trkpt>
			<trkpt lat="28.54137772" lon="77.23768331">
				<ele>183.0758056640625</ele>
				<time>2026-08-09T11:41:31Z</time>
				<extensions>
					<speed>7.929999828338623</speed>
				</extensions>
			</trkpt>
			<trkpt lat="28.54140652" lon="77.23775755">
				<ele>183.04168701171875</ele>
				<time>2026-08-09T11:41:32Z</time>
				<extensions>
					<speed>7.889999866485596</speed>
				</extensions>
			</trkpt>
			<trkpt lat="28.54143489" lon="77.23782956">
				<ele>183.12060546875</ele>
				<time>2026-08-09T11:41:33Z</time>
				<extensions>
					<speed>7.389999866485596</speed>
				</extensions>
			</trkpt>
			<trkpt lat="28.5414598" lon="77.2378997">
				<ele>183.0521240234375</ele>
				<time>2026-08-09T11:41:34Z</time>
				<extensions>
					<speed>7.199999809265137</speed>
				</extensions>
			</trkpt>
			<trkpt lat="28.54148495" lon="77.23796851">
				<ele>182.8907470703125</ele>
				<time>2026-08-09T11:41:35Z</time>
				<extensions>
					<speed>7.099999904632568</speed>
				</extensions>
			</trkpt>
			<trkpt lat="28.54151117" lon="77.23803944">
				<ele>182.9560546875</ele>
				<time>2026-08-09T11:41:36Z</time>
				<extensions>
					<speed>7.269999980926514</speed>
				</extensions>
			</trkpt>
			<trkpt lat="28.5415395" lon="77.23810344">
				<ele>182.18524169921875</ele>
				<time>2026-08-09T11:41:37Z</time>
				<extensions>
					<speed>7.159999847412109</speed>
				</extensions>
			</trkpt>
			<trkpt lat="28.54156418" lon="77.23816629">
				<ele>181.77490234375</ele>
				<time>2026-08-09T11:41:38Z</time>
				<extensions>
					<speed>6.949999809265137</speed>
				</extensions>
			</trkpt>
			<trkpt lat="28.54158386" lon="77.23822144">
				<ele>180.51513671875</ele>
				<time>2026-08-09T11:41:39Z</time>
				<extensions>
					<speed>6.590000152587891</speed>
				</extensions>
			</trkpt>
			<trkpt lat="28.5416096" lon="77.23828161">
				<ele>180.1502685546875</ele>
				<time>2026-08-09T11:41:40Z</time>
				<extensions>
					<speed>6.320000171661377</speed>
				</extensions>
			</trkpt>
			<trkpt lat="28.54162974" lon="77.2383358">
				<ele>179.6005859375</ele>
				<time>2026-08-09T11:41:41Z</time>
				<extensions>
					<speed>5.809999942779541</speed>
				</extensions>
			</trkpt>
			<trkpt lat="28.54165322" lon="77.23838403">
				<ele>179.71514892578125</ele>
				<time>2026-08-09T11:41:42Z</time>
				<extensions>
					<speed>5.340000152587891</speed>
				</extensions>
			</trkpt>
			<trkpt lat="28.5416717" lon="77.23842836">
				<ele>179.97100830078125</ele>
				<time>2026-08-09T11:41:43Z</time>
				<extensions>
					<speed>5.0</speed>
				</extensions>
			</trkpt>
			<trkpt lat="28.5416913" lon="77.23847534">
				<ele>180.24114990234375</ele>
				<time>2026-08-09T11:41:44Z</time>
				<extensions>
					<speed>4.980000019073486</speed>
				</extensions>
			</trkpt>
			<trkpt lat="28.54170976" lon="77.23851653">
				<ele>180.44012451171875</ele>
				<time>2026-08-09T11:41:45Z</time>
				<extensions>
					<speed>4.710000038146973</speed>
				</extensions>
			</trkpt>
			<trkpt lat="28.54172691" lon="77.23856436">
				<ele>180.89324951171875</ele>
				<time>2026-08-09T11:41:46Z</time>
				<extensions>
					<speed>4.760000228881836</speed>
				</extensions>
			</trkpt>
			<trkpt lat="28.54174472" lon="77.23860904">
				<ele>181.181396484375</ele>
				<time>2026-08-09T11:41:47Z</time>
				<extensions>
					<speed>4.880000114440918</speed>
				</extensions>
			</trkpt>
			<trkpt lat="28.54176591" lon="77.23865165">
				<ele>181.94854736328125</ele>
				<time>2026-08-09T11:41:48Z</time>
				<extensions>
					<speed>4.619999885559082</speed>
				</extensions>
			</trkpt>
			<trkpt lat="28.54178363" lon="77.23869468">
				<ele>181.68536376953125</ele>
				<time>2026-08-09T11:41:49Z</time>
				<extensions>
					<speed>4.760000228881836</speed>
				</extensions>
			</trkpt>
			<trkpt lat="28.54180124" lon="77.23873682">
				<ele>181.3734130859375</ele>
				<time>2026-08-09T11:41:50Z</time>
				<extensions>
					<speed>4.659999847412109</speed>
				</extensions>
			</trkpt>
			<trkpt lat="28.54182" lon="77.23878005">
				<ele>181.97552490234375</ele>
				<time>2026-08-09T11:41:51Z</time>
				<extensions>
					<speed>4.889999866485596</speed>
				</extensions>
			</trkpt>
			<trkpt lat="28.54183808" lon="77.23882545">
				<ele>181.811767578125</ele>
				<time>2026-08-09T11:41:52Z</time>
				<extensions>
					<speed>4.889999866485596</speed>
				</extensions>
			</trkpt>
			<trkpt lat="28.54185623" lon="77.23886965">
				<ele>182.21246337890625</ele>
				<time>2026-08-09T11:41:53Z</time>
				<extensions>
					<speed>4.71999979019165</speed>
				</extensions>
			</trkpt>
			<trkpt lat="28.54187417" lon="77.23891461">
				<ele>182.3895263671875</ele>
				<time>2026-08-09T11:41:54Z</time>
				<extensions>
					<speed>4.929999828338623</speed>
				</extensions>
			</trkpt>
			<trkpt lat="28.54189482" lon="77.23896364">
				<ele>181.99609375</ele>
				<time>2026-08-09T11:41:55Z</time>
				<extensions>
					<speed>5.039999961853027</speed>
				</extensions>
			</trkpt>
			<trkpt lat="28.541913" lon="77.2390104">
				<ele>181.75396728515625</ele>
				<time>2026-08-09T11:41:56Z</time>
				<extensions>
					<speed>5.300000190734863</speed>
				</extensions>
			</trkpt>
			<trkpt lat="28.54193524" lon="77.23906314">
				<ele>181.67535400390625</ele>
				<time>2026-08-09T11:41:57Z</time>
				<extensions>
					<speed>5.630000114440918</speed>
				</extensions>
			</trkpt>
			<trkpt lat="28.54195497" lon="77.23911799">
				<ele>181.57470703125</ele>
				<time>2026-08-09T11:41:58Z</time>
				<extensions>
					<speed>5.869999885559082</speed>
				</extensions>
			</trkpt>
			<trkpt lat="28.54197454" lon="77.23917495">
				<ele>181.702880859375</ele>
				<time>2026-08-09T11:41:59Z</time>
				<extensions>
					<speed>6.03000020980835</speed>
				</extensions>
			</trkpt>
			<trkpt lat="28.54199649" lon="77.23923234">
				<ele>180.7633056640625</ele>
				<time>2026-08-09T11:42:00Z</time>
				<extensions>
					<speed>6.110000133514404</speed>
				</extensions>
			</trkpt>
			<trkpt lat="28.54201811" lon="77.23928773">
				<ele>179.9595947265625</ele>
				<time>2026-08-09T11:42:01Z</time>
				<extensions>
					<speed>6.239999771118164</speed>
				</extensions>
			</trkpt>
			<trkpt lat="28.54204085" lon="77.2393475">
				<ele>180.08056640625</ele>
				<time>2026-08-09T11:42:02Z</time>
				<extensions>
					<speed>6.309999942779541</speed>
				</extensions>
			</trkpt>
			<trkpt lat="28.54206001" lon="77.23940741">
				<ele>179.994140625</ele>
				<time>2026-08-09T11:42:03Z</time>
				<extensions>
					<speed>6.28000020980835</speed>
				</extensions>
			</trkpt>
			<trkpt lat="28.54208348" lon="77.23946813">
				<ele>179.7347412109375</ele>
				<time>2026-08-09T11:42:04Z</time>
				<extensions>
					<speed>6.429999828338623</speed>
				</extensions>
			</trkpt>
			<trkpt lat="28.54210644" lon="77.23952984">
				<ele>179.130615234375</ele>
				<time>2026-08-09T11:42:05Z</time>
				<extensions>
					<speed>6.590000152587891</speed>
				</extensions>
			</trkpt>
			<trkpt lat="28.54213053" lon="77.23959658">
				<ele>179.28759765625</ele>
				<time>2026-08-09T11:42:06Z</time>
				<extensions>
					<speed>6.829999923706055</speed>
				</extensions>
			</trkpt>
			<trkpt lat="28.54215872" lon="77.23966303">
				<ele>179.19921875</ele>
				<time>2026-08-09T11:42:07Z</time>
				<extensions>
					<speed>7.050000190734863</speed>
				</extensions>
			</trkpt>
			<trkpt lat="28.54218458" lon="77.2397286">
				<ele>179.10504150390625</ele>
				<time>2026-08-09T11:42:08Z</time>
				<extensions>
					<speed>7.050000190734863</speed>
				</extensions>
			</trkpt>
			<trkpt lat="28.54220896" lon="77.23979535">
				<ele>179.15570068359375</ele>
				<time>2026-08-09T11:42:09Z</time>
				<extensions>
					<speed>7.190000057220459</speed>
				</extensions>
			</trkpt>
			<trkpt lat="28.5422344" lon="77.23986366">
				<ele>179.21636962890625</ele>
				<time>2026-08-09T11:42:10Z</time>
				<extensions>
					<speed>7.269999980926514</speed>
				</extensions>
			</trkpt>
			<trkpt lat="28.54225497" lon="77.23993036">
				<ele>178.7806396484375</ele>
				<time>2026-08-09T11:42:11Z</time>
				<extensions>
					<speed>7.179999828338623</speed>
				</extensions>
			</trkpt>
			<trkpt lat="28.54228" lon="77.23999948">
				<ele>178.6170654296875</ele>
				<time>2026-08-09T11:42:12Z</time>
				<extensions>
					<speed>7.079999923706055</speed>
				</extensions>
			</trkpt>
			<trkpt lat="28.54230142" lon="77.24006949">
				<ele>178.5718994140625</ele>
				<time>2026-08-09T11:42:13Z</time>
				<extensions>
					<speed>7.090000152587891</speed>
				</extensions>
			</trkpt>
			<trkpt lat="28.54231929" lon="77.24013838">
				<ele>178.11181640625</ele>
				<time>2026-08-09T11:42:14Z</time>
				<extensions>
					<speed>7.150000095367432</speed>
				</extensions>
			</trkpt>
			<trkpt lat="28.5423409" lon="77.24021033">
				<ele>178.59588623046875</ele>
				<time>2026-08-09T11:42:15Z</time>
				<extensions>
					<speed>7.360000133514404</speed>
				</extensions>
			</trkpt>
			<trkpt lat="28.54235952" lon="77.24027883">
				<ele>178.4974365234375</ele>
				<time>2026-08-09T11:42:16Z</time>
				<extensions>
					<speed>7.309999942779541</speed>
				</extensions>
			</trkpt>
			<trkpt lat="28.54238312" lon="77.24034974">
				<ele>178.7896728515625</ele>
				<time>2026-08-09T11:42:17Z</time>
				<extensions>
					<speed>7.460000038146973</speed>
				</extensions>
			</trkpt>
			<trkpt lat="28.5424085" lon="77.2404241">
				<ele>178.9080810546875</ele>
				<time>2026-08-09T11:42:18Z</time>
				<extensions>
					<speed>7.519999980926514</speed>
				</extensions>
			</trkpt>
			<trkpt lat="28.54243466" lon="77.24049896">
				<ele>179.0516357421875</ele>
				<time>2026-08-09T11:42:19Z</time>
				<extensions>
					<speed>7.639999866485596</speed>
				</extensions>
			</trkpt>
			<trkpt lat="28.5424575" lon="77.24057096">
				<ele>179.167724609375</ele>
				<time>2026-08-09T11:42:20Z</time>
				<extensions>
					<speed>7.650000095367432</speed>
				</extensions>
			</trkpt>
			<trkpt lat="28.54247908" lon="77.2406462">
				<ele>179.41693115234375</ele>
				<time>2026-08-09T11:42:21Z</time>
				<extensions>
					<speed>7.559999942779541</speed>
				</extensions>
			</trkpt>
			<trkpt lat="28.54250395" lon="77.24071739">
				<ele>179.5863037109375</ele>
				<time>2026-08-09T11:42:22Z</time>
				<extensions>
					<speed>7.460000038146973</speed>
				</extensions>
			</trkpt>
			<trkpt lat="28.54252939" lon="77.24078696">
				<ele>179.75970458984375</ele>
				<time>2026-08-09T11:42:23Z</time>
				<extensions>
					<speed>7.329999923706055</speed>
				</extensions>
			</trkpt>
			<trkpt lat="28.54255388" lon="77.24085098">
				<ele>180.49041748046875</ele>
				<time>2026-08-09T11:42:24Z</time>
				<extensions>
					<speed>7.159999847412109</speed>
				</extensions>
			</trkpt>
			<trkpt lat="28.54257982" lon="77.24091657">
				<ele>180.5406494140625</ele>
				<time>2026-08-09T11:42:25Z</time>
				<extensions>
					<speed>7.320000171661377</speed>
				</extensions>
			</trkpt>
			<trkpt lat="28.542606" lon="77.24098524">
				<ele>181.0177001953125</ele>
				<time>2026-08-09T11:42:26Z</time>
				<extensions>
					<speed>7.369999885559082</speed>
				</extensions>
			</trkpt>
			<trkpt lat="28.54263293" lon="77.24105556">
				<ele>180.89080810546875</ele>
				<time>2026-08-09T11:42:27Z</time>
				<extensions>
					<speed>7.400000095367432</speed>
				</extensions>
			</trkpt>
			<trkpt lat="28.54266109" lon="77.24112744">
				<ele>180.76220703125</ele>
				<time>2026-08-09T11:42:28Z</time>
				<extensions>
					<speed>7.539999961853027</speed>
				</extensions>
			</trkpt>
			<trkpt lat="28.5426885" lon="77.24119612">
				<ele>181.02947998046875</ele>
				<time>2026-08-09T11:42:29Z</time>
				<extensions>
					<speed>7.46999979019165</speed>
				</extensions>
			</trkpt>
			<trkpt lat="28.54271124" lon="77.24126328">
				<ele>180.75933837890625</ele>
				<time>2026-08-09T11:42:30Z</time>
				<extensions>
					<speed>7.550000190734863</speed>
				</extensions>
			</trkpt>
			<trkpt lat="28.5427386" lon="77.24133403">
				<ele>181.4083251953125</ele>
				<time>2026-08-09T11:42:31Z</time>
				<extensions>
					<speed>7.650000095367432</speed>
				</extensions>
			</trkpt>
			<trkpt lat="28.54276773" lon="77.24140766">
				<ele>181.51654052734375</ele>
				<time>2026-08-09T11:42:32Z</time>
				<extensions>
					<speed>7.710000038146973</speed>
				</extensions>
			</trkpt>
			<trkpt lat="28.54279964" lon="77.24148396">
				<ele>181.59234619140625</ele>
				<time>2026-08-09T11:42:33Z</time>
				<extensions>
					<speed>7.760000228881836</speed>
				</extensions>
			</trkpt>
			<trkpt lat="28.54283098" lon="77.24155814">
				<ele>181.4688720703125</ele>
				<time>2026-08-09T11:42:34Z</time>
				<extensions>
					<speed>7.809999942779541</speed>
				</extensions>
			</trkpt>
			<trkpt lat="28.54285848" lon="77.24162913">
				<ele>181.72894287109375</ele>
				<time>2026-08-09T11:42:35Z</time>
				<extensions>
					<speed>7.860000133514404</speed>
				</extensions>
			</trkpt>
			<trkpt lat="28.54288467" lon="77.24169916">
				<ele>181.4534912109375</ele>
				<time>2026-08-09T11:42:36Z</time>
				<extensions>
					<speed>7.789999961853027</speed>
				</extensions>
			</trkpt>
			<trkpt lat="28.54291681" lon="77.24176998">
				<ele>181.73419189453125</ele>
				<time>2026-08-09T11:42:37Z</time>
				<extensions>
					<speed>7.800000190734863</speed>
				</extensions>
			</trkpt>
			<trkpt lat="28.54294548" lon="77.2418459">
				<ele>181.81683349609375</ele>
				<time>2026-08-09T11:42:38Z</time>
				<extensions>
					<speed>7.829999923706055</speed>
				</extensions>
			</trkpt>
			<trkpt lat="28.54297428" lon="77.2419211">
				<ele>181.95263671875</ele>
				<time>2026-08-09T11:42:39Z</time>
				<extensions>
					<speed>7.75</speed>
				</extensions>
			</trkpt>
			<trkpt lat="28.54299218" lon="77.24199072">
				<ele>181.36541748046875</ele>
				<time>2026-08-09T11:42:40Z</time>
				<extensions>
					<speed>7.639999866485596</speed>
				</extensions>
			</trkpt>
			<trkpt lat="28.54301985" lon="77.24207093">
				<ele>181.61773681640625</ele>
				<time>2026-08-09T11:42:41Z</time>
				<extensions>
					<speed>7.880000114440918</speed>
				</extensions>
			</trkpt>
			<trkpt lat="28.54304527" lon="77.24214903">
				<ele>181.4752197265625</ele>
				<time>2026-08-09T11:42:42Z</time>
				<extensions>
					<speed>7.929999828338623</speed>
				</extensions>
			</trkpt>
			<trkpt lat="28.54307381" lon="77.2422236">
				<ele>182.3079833984375</ele>
				<time>2026-08-09T11:42:43Z</time>
				<extensions>
					<speed>7.900000095367432</speed>
				</extensions>
			</trkpt>
			<trkpt lat="28.54309774" lon="77.2422979">
				<ele>182.618896484375</ele>
				<time>2026-08-09T11:42:44Z</time>
				<extensions>
					<speed>7.920000076293945</speed>
				</extensions>
			</trkpt>
			<trkpt lat="28.54312404" lon="77.24237579">
				<ele>183.2767333984375</ele>
				<time>2026-08-09T11:42:45Z</time>
				<extensions>
					<speed>8.109999656677246</speed>
				</extensions>
			</trkpt>
			<trkpt lat="28.54314579" lon="77.24244936">
				<ele>182.83404541015625</ele>
				<time>2026-08-09T11:42:46Z</time>
				<extensions>
					<speed>8.020000457763672</speed>
				</extensions>
			</trkpt>
			<trkpt lat="28.54316622" lon="77.24252153">
				<ele>182.05120849609375</ele>
				<time>2026-08-09T11:42:47Z</time>
				<extensions>
					<speed>8.15999984741211</speed>
				</extensions>
			</trkpt>
			<trkpt lat="28.54319431" lon="77.24260095">
				<ele>181.90460205078125</ele>
				<time>2026-08-09T11:42:48Z</time>
				<extensions>
					<speed>8.220000267028809</speed>
				</extensions>
			</trkpt>
			<trkpt lat="28.5432194" lon="77.24268098">
				<ele>181.4742431640625</ele>
				<time>2026-08-09T11:42:49Z</time>
				<extensions>
					<speed>8.289999961853027</speed>
				</extensions>
			</trkpt>
			<trkpt lat="28.54324639" lon="77.24276634">
				<ele>181.610595703125</ele>
				<time>2026-08-09T11:42:50Z</time>
				<extensions>
					<speed>8.40999984741211</speed>
				</extensions>
			</trkpt>
			<trkpt lat="28.54327708" lon="77.24284813">
				<ele>181.0516357421875</ele>
				<time>2026-08-09T11:42:51Z</time>
				<extensions>
					<speed>8.489999771118164</speed>
				</extensions>
			</trkpt>
			<trkpt lat="28.5433058" lon="77.24292875">
				<ele>180.7110595703125</ele>
				<time>2026-08-09T11:42:52Z</time>
				<extensions>
					<speed>8.539999961853027</speed>
				</extensions>
			</trkpt>
			<trkpt lat="28.54333577" lon="77.24300689">
				<ele>180.70697021484375</ele>
				<time>2026-08-09T11:42:53Z</time>
				<extensions>
					<speed>8.65999984741211</speed>
				</extensions>
			</trkpt>
			<trkpt lat="28.54336778" lon="77.24309151">
				<ele>180.88897705078125</ele>
				<time>2026-08-09T11:42:54Z</time>
				<extensions>
					<speed>8.739999771118164</speed>
				</extensions>
			</trkpt>
			<trkpt lat="28.54340271" lon="77.24317496">
				<ele>180.297119140625</ele>
				<time>2026-08-09T11:42:55Z</time>
				<extensions>
					<speed>8.710000038146973</speed>
				</extensions>
			</trkpt>
			<trkpt lat="28.54343437" lon="77.24325756">
				<ele>180.0850830078125</ele>
				<time>2026-08-09T11:42:56Z</time>
				<extensions>
					<speed>8.829999923706055</speed>
				</extensions>
			</trkpt>
			<trkpt lat="28.54346562" lon="77.24333483">
				<ele>180.608642578125</ele>
				<time>2026-08-09T11:42:57Z</time>
				<extensions>
					<speed>8.680000305175781</speed>
				</extensions>
			</trkpt>
			<trkpt lat="28.54349933" lon="77.24341771">
				<ele>180.88153076171875</ele>
				<time>2026-08-09T11:42:58Z</time>
				<extensions>
					<speed>8.649999618530273</speed>
				</extensions>
			</trkpt>
			<trkpt lat="28.54352974" lon="77.24349967">
				<ele>181.2535400390625</ele>
				<time>2026-08-09T11:42:59Z</time>
				<extensions>
					<speed>8.65999984741211</speed>
				</extensions>
			</trkpt>
			<trkpt lat="28.54356133" lon="77.24357831">
				<ele>181.37957763671875</ele>
				<time>2026-08-09T11:43:00Z</time>
				<extensions>
					<speed>8.569999694824219</speed>
				</extensions>
			</trkpt>
			<trkpt lat="28.54358947" lon="77.24365817">
				<ele>181.28900146484375</ele>
				<time>2026-08-09T11:43:01Z</time>
				<extensions>
					<speed>8.300000190734863</speed>
				</extensions>
			</trkpt>
			<trkpt lat="28.5436202" lon="77.24373636">
				<ele>181.796630859375</ele>
				<time>2026-08-09T11:43:02Z</time>
				<extensions>
					<speed>8.260000228881836</speed>
				</extensions>
			</trkpt>
			<trkpt lat="28.54364282" lon="77.24381475">
				<ele>180.3740234375</ele>
				<time>2026-08-09T11:43:03Z</time>
				<extensions>
					<speed>8.170000076293945</speed>
				</extensions>
			</trkpt>
			<trkpt lat="28.5436722" lon="77.24389459">
				<ele>180.71728515625</ele>
				<time>2026-08-09T11:43:04Z</time>
				<extensions>
					<speed>8.1899995803833</speed>
				</extensions>
			</trkpt>
			<trkpt lat="28.5436982" lon="77.24397068">
				<ele>180.890625</ele>
				<time>2026-08-09T11:43:05Z</time>
				<extensions>
					<speed>8.029999732971191</speed>
				</extensions>
			</trkpt>
			<trkpt lat="28.54372663" lon="77.24404113">
				<ele>179.39825439453125</ele>
				<time>2026-08-09T11:43:06Z</time>
				<extensions>
					<speed>8.050000190734863</speed>
				</extensions>
			</trkpt>
			<trkpt lat="28.5437589" lon="77.2441174">
				<ele>179.8721923828125</ele>
				<time>2026-08-09T11:43:07Z</time>
				<extensions>
					<speed>8.140000343322754</speed>
				</extensions>
			</trkpt>
			<trkpt lat="28.54378982" lon="77.24419226">
				<ele>179.23760986328125</ele>
				<time>2026-08-09T11:43:08Z</time>
				<extensions>
					<speed>8.0600004196167</speed>
				</extensions>
			</trkpt>
			<trkpt lat="28.54382377" lon="77.2442694">
				<ele>179.4114990234375</ele>
				<time>2026-08-09T11:43:09Z</time>
				<extensions>
					<speed>8.0600004196167</speed>
				</extensions>
			</trkpt>
			<trkpt lat="28.54385135" lon="77.24434213">
				<ele>179.9034423828125</ele>
				<time>2026-08-09T11:43:10Z</time>
				<extensions>
					<speed>8.050000190734863</speed>
				</extensions>
			</trkpt>
			<trkpt lat="28.54388183" lon="77.24442256">
				<ele>179.49737548828125</ele>
				<time>2026-08-09T11:43:11Z</time>
				<extensions>
					<speed>8.529999732971191</speed>
				</extensions>
			</trkpt>
			<trkpt lat="28.54390614" lon="77.24450147">
				<ele>178.9771728515625</ele>
				<time>2026-08-09T11:43:12Z</time>
				<extensions>
					<speed>8.0600004196167</speed>
				</extensions>
			</trkpt>
			<trkpt lat="28.5439364" lon="77.24457393">
				<ele>178.69146728515625</ele>
				<time>2026-08-09T11:43:13Z</time>
				<extensions>
					<speed>7.949999809265137</speed>
				</extensions>
			</trkpt>
			<trkpt lat="28.54397083" lon="77.24465412">
				<ele>178.4371337890625</ele>
				<time>2026-08-09T11:43:14Z</time>
				<extensions>
					<speed>8.539999961853027</speed>
				</extensions>
			</trkpt>
			<trkpt lat="28.54400255" lon="77.24472491">
				<ele>178.50543212890625</ele>
				<time>2026-08-09T11:43:15Z</time>
				<extensions>
					<speed>8.15999984741211</speed>
				</extensions>
			</trkpt>
			<trkpt lat="28.54402998" lon="77.24479975">
				<ele>177.93389892578125</ele>
				<time>2026-08-09T11:43:16Z</time>
				<extensions>
					<speed>7.800000190734863</speed>
				</extensions>
			</trkpt>
			<trkpt lat="28.54406331" lon="77.24487851">
				<ele>178.191650390625</ele>
				<time>2026-08-09T11:43:17Z</time>
				<extensions>
					<speed>8.300000190734863</speed>
				</extensions>
			</trkpt>
			<trkpt lat="28.54408987" lon="77.24496087">
				<ele>178.606689453125</ele>
				<time>2026-08-09T11:43:18Z</time>
				<extensions>
					<speed>8.359999656677246</speed>
				</extensions>
			</trkpt>
			<trkpt lat="28.54411715" lon="77.24503523">
				<ele>179.082763671875</ele>
				<time>2026-08-09T11:43:19Z</time>
				<extensions>
					<speed>8.15999984741211</speed>
				</extensions>
			</trkpt>
			<trkpt lat="28.54415062" lon="77.24510897">
				<ele>179.0701904296875</ele>
				<time>2026-08-09T11:43:20Z</time>
				<extensions>
					<speed>8.149999618530273</speed>
				</extensions>
			</trkpt>
			<trkpt lat="28.54418698" lon="77.24517956">
				<ele>179.99072265625</ele>
				<time>2026-08-09T11:43:21Z</time>
				<extensions>
					<speed>7.710000038146973</speed>
				</extensions>
			</trkpt>
			<trkpt lat="28.54421506" lon="77.24525411">
				<ele>180.1341552734375</ele>
				<time>2026-08-09T11:43:22Z</time>
				<extensions>
					<speed>7.610000133514404</speed>
				</extensions>
			</trkpt>
			<trkpt lat="28.54424117" lon="77.24531969">
				<ele>179.928955078125</ele>
				<time>2026-08-09T11:43:23Z</time>
				<extensions>
					<speed>7.03000020980835</speed>
				</extensions>
			</trkpt>
			<trkpt lat="28.54426897" lon="77.24538788">
				<ele>179.97589111328125</ele>
				<time>2026-08-09T11:43:24Z</time>
				<extensions>
					<speed>7.090000152587891</speed>
				</extensions>
			</trkpt>
			<trkpt lat="28.54429672" lon="77.24544982">
				<ele>179.7490234375</ele>
				<time>2026-08-09T11:43:25Z</time>
				<extensions>
					<speed>7.130000114440918</speed>
				</extensions>
			</trkpt>
			<trkpt lat="28.54432274" lon="77.24551495">
				<ele>179.66204833984375</ele>
				<time>2026-08-09T11:43:26Z</time>
				<extensions>
					<speed>6.949999809265137</speed>
				</extensions>
			</trkpt>
			<trkpt lat="28.5443522" lon="77.24558481">
				<ele>179.970458984375</ele>
				<time>2026-08-09T11:43:27Z</time>
				<extensions>
					<speed>7.329999923706055</speed>
				</extensions>
			</trkpt>
			<trkpt lat="28.54437574" lon="77.24565584">
				<ele>180.8800048828125</ele>
				<time>2026-08-09T11:43:28Z</time>
				<extensions>
					<speed>7.289999961853027</speed>
				</extensions>
			</trkpt>
			<trkpt lat="28.54439738" lon="77.24572899">
				<ele>180.966552734375</ele>
				<time>2026-08-09T11:43:29Z</time>
				<extensions>
					<speed>7.28000020980835</speed>
				</extensions>
			</trkpt>
			<trkpt lat="28.5444278" lon="77.24579362">
				<ele>180.865234375</ele>
				<time>2026-08-09T11:43:30Z</time>
				<extensions>
					<speed>7.230000019073486</speed>
				</extensions>
			</trkpt>
			<trkpt lat="28.54445385" lon="77.24586461">
				<ele>179.8525390625</ele>
				<time>2026-08-09T11:43:31Z</time>
				<extensions>
					<speed>7.420000076293945</speed>
				</extensions>
			</trkpt>
			<trkpt lat="28.54447771" lon="77.24593575">
				<ele>180.03424072265625</ele>
				<time>2026-08-09T11:43:32Z</time>
				<extensions>
					<speed>7.449999809265137</speed>
				</extensions>
			</trkpt>
			<trkpt lat="28.54450807" lon="77.24600774">
				<ele>180.8095703125</ele>
				<time>2026-08-09T11:43:33Z</time>
				<extensions>
					<speed>7.46999979019165</speed>
				</extensions>
			</trkpt>
			<trkpt lat="28.54453552" lon="77.24608438">
				<ele>181.20562744140625</ele>
				<time>2026-08-09T11:43:34Z</time>
				<extensions>
					<speed>7.510000228881836</speed>
				</extensions>
			</trkpt>
			<trkpt lat="28.54456161" lon="77.24615986">
				<ele>181.1602783203125</ele>
				<time>2026-08-09T11:43:35Z</time>
				<extensions>
					<speed>7.369999885559082</speed>
				</extensions>
			</trkpt>
			<trkpt lat="28.54458798" lon="77.24622639">
				<ele>181.5855712890625</ele>
				<time>2026-08-09T11:43:36Z</time>
				<extensions>
					<speed>7.059999942779541</speed>
				</extensions>
			</trkpt>
			<trkpt lat="28.54461379" lon="77.24629197">
				<ele>181.3834228515625</ele>
				<time>2026-08-09T11:43:37Z</time>
				<extensions>
					<speed>6.849999904632568</speed>
				</extensions>
			</trkpt>
			<trkpt lat="28.54463995" lon="77.24635315">
				<ele>180.98773193359375</ele>
				<time>2026-08-09T11:43:38Z</time>
				<extensions>
					<speed>6.840000152587891</speed>
				</extensions>
			</trkpt>
			<trkpt lat="28.54466508" lon="77.24641654">
				<ele>180.58355712890625</ele>
				<time>2026-08-09T11:43:39Z</time>
				<extensions>
					<speed>6.699999809265137</speed>
				</extensions>
			</trkpt>
			<trkpt lat="28.54469417" lon="77.24647613">
				<ele>180.8240966796875</ele>
				<time>2026-08-09T11:43:40Z</time>
				<extensions>
					<speed>6.889999866485596</speed>
				</extensions>
			</trkpt>
			<trkpt lat="28.54471678" lon="77.24654486">
				<ele>181.4873046875</ele>
				<time>2026-08-09T11:43:41Z</time>
				<extensions>
					<speed>6.840000152587891</speed>
				</extensions>
			</trkpt>
			<trkpt lat="28.54474833" lon="77.24660237">
				<ele>182.44561767578125</ele>
				<time>2026-08-09T11:43:42Z</time>
				<extensions>
					<speed>6.929999828338623</speed>
				</extensions>
			</trkpt>
			<trkpt lat="28.54477719" lon="77.24667155">
				<ele>183.3450927734375</ele>
				<time>2026-08-09T11:43:43Z</time>
				<extensions>
					<speed>7.110000133514404</speed>
				</extensions>
			</trkpt>
			<trkpt lat="28.5448065" lon="77.24674098">
				<ele>183.97723388671875</ele>
				<time>2026-08-09T11:43:44Z</time>
				<extensions>
					<speed>7.380000114440918</speed>
				</extensions>
			</trkpt>
			<trkpt lat="28.54483501" lon="77.24681172">
				<ele>184.302001953125</ele>
				<time>2026-08-09T11:43:45Z</time>
				<extensions>
					<speed>7.510000228881836</speed>
				</extensions>
			</trkpt>
			<trkpt lat="28.5448627" lon="77.24688785">
				<ele>184.38702392578125</ele>
				<time>2026-08-09T11:43:46Z</time>
				<extensions>
					<speed>7.860000133514404</speed>
				</extensions>
			</trkpt>
			<trkpt lat="28.54489056" lon="77.24695953">
				<ele>184.4486083984375</ele>
				<time>2026-08-09T11:43:47Z</time>
				<extensions>
					<speed>8.010000228881836</speed>
				</extensions>
			</trkpt>
			<trkpt lat="28.5449232" lon="77.2470374">
				<ele>184.56939697265625</ele>
				<time>2026-08-09T11:43:48Z</time>
				<extensions>
					<speed>8.210000038146973</speed>
				</extensions>
			</trkpt>
			<trkpt lat="28.54495934" lon="77.24711217">
				<ele>184.67138671875</ele>
				<time>2026-08-09T11:43:49Z</time>
				<extensions>
					<speed>8.5</speed>
				</extensions>
			</trkpt>
			<trkpt lat="28.54499007" lon="77.24719148">
				<ele>184.34893798828125</ele>
				<time>2026-08-09T11:43:50Z</time>
				<extensions>
					<speed>8.59000015258789</speed>
				</extensions>
			</trkpt>
			<trkpt lat="28.54502696" lon="77.24726117">
				<ele>184.29248046875</ele>
				<time>2026-08-09T11:43:51Z</time>
				<extensions>
					<speed>7.840000152587891</speed>
				</extensions>
			</trkpt>
			<trkpt lat="28.54505411" lon="77.24732899">
				<ele>184.1202392578125</ele>
				<time>2026-08-09T11:43:52Z</time>
				<extensions>
					<speed>7.019999980926514</speed>
				</extensions>
			</trkpt>
			<trkpt lat="28.54507748" lon="77.24739371">
				<ele>183.9127197265625</ele>
				<time>2026-08-09T11:43:53Z</time>
				<extensions>
					<speed>7.300000190734863</speed>
				</extensions>
			</trkpt>
			<trkpt lat="28.54510401" lon="77.24746198">
				<ele>184.21844482421875</ele>
				<time>2026-08-09T11:43:54Z</time>
				<extensions>
					<speed>7.050000190734863</speed>
				</extensions>
			</trkpt>
			<trkpt lat="28.54512763" lon="77.24752998">
				<ele>183.7982177734375</ele>
				<time>2026-08-09T11:43:55Z</time>
				<extensions>
					<speed>7.289999961853027</speed>
				</extensions>
			</trkpt>
			<trkpt lat="28.54515078" lon="77.24759583">
				<ele>182.9986572265625</ele>
				<time>2026-08-09T11:43:56Z</time>
				<extensions>
					<speed>7.449999809265137</speed>
				</extensions>
			</trkpt>
			<trkpt lat="28.54517646" lon="77.24766854">
				<ele>183.87890625</ele>
				<time>2026-08-09T11:43:57Z</time>
				<extensions>
					<speed>7.590000152587891</speed>
				</extensions>
			</trkpt>
			<trkpt lat="28.54520509" lon="77.24774215">
				<ele>183.6680908203125</ele>
				<time>2026-08-09T11:43:58Z</time>
				<extensions>
					<speed>7.590000152587891</speed>
				</extensions>
			</trkpt>
			<trkpt lat="28.54523045" lon="77.24781096">
				<ele>184.000244140625</ele>
				<time>2026-08-09T11:43:59Z</time>
				<extensions>
					<speed>7.650000095367432</speed>
				</extensions>
			</trkpt>
			<trkpt lat="28.54525779" lon="77.24787945">
				<ele>184.71173095703125</ele>
				<time>2026-08-09T11:44:00Z</time>
				<extensions>
					<speed>7.699999809265137</speed>
				</extensions>
			</trkpt>
			<trkpt lat="28.54528168" lon="77.24794924">
				<ele>184.4310302734375</ele>
				<time>2026-08-09T11:44:01Z</time>
				<extensions>
					<speed>7.590000152587891</speed>
				</extensions>
			</trkpt>
			<trkpt lat="28.54530731" lon="77.24801704">
				<ele>183.92901611328125</ele>
				<time>2026-08-09T11:44:02Z</time>
				<extensions>
					<speed>7.699999809265137</speed>
				</extensions>
			</trkpt>
			<trkpt lat="28.54533174" lon="77.24809265">
				<ele>184.51409912109375</ele>
				<time>2026-08-09T11:44:03Z</time>
				<extensions>
					<speed>7.710000038146973</speed>
				</extensions>
			</trkpt>
			<trkpt lat="28.54536535" lon="77.24816769">
				<ele>184.830078125</ele>
				<time>2026-08-09T11:44:04Z</time>
				<extensions>
					<speed>7.75</speed>
				</extensions>
			</trkpt>
			<trkpt lat="28.54539615" lon="77.24824223">
				<ele>185.744384765625</ele>
				<time>2026-08-09T11:44:05Z</time>
				<extensions>
					<speed>7.809999942779541</speed>
				</extensions>
			</trkpt>
			<trkpt lat="28.54542682" lon="77.24831791">
				<ele>185.781494140625</ele>
				<time>2026-08-09T11:44:06Z</time>
				<extensions>
					<speed>7.829999923706055</speed>
				</extensions>
			</trkpt>
			<trkpt lat="28.54545096" lon="77.24838607">
				<ele>185.9500732421875</ele>
				<time>2026-08-09T11:44:07Z</time>
				<extensions>
					<speed>7.75</speed>
				</extensions>
			</trkpt>
			<trkpt lat="28.54547986" lon="77.24846166">
				<ele>186.07830810546875</ele>
				<time>2026-08-09T11:44:08Z</time>
				<extensions>
					<speed>7.670000076293945</speed>
				</extensions>
			</trkpt>
			<trkpt lat="28.54550838" lon="77.2485315">
				<ele>185.853271484375</ele>
				<time>2026-08-09T11:44:09Z</time>
				<extensions>
					<speed>7.590000152587891</speed>
				</extensions>
			</trkpt>
			<trkpt lat="28.5455342" lon="77.24860601">
				<ele>186.138671875</ele>
				<time>2026-08-09T11:44:10Z</time>
				<extensions>
					<speed>7.590000152587891</speed>
				</extensions>
			</trkpt>
			<trkpt lat="28.54556536" lon="77.24867946">
				<ele>186.20654296875</ele>
				<time>2026-08-09T11:44:11Z</time>
				<extensions>
					<speed>7.639999866485596</speed>
				</extensions>
			</trkpt>
			<trkpt lat="28.54559049" lon="77.24875257">
				<ele>186.10479736328125</ele>
				<time>2026-08-09T11:44:12Z</time>
				<extensions>
					<speed>7.570000171661377</speed>
				</extensions>
			</trkpt>
			<trkpt lat="28.54562054" lon="77.24882163">
				<ele>185.9058837890625</ele>
				<time>2026-08-09T11:44:13Z</time>
				<extensions>
					<speed>7.670000076293945</speed>
				</extensions>
			</trkpt>
			<trkpt lat="28.54564659" lon="77.24889412">
				<ele>185.9093017578125</ele>
				<time>2026-08-09T11:44:14Z</time>
				<extensions>
					<speed>7.739999771118164</speed>
				</extensions>
			</trkpt>
			<trkpt lat="28.54567277" lon="77.24896752">
				<ele>186.10833740234375</ele>
				<time>2026-08-09T11:44:15Z</time>
				<extensions>
					<speed>7.71999979019165</speed>
				</extensions>
			</trkpt>
			<trkpt lat="28.54570147" lon="77.24903894">
				<ele>186.6326904296875</ele>
				<time>2026-08-09T11:44:16Z</time>
				<extensions>
					<speed>7.699999809265137</speed>
				</extensions>
			</trkpt>
			<trkpt lat="28.54573352" lon="77.2491069">
				<ele>187.355224609375</ele>
				<time>2026-08-09T11:44:17Z</time>
				<extensions>
					<speed>7.760000228881836</speed>
				</extensions>
			</trkpt>
			<trkpt lat="28.54575852" lon="77.24918033">
				<ele>187.559326171875</ele>
				<time>2026-08-09T11:44:18Z</time>
				<extensions>
					<speed>7.800000190734863</speed>
				</extensions>
			</trkpt>
			<trkpt lat="28.54578576" lon="77.24925149">
				<ele>187.71014404296875</ele>
				<time>2026-08-09T11:44:19Z</time>
				<extensions>
					<speed>7.789999961853027</speed>
				</extensions>
			</trkpt>
			<trkpt lat="28.54581385" lon="77.24933008">
				<ele>187.6011962890625</ele>
				<time>2026-08-09T11:44:20Z</time>
				<extensions>
					<speed>7.849999904632568</speed>
				</extensions>
			</trkpt>
			<trkpt lat="28.54583931" lon="77.24940769">
				<ele>187.6767578125</ele>
				<time>2026-08-09T11:44:21Z</time>
				<extensions>
					<speed>7.769999980926514</speed>
				</extensions>
			</trkpt>
			<trkpt lat="28.54586617" lon="77.24948298">
				<ele>188.23809814453125</ele>
				<time>2026-08-09T11:44:22Z</time>
				<extensions>
					<speed>7.760000228881836</speed>
				</extensions>
			</trkpt>
			<trkpt lat="28.54589594" lon="77.24955396">
				<ele>187.96136474609375</ele>
				<time>2026-08-09T11:44:23Z</time>
				<extensions>
					<speed>7.559999942779541</speed>
				</extensions>
			</trkpt>
			<trkpt lat="28.54591879" lon="77.24962273">
				<ele>187.7574462890625</ele>
				<time>2026-08-09T11:44:24Z</time>
				<extensions>
					<speed>7.690000057220459</speed>
				</extensions>
			</trkpt>
			<trkpt lat="28.54594668" lon="77.24969969">
				<ele>187.97149658203125</ele>
				<time>2026-08-09T11:44:25Z</time>
				<extensions>
					<speed>7.800000190734863</speed>
				</extensions>
			</trkpt>
			<trkpt lat="28.54597452" lon="77.2497698">
				<ele>188.482177734375</ele>
				<time>2026-08-09T11:44:26Z</time>
				<extensions>
					<speed>7.789999961853027</speed>
				</extensions>
			</trkpt>
			<trkpt lat="28.54600629" lon="77.24984376">
				<ele>188.4766845703125</ele>
				<time>2026-08-09T11:44:27Z</time>
				<extensions>
					<speed>7.820000171661377</speed>
				</extensions>
			</trkpt>
			<trkpt lat="28.54603067" lon="77.2499189">
				<ele>188.6875</ele>
				<time>2026-08-09T11:44:28Z</time>
				<extensions>
					<speed>7.860000133514404</speed>
				</extensions>
			</trkpt>
			<trkpt lat="28.54605686" lon="77.24999095">
				<ele>188.872314453125</ele>
				<time>2026-08-09T11:44:29Z</time>
				<extensions>
					<speed>7.980000019073486</speed>
				</extensions>
			</trkpt>
			<trkpt lat="28.54608579" lon="77.25006389">
				<ele>188.893310546875</ele>
				<time>2026-08-09T11:44:30Z</time>
				<extensions>
					<speed>8.130000114440918</speed>
				</extensions>
			</trkpt>
			<trkpt lat="28.54611362" lon="77.25013778">
				<ele>188.73394775390625</ele>
				<time>2026-08-09T11:44:31Z</time>
				<extensions>
					<speed>8.100000381469727</speed>
				</extensions>
			</trkpt>
			<trkpt lat="28.54614428" lon="77.25021543">
				<ele>189.074462890625</ele>
				<time>2026-08-09T11:44:32Z</time>
				<extensions>
					<speed>8.210000038146973</speed>
				</extensions>
			</trkpt>
			<trkpt lat="28.54617207" lon="77.25028966">
				<ele>188.7208251953125</ele>
				<time>2026-08-09T11:44:33Z</time>
				<extensions>
					<speed>8.300000190734863</speed>
				</extensions>
			</trkpt>
			<trkpt lat="28.54620126" lon="77.25037128">
				<ele>188.54559326171875</ele>
				<time>2026-08-09T11:44:34Z</time>
				<extensions>
					<speed>8.569999694824219</speed>
				</extensions>
			</trkpt>
			<trkpt lat="28.54623125" lon="77.25045287">
				<ele>188.140380859375</ele>
				<time>2026-08-09T11:44:35Z</time>
				<extensions>
					<speed>8.630000114440918</speed>
				</extensions>
			</trkpt>
			<trkpt lat="28.54626418" lon="77.25053294">
				<ele>187.607177734375</ele>
				<time>2026-08-09T11:44:36Z</time>
				<extensions>
					<speed>8.770000457763672</speed>
				</extensions>
			</trkpt>
			<trkpt lat="28.54629966" lon="77.25061591">
				<ele>187.6795654296875</ele>
				<time>2026-08-09T11:44:37Z</time>
				<extensions>
					<speed>8.8100004196167</speed>
				</extensions>
			</trkpt>
			<trkpt lat="28.54633191" lon="77.25069858">
				<ele>187.58807373046875</ele>
				<time>2026-08-09T11:44:38Z</time>
				<extensions>
					<speed>9.010000228881836</speed>
				</extensions>
			</trkpt>
			<trkpt lat="28.54636089" lon="77.25078514">
				<ele>186.97222900390625</ele>
				<time>2026-08-09T11:44:39Z</time>
				<extensions>
					<speed>9.279999732971191</speed>
				</extensions>
			</trkpt>
			<trkpt lat="28.54639624" lon="77.25087665">
				<ele>186.8729248046875</ele>
				<time>2026-08-09T11:44:40Z</time>
				<extensions>
					<speed>9.40999984741211</speed>
				</extensions>
			</trkpt>
			<trkpt lat="28.54643167" lon="77.25096685">
				<ele>187.1455078125</ele>
				<time>2026-08-09T11:44:41Z</time>
				<extensions>
					<speed>9.40999984741211</speed>
				</extensions>
			</trkpt>
			<trkpt lat="28.54646089" lon="77.25105517">
				<ele>186.60125732421875</ele>
				<time>2026-08-09T11:44:42Z</time>
				<extensions>
					<speed>9.430000305175781</speed>
				</extensions>
			</trkpt>
			<trkpt lat="28.54649094" lon="77.2511455">
				<ele>186.10601806640625</ele>
				<time>2026-08-09T11:44:43Z</time>
				<extensions>
					<speed>9.65999984741211</speed>
				</extensions>
			</trkpt>
			<trkpt lat="28.5465257" lon="77.25123957">
				<ele>186.0362548828125</ele>
				<time>2026-08-09T11:44:44Z</time>
				<extensions>
					<speed>9.819999694824219</speed>
				</extensions>
			</trkpt>
			<trkpt lat="28.54656337" lon="77.25133889">
				<ele>186.1295166015625</ele>
				<time>2026-08-09T11:44:45Z</time>
				<extensions>
					<speed>10.010000228881836</speed>
				</extensions>
			</trkpt>
			<trkpt lat="28.54659797" lon="77.25143718">
				<ele>186.3240966796875</ele>
				<time>2026-08-09T11:44:46Z</time>
				<extensions>
					<speed>10.039999961853027</speed>
				</extensions>
			</trkpt>
			<trkpt lat="28.54663018" lon="77.25153149">
				<ele>186.3154296875</ele>
				<time>2026-08-09T11:44:47Z</time>
				<extensions>
					<speed>10.170000076293945</speed>
				</extensions>
			</trkpt>
			<trkpt lat="28.54666594" lon="77.25163041">
				<ele>186.314208984375</ele>
				<time>2026-08-09T11:44:48Z</time>
				<extensions>
					<speed>10.420000076293945</speed>
				</extensions>
			</trkpt>
			<trkpt lat="28.54670253" lon="77.25172913">
				<ele>185.882080078125</ele>
				<time>2026-08-09T11:44:49Z</time>
				<extensions>
					<speed>10.630000114440918</speed>
				</extensions>
			</trkpt>
			<trkpt lat="28.54674283" lon="77.25183266">
				<ele>186.302490234375</ele>
				<time>2026-08-09T11:44:50Z</time>
				<extensions>
					<speed>10.670000076293945</speed>
				</extensions>
			</trkpt>
			<trkpt lat="28.54678121" lon="77.2519334">
				<ele>186.7208251953125</ele>
				<time>2026-08-09T11:44:51Z</time>
				<extensions>
					<speed>10.670000076293945</speed>
				</extensions>
			</trkpt>
			<trkpt lat="28.54681363" lon="77.25203728">
				<ele>186.57958984375</ele>
				<time>2026-08-09T11:44:52Z</time>
				<extensions>
					<speed>10.680000305175781</speed>
				</extensions>
			</trkpt>
			<trkpt lat="28.54684665" lon="77.25213166">
				<ele>186.5179443359375</ele>
				<time>2026-08-09T11:44:53Z</time>
				<extensions>
					<speed>10.369999885559082</speed>
				</extensions>
			</trkpt>
			<trkpt lat="28.54688231" lon="77.25222771">
				<ele>186.79998779296875</ele>
				<time>2026-08-09T11:44:54Z</time>
				<extensions>
					<speed>10.109999656677246</speed>
				</extensions>
			</trkpt>
			<trkpt lat="28.54691526" lon="77.25231277">
				<ele>187.20587158203125</ele>
				<time>2026-08-09T11:44:55Z</time>
				<extensions>
					<speed>9.220000267028809</speed>
				</extensions>
			</trkpt>
			<trkpt lat="28.54694465" lon="77.25239606">
				<ele>186.83612060546875</ele>
				<time>2026-08-09T11:44:56Z</time>
				<extensions>
					<speed>9.15999984741211</speed>
				</extensions>
			</trkpt>
			<trkpt lat="28.54697737" lon="77.25248347">
				<ele>186.7911376953125</ele>
				<time>2026-08-09T11:44:57Z</time>
				<extensions>
					<speed>9.020000457763672</speed>
				</extensions>
			</trkpt>
			<trkpt lat="28.54700478" lon="77.25256606">
				<ele>186.16839599609375</ele>
				<time>2026-08-09T11:44:58Z</time>
				<extensions>
					<speed>8.880000114440918</speed>
				</extensions>
			</trkpt>
			<trkpt lat="28.54703901" lon="77.25264946">
				<ele>186.28790283203125</ele>
				<time>2026-08-09T11:44:59Z</time>
				<extensions>
					<speed>8.720000267028809</speed>
				</extensions>
			</trkpt>
			<trkpt lat="28.54706692" lon="77.25273088">
				<ele>186.7344970703125</ele>
				<time>2026-08-09T11:45:00Z</time>
				<extensions>
					<speed>8.6899995803833</speed>
				</extensions>
			</trkpt>
			<trkpt lat="28.54709693" lon="77.25281353">
				<ele>186.71002197265625</ele>
				<time>2026-08-09T11:45:01Z</time>
				<extensions>
					<speed>8.600000381469727</speed>
				</extensions>
			</trkpt>
			<trkpt lat="28.54712544" lon="77.25289695">
				<ele>186.6234130859375</ele>
				<time>2026-08-09T11:45:02Z</time>
				<extensions>
					<speed>8.710000038146973</speed>
				</extensions>
			</trkpt>
			<trkpt lat="28.54715857" lon="77.25298294">
				<ele>186.41650390625</ele>
				<time>2026-08-09T11:45:03Z</time>
				<extensions>
					<speed>8.760000228881836</speed>
				</extensions>
			</trkpt>
			<trkpt lat="28.54718744" lon="77.25306676">
				<ele>186.47320556640625</ele>
				<time>2026-08-09T11:45:04Z</time>
				<extensions>
					<speed>8.770000457763672</speed>
				</extensions>
			</trkpt>
			<trkpt lat="28.54721598" lon="77.25314996">
				<ele>186.54541015625</ele>
				<time>2026-08-09T11:45:05Z</time>
				<extensions>
					<speed>8.789999961853027</speed>
				</extensions>
			</trkpt>
			<trkpt lat="28.5472419" lon="77.25323365">
				<ele>186.27288818359375</ele>
				<time>2026-08-09T11:45:06Z</time>
				<extensions>
					<speed>8.829999923706055</speed>
				</extensions>
			</trkpt>
			<trkpt lat="28.54727026" lon="77.25331596">
				<ele>185.86322021484375</ele>
				<time>2026-08-09T11:45:07Z</time>
				<extensions>
					<speed>8.829999923706055</speed>
				</extensions>
			</trkpt>
			<trkpt lat="28.54730244" lon="77.25340092">
				<ele>185.995849609375</ele>
				<time>2026-08-09T11:45:08Z</time>
				<extensions>
					<speed>9.199999809265137</speed>
				</extensions>
			</trkpt>
			<trkpt lat="28.54733182" lon="77.25349187">
				<ele>186.19122314453125</ele>
				<time>2026-08-09T11:45:09Z</time>
				<extensions>
					<speed>9.319999694824219</speed>
				</extensions>
			</trkpt>
			<trkpt lat="28.54737404" lon="77.25358297">
				<ele>185.95269775390625</ele>
				<time>2026-08-09T11:45:10Z</time>
				<extensions>
					<speed>9.479999542236328</speed>
				</extensions>
			</trkpt>
			<trkpt lat="28.54741526" lon="77.25366368">
				<ele>185.9315185546875</ele>
				<time>2026-08-09T11:45:11Z</time>
				<extensions>
					<speed>9.390000343322754</speed>
				</extensions>
			</trkpt>
			<trkpt lat="28.54745252" lon="77.25375343">
				<ele>186.415283203125</ele>
				<time>2026-08-09T11:45:12Z</time>
				<extensions>
					<speed>9.430000305175781</speed>
				</extensions>
			</trkpt>
			<trkpt lat="28.54748758" lon="77.25384176">
				<ele>186.585205078125</ele>
				<time>2026-08-09T11:45:13Z</time>
				<extensions>
					<speed>9.479999542236328</speed>
				</extensions>
			</trkpt>
			<trkpt lat="28.54752593" lon="77.25393127">
				<ele>186.55267333984375</ele>
				<time>2026-08-09T11:45:14Z</time>
				<extensions>
					<speed>9.5600004196167</speed>
				</extensions>
			</trkpt>
			<trkpt lat="28.54756334" lon="77.25401645">
				<ele>186.6895751953125</ele>
				<time>2026-08-09T11:45:15Z</time>
				<extensions>
					<speed>9.600000381469727</speed>
				</extensions>
			</trkpt>
			<trkpt lat="28.54759932" lon="77.25410625">
				<ele>186.6759033203125</ele>
				<time>2026-08-09T11:45:16Z</time>
				<extensions>
					<speed>9.6899995803833</speed>
				</extensions>
			</trkpt>
			<trkpt lat="28.54763759" lon="77.25419637">
				<ele>187.18695068359375</ele>
				<time>2026-08-09T11:45:17Z</time>
				<extensions>
					<speed>9.609999656677246</speed>
				</extensions>
			</trkpt>
			<trkpt lat="28.5476746" lon="77.25428488">
				<ele>187.38629150390625</ele>
				<time>2026-08-09T11:45:18Z</time>
				<extensions>
					<speed>9.6899995803833</speed>
				</extensions>
			</trkpt>
			<trkpt lat="28.54771095" lon="77.25437519">
				<ele>187.494140625</ele>
				<time>2026-08-09T11:45:19Z</time>
				<extensions>
					<speed>9.6899995803833</speed>
				</extensions>
			</trkpt>
			<trkpt lat="28.5477489" lon="77.25446026">
				<ele>187.6224365234375</ele>
				<time>2026-08-09T11:45:20Z</time>
				<extensions>
					<speed>9.619999885559082</speed>
				</extensions>
			</trkpt>
			<trkpt lat="28.54778569" lon="77.25454768">
				<ele>187.6600341796875</ele>
				<time>2026-08-09T11:45:21Z</time>
				<extensions>
					<speed>9.5600004196167</speed>
				</extensions>
			</trkpt>
			<trkpt lat="28.54782212" lon="77.25464013">
				<ele>187.92822265625</ele>
				<time>2026-08-09T11:45:22Z</time>
				<extensions>
					<speed>9.579999923706055</speed>
				</extensions>
			</trkpt>
			<trkpt lat="28.54785629" lon="77.25472603">
				<ele>187.8155517578125</ele>
				<time>2026-08-09T11:45:23Z</time>
				<extensions>
					<speed>9.539999961853027</speed>
				</extensions>
			</trkpt>
			<trkpt lat="28.54789283" lon="77.25481256">
				<ele>188.1002197265625</ele>
				<time>2026-08-09T11:45:24Z</time>
				<extensions>
					<speed>9.470000267028809</speed>
				</extensions>
			</trkpt>
			<trkpt lat="28.54792789" lon="77.25489819">
				<ele>188.32867431640625</ele>
				<time>2026-08-09T11:45:25Z</time>
				<extensions>
					<speed>9.260000228881836</speed>
				</extensions>
			</trkpt>
			<trkpt lat="28.5479619" lon="77.25498527">
				<ele>188.73834228515625</ele>
				<time>2026-08-09T11:45:26Z</time>
				<extensions>
					<speed>9.09000015258789</speed>
				</extensions>
			</trkpt>
			<trkpt lat="28.54799367" lon="77.25507046">
				<ele>188.71929931640625</ele>
				<time>2026-08-09T11:45:27Z</time>
				<extensions>
					<speed>8.949999809265137</speed>
				</extensions>
			</trkpt>
			<trkpt lat="28.54802433" lon="77.25515115">
				<ele>188.90313720703125</ele>
				<time>2026-08-09T11:45:28Z</time>
				<extensions>
					<speed>8.680000305175781</speed>
				</extensions>
			</trkpt>
			<trkpt lat="28.54805591" lon="77.25523272">
				<ele>188.9361572265625</ele>
				<time>2026-08-09T11:45:29Z</time>
				<extensions>
					<speed>8.619999885559082</speed>
				</extensions>
			</trkpt>
			<trkpt lat="28.54808966" lon="77.25531214">
				<ele>189.23138427734375</ele>
				<time>2026-08-09T11:45:30Z</time>
				<extensions>
					<speed>8.539999961853027</speed>
				</extensions>
			</trkpt>
			<trkpt lat="28.54811926" lon="77.25538958">
				<ele>188.97021484375</ele>
				<time>2026-08-09T11:45:31Z</time>
				<extensions>
					<speed>8.34000015258789</speed>
				</extensions>
			</trkpt>
			<trkpt lat="28.54815241" lon="77.25546554">
				<ele>189.2186279296875</ele>
				<time>2026-08-09T11:45:32Z</time>
				<extensions>
					<speed>8.359999656677246</speed>
				</extensions>
			</trkpt>
			<trkpt lat="28.548183" lon="77.25554309">
				<ele>189.5999755859375</ele>
				<time>2026-08-09T11:45:33Z</time>
				<extensions>
					<speed>8.380000114440918</speed>
				</extensions>
			</trkpt>
			<trkpt lat="28.54821516" lon="77.25562313">
				<ele>189.21435546875</ele>
				<time>2026-08-09T11:45:34Z</time>
				<extensions>
					<speed>8.4399995803833</speed>
				</extensions>
			</trkpt>
			<trkpt lat="28.54824871" lon="77.25570248">
				<ele>189.22003173828125</ele>
				<time>2026-08-09T11:45:35Z</time>
				<extensions>
					<speed>8.510000228881836</speed>
				</extensions>
			</trkpt>
			<trkpt lat="28.54828159" lon="77.25578165">
				<ele>189.51629638671875</ele>
				<time>2026-08-09T11:45:36Z</time>
				<extensions>
					<speed>8.600000381469727</speed>
				</extensions>
			</trkpt>
			<trkpt lat="28.54831371" lon="77.25586364">
				<ele>189.6639404296875</ele>
				<time>2026-08-09T11:45:37Z</time>
				<extensions>
					<speed>8.680000305175781</speed>
				</extensions>
			</trkpt>
			<trkpt lat="28.54834552" lon="77.25594665">
				<ele>189.5792236328125</ele>
				<time>2026-08-09T11:45:38Z</time>
				<extensions>
					<speed>8.739999771118164</speed>
				</extensions>
			</trkpt>
			<trkpt lat="28.54837752" lon="77.25602955">
				<ele>190.10723876953125</ele>
				<time>2026-08-09T11:45:39Z</time>
				<extensions>
					<speed>8.720000267028809</speed>
				</extensions>
			</trkpt>
			<trkpt lat="28.54840939" lon="77.25611087">
				<ele>190.21942138671875</ele>
				<time>2026-08-09T11:45:40Z</time>
				<extensions>
					<speed>8.729999542236328</speed>
				</extensions>
			</trkpt>
			<trkpt lat="28.54844035" lon="77.25619437">
				<ele>190.62237548828125</ele>
				<time>2026-08-09T11:45:41Z</time>
				<extensions>
					<speed>8.710000038146973</speed>
				</extensions>
			</trkpt>
			<trkpt lat="28.54847276" lon="77.25627746">
				<ele>190.7625732421875</ele>
				<time>2026-08-09T11:45:42Z</time>
				<extensions>
					<speed>8.710000038146973</speed>
				</extensions>
			</trkpt>
			<trkpt lat="28.54850763" lon="77.25635982">
				<ele>191.00152587890625</ele>
				<time>2026-08-09T11:45:43Z</time>
				<extensions>
					<speed>8.760000228881836</speed>
				</extensions>
			</trkpt>
			<trkpt lat="28.54853688" lon="77.25644006">
				<ele>191.05419921875</ele>
				<time>2026-08-09T11:45:44Z</time>
				<extensions>
					<speed>8.729999542236328</speed>
				</extensions>
			</trkpt>
			<trkpt lat="28.54856773" lon="77.25652151">
				<ele>191.21490478515625</ele>
				<time>2026-08-09T11:45:45Z</time>
				<extensions>
					<speed>8.529999732971191</speed>
				</extensions>
			</trkpt>
			<trkpt lat="28.5485962" lon="77.25658961">
				<ele>191.44525146484375</ele>
				<time>2026-08-09T11:45:46Z</time>
				<extensions>
					<speed>7.679999828338623</speed>
				</extensions>
			</trkpt>
			<trkpt lat="28.54861908" lon="77.25665725">
				<ele>191.55377197265625</ele>
				<time>2026-08-09T11:45:47Z</time>
				<extensions>
					<speed>7.340000152587891</speed>
				</extensions>
			</trkpt>
			<trkpt lat="28.54864367" lon="77.25672608">
				<ele>191.77679443359375</ele>
				<time>2026-08-09T11:45:48Z</time>
				<extensions>
					<speed>7.179999828338623</speed>
				</extensions>
			</trkpt>
			<trkpt lat="28.54866367" lon="77.25678982">
				<ele>191.6798095703125</ele>
				<time>2026-08-09T11:45:49Z</time>
				<extensions>
					<speed>6.579999923706055</speed>
				</extensions>
			</trkpt>
			<trkpt lat="28.54868239" lon="77.25684916">
				<ele>191.939453125</ele>
				<time>2026-08-09T11:45:50Z</time>
				<extensions>
					<speed>6.28000020980835</speed>
				</extensions>
			</trkpt>
			<trkpt lat="28.54870185" lon="77.25690887">
				<ele>192.16552734375</ele>
				<time>2026-08-09T11:45:51Z</time>
				<extensions>
					<speed>5.760000228881836</speed>
				</extensions>
			</trkpt>
			<trkpt lat="28.5487196" lon="77.25695898">
				<ele>192.77734375</ele>
				<time>2026-08-09T11:45:52Z</time>
				<extensions>
					<speed>5.519999980926514</speed>
				</extensions>
			</trkpt>
			<trkpt lat="28.54874298" lon="77.25701206">
				<ele>192.401123046875</ele>
				<time>2026-08-09T11:45:53Z</time>
				<extensions>
					<speed>5.5</speed>
				</extensions>
			</trkpt>
			<trkpt lat="28.54875909" lon="77.2570586">
				<ele>192.2886962890625</ele>
				<time>2026-08-09T11:45:54Z</time>
				<extensions>
					<speed>5.340000152587891</speed>
				</extensions>
			</trkpt>
			<trkpt lat="28.54877588" lon="77.25711548">
				<ele>193.7764892578125</ele>
				<time>2026-08-09T11:45:55Z</time>
				<extensions>
					<speed>5.269999980926514</speed>
				</extensions>
			</trkpt>
			<trkpt lat="28.54878932" lon="77.25716761">
				<ele>194.00323486328125</ele>
				<time>2026-08-09T11:45:56Z</time>
				<extensions>
					<speed>5.070000171661377</speed>
				</extensions>
			</trkpt>
			<trkpt lat="28.54879942" lon="77.25721121">
				<ele>194.39801025390625</ele>
				<time>2026-08-09T11:45:57Z</time>
				<extensions>
					<speed>4.539999961853027</speed>
				</extensions>
			</trkpt>
			<trkpt lat="28.54881041" lon="77.2572486">
				<ele>194.3895263671875</ele>
				<time>2026-08-09T11:45:58Z</time>
				<extensions>
					<speed>3.799999952316284</speed>
				</extensions>
			</trkpt>
			<trkpt lat="28.54882004" lon="77.2572868">
				<ele>194.850830078125</ele>
				<time>2026-08-09T11:45:59Z</time>
				<extensions>
					<speed>3.440000057220459</speed>
				</extensions>
			</trkpt>
			<trkpt lat="28.54882956" lon="77.25732115">
				<ele>194.7269287109375</ele>
				<time>2026-08-09T11:46:00Z</time>
				<extensions>
					<speed>3.240000009536743</speed>
				</extensions>
			</trkpt>
			<trkpt lat="28.5488353" lon="77.25735559">
				<ele>194.98248291015625</ele>
				<time>2026-08-09T11:46:01Z</time>
				<extensions>
					<speed>3.4100000858306885</speed>
				</extensions>
			</trkpt>
			<trkpt lat="28.54883963" lon="77.25739304">
				<ele>195.31024169921875</ele>
				<time>2026-08-09T11:46:02Z</time>
				<extensions>
					<speed>3.5</speed>
				</extensions>
			</trkpt>
			<trkpt lat="28.54884502" lon="77.25743071">
				<ele>195.52734375</ele>
				<time>2026-08-09T11:46:03Z</time>
				<extensions>
					<speed>3.740000009536743</speed>
				</extensions>
			</trkpt>
			<trkpt lat="28.54884918" lon="77.25747398">
				<ele>196.08905029296875</ele>
				<time>2026-08-09T11:46:04Z</time>
				<extensions>
					<speed>4.210000038146973</speed>
				</extensions>
			</trkpt>
			<trkpt lat="28.54884949" lon="77.25752089">
				<ele>196.073974609375</ele>
				<time>2026-08-09T11:46:05Z</time>
				<extensions>
					<speed>4.610000133514404</speed>
				</extensions>
			</trkpt>
			<trkpt lat="28.54884574" lon="77.25756803">
				<ele>194.54998779296875</ele>
				<time>2026-08-09T11:46:06Z</time>
				<extensions>
					<speed>4.78000020980835</speed>
				</extensions>
			</trkpt>
			<trkpt lat="28.54884041" lon="77.25761727">
				<ele>193.75518798828125</ele>
				<time>2026-08-09T11:46:07Z</time>
				<extensions>
					<speed>5.099999904632568</speed>
				</extensions>
			</trkpt>
			<trkpt lat="28.54883668" lon="77.25767341">
				<ele>193.2130126953125</ele>
				<time>2026-08-09T11:46:08Z</time>
				<extensions>
					<speed>5.380000114440918</speed>
				</extensions>
			</trkpt>
			<trkpt lat="28.54883084" lon="77.25773143">
				<ele>192.9312744140625</ele>
				<time>2026-08-09T11:46:09Z</time>
				<extensions>
					<speed>5.510000228881836</speed>
				</extensions>
			</trkpt>
			<trkpt lat="28.54882783" lon="77.2577941">
				<ele>192.6146240234375</ele>
				<time>2026-08-09T11:46:10Z</time>
				<extensions>
					<speed>6.159999847412109</speed>
				</extensions>
			</trkpt>
			<trkpt lat="28.5488284" lon="77.25786423">
				<ele>191.76055908203125</ele>
				<time>2026-08-09T11:46:11Z</time>
				<extensions>
					<speed>6.590000152587891</speed>
				</extensions>
			</trkpt>
			<trkpt lat="28.54882626" lon="77.25793601">
				<ele>191.31103515625</ele>
				<time>2026-08-09T11:46:12Z</time>
				<extensions>
					<speed>6.75</speed>
				</extensions>
			</trkpt>
			<trkpt lat="28.54883019" lon="77.25800715">
				<ele>190.95361328125</ele>
				<time>2026-08-09T11:46:13Z</time>
				<extensions>
					<speed>7.179999828338623</speed>
				</extensions>
			</trkpt>
			<trkpt lat="28.54883521" lon="77.25808637">
				<ele>190.56658935546875</ele>
				<time>2026-08-09T11:46:14Z</time>
				<extensions>
					<speed>7.590000152587891</speed>
				</extensions>
			</trkpt>
			<trkpt lat="28.54883938" lon="77.25816205">
				<ele>190.51043701171875</ele>
				<time>2026-08-09T11:46:15Z</time>
				<extensions>
					<speed>7.739999771118164</speed>
				</extensions>
			</trkpt>
			<trkpt lat="28.54884541" lon="77.25824492">
				<ele>190.5814208984375</ele>
				<time>2026-08-09T11:46:16Z</time>
				<extensions>
					<speed>7.949999809265137</speed>
				</extensions>
			</trkpt>
			<trkpt lat="28.54884769" lon="77.25832979">
				<ele>190.2940673828125</ele>
				<time>2026-08-09T11:46:17Z</time>
				<extensions>
					<speed>8.289999961853027</speed>
				</extensions>
			</trkpt>
			<trkpt lat="28.54885731" lon="77.25841239">
				<ele>189.5545654296875</ele>
				<time>2026-08-09T11:46:18Z</time>
				<extensions>
					<speed>8.529999732971191</speed>
				</extensions>
			</trkpt>
			<trkpt lat="28.54885696" lon="77.25850166">
				<ele>189.50732421875</ele>
				<time>2026-08-09T11:46:19Z</time>
				<extensions>
					<speed>8.6899995803833</speed>
				</extensions>
			</trkpt>
			<trkpt lat="28.54885813" lon="77.25859119">
				<ele>189.36029052734375</ele>
				<time>2026-08-09T11:46:20Z</time>
				<extensions>
					<speed>8.8100004196167</speed>
				</extensions>
			</trkpt>
			<trkpt lat="28.54886144" lon="77.25868317">
				<ele>189.71649169921875</ele>
				<time>2026-08-09T11:46:21Z</time>
				<extensions>
					<speed>8.930000305175781</speed>
				</extensions>
			</trkpt>
			<trkpt lat="28.54886732" lon="77.25877722">
				<ele>189.5299072265625</ele>
				<time>2026-08-09T11:46:22Z</time>
				<extensions>
					<speed>9.100000381469727</speed>
				</extensions>
			</trkpt>
			<trkpt lat="28.54886803" lon="77.25886633">
				<ele>189.3592529296875</ele>
				<time>2026-08-09T11:46:23Z</time>
				<extensions>
					<speed>9.15999984741211</speed>
				</extensions>
			</trkpt>
			<trkpt lat="28.5488722" lon="77.25896117">
				<ele>189.04803466796875</ele>
				<time>2026-08-09T11:46:24Z</time>
				<extensions>
					<speed>9.1899995803833</speed>
				</extensions>
			</trkpt>
			<trkpt lat="28.54887576" lon="77.25905507">
				<ele>188.6875</ele>
				<time>2026-08-09T11:46:25Z</time>
				<extensions>
					<speed>9.319999694824219</speed>
				</extensions>
			</trkpt>
			<trkpt lat="28.5488816" lon="77.25915543">
				<ele>188.86993408203125</ele>
				<time>2026-08-09T11:46:26Z</time>
				<extensions>
					<speed>9.4399995803833</speed>
				</extensions>
			</trkpt>
			<trkpt lat="28.54888535" lon="77.25925528">
				<ele>188.9176025390625</ele>
				<time>2026-08-09T11:46:27Z</time>
				<extensions>
					<speed>9.600000381469727</speed>
				</extensions>
			</trkpt>
			<trkpt lat="28.54889166" lon="77.25935721">
				<ele>189.22601318359375</ele>
				<time>2026-08-09T11:46:28Z</time>
				<extensions>
					<speed>9.770000457763672</speed>
				</extensions>
			</trkpt>
			<trkpt lat="28.54889655" lon="77.25945783">
				<ele>189.28717041015625</ele>
				<time>2026-08-09T11:46:29Z</time>
				<extensions>
					<speed>9.84000015258789</speed>
				</extensions>
			</trkpt>
			<trkpt lat="28.54889825" lon="77.25955948">
				<ele>189.14794921875</ele>
				<time>2026-08-09T11:46:30Z</time>
				<extensions>
					<speed>9.979999542236328</speed>
				</extensions>
			</trkpt>
			<trkpt lat="28.54890848" lon="77.25966497">
				<ele>189.2503662109375</ele>
				<time>2026-08-09T11:46:31Z</time>
				<extensions>
					<speed>10.0600004196167</speed>
				</extensions>
			</trkpt>
			<trkpt lat="28.54891514" lon="77.25976744">
				<ele>188.908447265625</ele>
				<time>2026-08-09T11:46:32Z</time>
				<extensions>
					<speed>10.020000457763672</speed>
				</extensions>
			</trkpt>
			<trkpt lat="28.54892326" lon="77.25987332">
				<ele>188.66497802734375</ele>
				<time>2026-08-09T11:46:33Z</time>
				<extensions>
					<speed>10.25</speed>
				</extensions>
			</trkpt>
			<trkpt lat="28.54893518" lon="77.25997785">
				<ele>188.809326171875</ele>
				<time>2026-08-09T11:46:34Z</time>
				<extensions>
					<speed>10.300000190734863</speed>
				</extensions>
			</trkpt>
			<trkpt lat="28.54894511" lon="77.26008643">
				<ele>189.12109375</ele>
				<time>2026-08-09T11:46:35Z</time>
				<extensions>
					<speed>10.479999542236328</speed>
				</extensions>
			</trkpt>
			<trkpt lat="28.5489601" lon="77.26019145">
				<ele>189.02618408203125</ele>
				<time>2026-08-09T11:46:36Z</time>
				<extensions>
					<speed>10.510000228881836</speed>
				</extensions>
			</trkpt>
			<trkpt lat="28.54897663" lon="77.26029551">
				<ele>189.08966064453125</ele>
				<time>2026-08-09T11:46:37Z</time>
				<extensions>
					<speed>10.539999961853027</speed>
				</extensions>
			</trkpt>
			<trkpt lat="28.54899067" lon="77.2604039">
				<ele>189.2900390625</ele>
				<time>2026-08-09T11:46:38Z</time>
				<extensions>
					<speed>10.720000267028809</speed>
				</extensions>
			</trkpt>
			<trkpt lat="28.5490105" lon="77.2605098">
				<ele>189.30230712890625</ele>
				<time>2026-08-09T11:46:39Z</time>
				<extensions>
					<speed>10.819999694824219</speed>
				</extensions>
			</trkpt>
			<trkpt lat="28.54903397" lon="77.26061593">
				<ele>189.1500244140625</ele>
				<time>2026-08-09T11:46:40Z</time>
				<extensions>
					<speed>10.829999923706055</speed>
				</extensions>
			</trkpt>
			<trkpt lat="28.54906048" lon="77.26071999">
				<ele>188.5325927734375</ele>
				<time>2026-08-09T11:46:41Z</time>
				<extensions>
					<speed>10.729999542236328</speed>
				</extensions>
			</trkpt>
			<trkpt lat="28.54908639" lon="77.26082368">
				<ele>188.45367431640625</ele>
				<time>2026-08-09T11:46:42Z</time>
				<extensions>
					<speed>10.699999809265137</speed>
				</extensions>
			</trkpt>
			<trkpt lat="28.54911434" lon="77.26092704">
				<ele>188.83056640625</ele>
				<time>2026-08-09T11:46:43Z</time>
				<extensions>
					<speed>10.699999809265137</speed>
				</extensions>
			</trkpt>
			<trkpt lat="28.54914283" lon="77.26102799">
				<ele>189.006591796875</ele>
				<time>2026-08-09T11:46:44Z</time>
				<extensions>
					<speed>10.260000228881836</speed>
				</extensions>
			</trkpt>
			<trkpt lat="28.54917205" lon="77.26112743">
				<ele>188.42816162109375</ele>
				<time>2026-08-09T11:46:45Z</time>
				<extensions>
					<speed>10.180000305175781</speed>
				</extensions>
			</trkpt>
			<trkpt lat="28.54920335" lon="77.26122605">
				<ele>187.70947265625</ele>
				<time>2026-08-09T11:46:46Z</time>
				<extensions>
					<speed>9.90999984741211</speed>
				</extensions>
			</trkpt>
			<trkpt lat="28.54922695" lon="77.26131658">
				<ele>187.63861083984375</ele>
				<time>2026-08-09T11:46:47Z</time>
				<extensions>
					<speed>9.270000457763672</speed>
				</extensions>
			</trkpt>
			<trkpt lat="28.54924748" lon="77.26140491">
				<ele>187.213623046875</ele>
				<time>2026-08-09T11:46:48Z</time>
				<extensions>
					<speed>8.779999732971191</speed>
				</extensions>
			</trkpt>
			<trkpt lat="28.54926428" lon="77.26147771">
				<ele>187.37738037109375</ele>
				<time>2026-08-09T11:46:49Z</time>
				<extensions>
					<speed>7.699999809265137</speed>
				</extensions>
			</trkpt>
			<trkpt lat="28.54927662" lon="77.26154238">
				<ele>187.2987060546875</ele>
				<time>2026-08-09T11:46:50Z</time>
				<extensions>
					<speed>6.409999847412109</speed>
				</extensions>
			</trkpt>
			<trkpt lat="28.5492886" lon="77.26159112">
				<ele>186.986083984375</ele>
				<time>2026-08-09T11:46:51Z</time>
				<extensions>
					<speed>4.869999885559082</speed>
				</extensions>
			</trkpt>
			<trkpt lat="28.54929657" lon="77.26162677">
				<ele>187.1494140625</ele>
				<time>2026-08-09T11:46:52Z</time>
				<extensions>
					<speed>3.700000047683716</speed>
				</extensions>
			</trkpt>
			<trkpt lat="28.54930037" lon="77.26165211">
				<ele>187.3043212890625</ele>
				<time>2026-08-09T11:46:53Z</time>
				<extensions>
					<speed>2.440000057220459</speed>
				</extensions>
			</trkpt>
			<trkpt lat="28.54930497" lon="77.26166475">
				<ele>186.833740234375</ele>
				<time>2026-08-09T11:46:54Z</time>
				<extensions>
					<speed>1.2999999523162842</speed>
				</extensions>
			</trkpt>
			<trkpt lat="28.54930489" lon="77.26166908">
				<ele>186.69775390625</ele>
				<time>2026-08-09T11:46:55Z</time>
				<extensions>
					<speed>0.3400000035762787</speed>
				</extensions>
			</trkpt>
			<trkpt lat="28.5493038" lon="77.26167145">
				<ele>186.7901611328125</ele>
				<time>2026-08-09T11:46:56Z</time>
				<extensions>
					<speed>0.0</speed>
				</extensions>
			</trkpt>
			<trkpt lat="28.54930356" lon="77.26167144">
				<ele>186.58355712890625</ele>
				<time>2026-08-09T11:46:57Z</time>
				<extensions>
					<speed>0.0</speed>
				</extensions>
			</trkpt>
			<trkpt lat="28.54930265" lon="77.26167066">
				<ele>186.7440185546875</ele>
				<time>2026-08-09T11:46:58Z</time>
				<extensions>
					<speed>0.0</speed>
				</extensions>
			</trkpt>
			<trkpt lat="28.54930216" lon="77.26167109">
				<ele>186.537353515625</ele>
				<time>2026-08-09T11:46:59Z</time>
				<extensions>
					<speed>0.0</speed>
				</extensions>
			</trkpt>
			<trkpt lat="28.54930098" lon="77.26166993">
				<ele>186.20703125</ele>
				<time>2026-08-09T11:47:00Z</time>
				<extensions>
					<speed>0.0</speed>
				</extensions>
			</trkpt>
			<trkpt lat="28.5493003" lon="77.26166878">
				<ele>186.02056884765625</ele>
				<time>2026-08-09T11:47:01Z</time>
				<extensions>
					<speed>0.0</speed>
				</extensions>
			</trkpt>
			<trkpt lat="28.54929948" lon="77.2616684">
				<ele>186.01361083984375</ele>
				<time>2026-08-09T11:47:02Z</time>
				<extensions>
					<speed>0.0</speed>
				</extensions>
			</trkpt>
			<trkpt lat="28.54929968" lon="77.26166794">
				<ele>186.18359375</ele>
				<time>2026-08-09T11:47:03Z</time>
				<extensions>
					<speed>0.0</speed>
				</extensions>
			</trkpt>
			<trkpt lat="28.54929862" lon="77.26166765">
				<ele>186.1214599609375</ele>
				<time>2026-08-09T11:47:04Z</time>
				<extensions>
					<speed>0.0</speed>
				</extensions>
			</trkpt>
			<trkpt lat="28.54929807" lon="77.26166682">
				<ele>186.17425537109375</ele>
				<time>2026-08-09T11:47:05Z</time>
				<extensions>
					<speed>0.0</speed>
				</extensions>
			</trkpt>
			<trkpt lat="28.54929813" lon="77.2616664">
				<ele>186.1619873046875</ele>
				<time>2026-08-09T11:47:06Z</time>
				<extensions>
					<speed>0.0</speed>
				</extensions>
			</trkpt>
			<trkpt lat="28.5492981" lon="77.26166621">
				<ele>186.2098388671875</ele>
				<time>2026-08-09T11:47:07Z</time>
				<extensions>
					<speed>0.0</speed>
				</extensions>
			</trkpt>
			<trkpt lat="28.54929532" lon="77.26166671">
				<ele>185.7659912109375</ele>
				<time>2026-08-09T11:47:08Z</time>
				<extensions>
					<speed>0.5799999833106995</speed>
				</extensions>
			</trkpt>
			<trkpt lat="28.54929179" lon="77.2616707">
				<ele>186.06884765625</ele>
				<time>2026-08-09T11:47:09Z</time>
				<extensions>
					<speed>0.0</speed>
				</extensions>
			</trkpt>
			<trkpt lat="28.54928974" lon="77.26167281">
				<ele>185.26025390625</ele>
				<time>2026-08-09T11:47:10Z</time>
				<extensions>
					<speed>0.0</speed>
				</extensions>
			</trkpt>
			<trkpt lat="28.54928827" lon="77.2616762">
				<ele>185.44146728515625</ele>
				<time>2026-08-09T11:47:11Z</time>
				<extensions>
					<speed>0.0</speed>
				</extensions>
			</trkpt>
			<trkpt lat="28.54928689" lon="77.26167989">
				<ele>185.24658203125</ele>
				<time>2026-08-09T11:47:12Z</time>
				<extensions>
					<speed>0.0</speed>
				</extensions>
			</trkpt>
			<trkpt lat="28.54928828" lon="77.26168446">
				<ele>185.127685546875</ele>
				<time>2026-08-09T11:47:13Z</time>
				<extensions>
					<speed>0.47999998927116394</speed>
				</extensions>
			</trkpt>
			<trkpt lat="28.54928899" lon="77.26168534">
				<ele>184.9757080078125</ele>
				<time>2026-08-09T11:47:14Z</time>
				<extensions>
					<speed>0.0</speed>
				</extensions>
			</trkpt>
			<trkpt lat="28.54928944" lon="77.2616972">
				<ele>184.97174072265625</ele>
				<time>2026-08-09T11:47:15Z</time>
				<extensions>
					<speed>1.590000033378601</speed>
				</extensions>
			</trkpt>
			<trkpt lat="28.54929333" lon="77.26171478">
				<ele>185.51544189453125</ele>
				<time>2026-08-09T11:47:16Z</time>
				<extensions>
					<speed>2.0199999809265137</speed>
				</extensions>
			</trkpt>
			<trkpt lat="28.54930152" lon="77.26173851">
				<ele>185.5877685546875</ele>
				<time>2026-08-09T11:47:17Z</time>
				<extensions>
					<speed>3.0199999809265137</speed>
				</extensions>
			</trkpt>
			<trkpt lat="28.54930853" lon="77.2617654">
				<ele>186.1033935546875</ele>
				<time>2026-08-09T11:47:18Z</time>
				<extensions>
					<speed>2.8399999141693115</speed>
				</extensions>
			</trkpt>
			<trkpt lat="28.54931535" lon="77.26179532">
				<ele>186.451904296875</ele>
				<time>2026-08-09T11:47:19Z</time>
				<extensions>
					<speed>3.240000009536743</speed>
				</extensions>
			</trkpt>
			<trkpt lat="28.54931961" lon="77.26182584">
				<ele>187.11871337890625</ele>
				<time>2026-08-09T11:47:20Z</time>
				<extensions>
					<speed>3.200000047683716</speed>
				</extensions>
			</trkpt>
			<trkpt lat="28.54932792" lon="77.26186256">
				<ele>187.58544921875</ele>
				<time>2026-08-09T11:47:21Z</time>
				<extensions>
					<speed>3.8399999141693115</speed>
				</extensions>
			</trkpt>
			<trkpt lat="28.54933624" lon="77.26190288">
				<ele>188.0142822265625</ele>
				<time>2026-08-09T11:47:22Z</time>
				<extensions>
					<speed>4.210000038146973</speed>
				</extensions>
			</trkpt>
			<trkpt lat="28.54934346" lon="77.26194502">
				<ele>188.68115234375</ele>
				<time>2026-08-09T11:47:23Z</time>
				<extensions>
					<speed>4.210000038146973</speed>
				</extensions>
			</trkpt>
			<trkpt lat="28.54935816" lon="77.26198314">
				<ele>188.90972900390625</ele>
				<time>2026-08-09T11:47:24Z</time>
				<extensions>
					<speed>4.179999828338623</speed>
				</extensions>
			</trkpt>
			<trkpt lat="28.54936651" lon="77.26202508">
				<ele>189.01019287109375</ele>
				<time>2026-08-09T11:47:25Z</time>
				<extensions>
					<speed>4.510000228881836</speed>
				</extensions>
			</trkpt>
			<trkpt lat="28.54937077" lon="77.26206598">
				<ele>188.142333984375</ele>
				<time>2026-08-09T11:47:26Z</time>
				<extensions>
					<speed>3.75</speed>
				</extensions>
			</trkpt>
			<trkpt lat="28.54937249" lon="77.26210808">
				<ele>187.493896484375</ele>
				<time>2026-08-09T11:47:27Z</time>
				<extensions>
					<speed>4.25</speed>
				</extensions>
			</trkpt>
			<trkpt lat="28.54937235" lon="77.26215192">
				<ele>187.4727783203125</ele>
				<time>2026-08-09T11:47:28Z</time>
				<extensions>
					<speed>4.289999961853027</speed>
				</extensions>
			</trkpt>
			<trkpt lat="28.5493684" lon="77.26219216">
				<ele>187.283447265625</ele>
				<time>2026-08-09T11:47:29Z</time>
				<extensions>
					<speed>3.6500000953674316</speed>
				</extensions>
			</trkpt>
			<trkpt lat="28.54935664" lon="77.26222985">
				<ele>186.9927978515625</ele>
				<time>2026-08-09T11:47:30Z</time>
				<extensions>
					<speed>4.019999980926514</speed>
				</extensions>
			</trkpt>
			<trkpt lat="28.54933954" lon="77.26226843">
				<ele>186.72119140625</ele>
				<time>2026-08-09T11:47:31Z</time>
				<extensions>
					<speed>4.340000152587891</speed>
				</extensions>
			</trkpt>
			<trkpt lat="28.54931265" lon="77.26230632">
				<ele>186.9722900390625</ele>
				<time>2026-08-09T11:47:32Z</time>
				<extensions>
					<speed>4.929999828338623</speed>
				</extensions>
			</trkpt>
			<trkpt lat="28.54927848" lon="77.26233903">
				<ele>186.562255859375</ele>
				<time>2026-08-09T11:47:33Z</time>
				<extensions>
					<speed>5.480000019073486</speed>
				</extensions>
			</trkpt>
			<trkpt lat="28.54923882" lon="77.26237659">
				<ele>185.35113525390625</ele>
				<time>2026-08-09T11:47:34Z</time>
				<extensions>
					<speed>5.71999979019165</speed>
				</extensions>
			</trkpt>
			<trkpt lat="28.54919565" lon="77.26241187">
				<ele>185.338623046875</ele>
				<time>2026-08-09T11:47:35Z</time>
				<extensions>
					<speed>6.159999847412109</speed>
				</extensions>
			</trkpt>
			<trkpt lat="28.54914303" lon="77.26244564">
				<ele>185.3323974609375</ele>
				<time>2026-08-09T11:47:36Z</time>
				<extensions>
					<speed>6.789999961853027</speed>
				</extensions>
			</trkpt>
			<trkpt lat="28.54909385" lon="77.26247907">
				<ele>184.72943115234375</ele>
				<time>2026-08-09T11:47:37Z</time>
				<extensions>
					<speed>6.349999904632568</speed>
				</extensions>
			</trkpt>
			<trkpt lat="28.54904042" lon="77.26250582">
				<ele>184.6124267578125</ele>
				<time>2026-08-09T11:47:38Z</time>
				<extensions>
					<speed>6.940000057220459</speed>
				</extensions>
			</trkpt>
			<trkpt lat="28.5489845" lon="77.26253074">
				<ele>184.993896484375</ele>
				<time>2026-08-09T11:47:39Z</time>
				<extensions>
					<speed>7.039999961853027</speed>
				</extensions>
			</trkpt>
			<trkpt lat="28.54891905" lon="77.26255414">
				<ele>185.303466796875</ele>
				<time>2026-08-09T11:47:40Z</time>
				<extensions>
					<speed>7.360000133514404</speed>
				</extensions>
			</trkpt>
			<trkpt lat="28.548856" lon="77.26257862">
				<ele>184.76837158203125</ele>
				<time>2026-08-09T11:47:41Z</time>
				<extensions>
					<speed>7.409999847412109</speed>
				</extensions>
			</trkpt>
			<trkpt lat="28.54879064" lon="77.26260392">
				<ele>184.10015869140625</ele>
				<time>2026-08-09T11:47:42Z</time>
				<extensions>
					<speed>7.539999961853027</speed>
				</extensions>
			</trkpt>
			<trkpt lat="28.5487275" lon="77.26262727">
				<ele>183.83154296875</ele>
				<time>2026-08-09T11:47:43Z</time>
				<extensions>
					<speed>7.420000076293945</speed>
				</extensions>
			</trkpt>
			<trkpt lat="28.54866047" lon="77.26265089">
				<ele>183.3232421875</ele>
				<time>2026-08-09T11:47:44Z</time>
				<extensions>
					<speed>7.880000114440918</speed>
				</extensions>
			</trkpt>
			<trkpt lat="28.54859094" lon="77.26267708">
				<ele>183.1280517578125</ele>
				<time>2026-08-09T11:47:45Z</time>
				<extensions>
					<speed>8.050000190734863</speed>
				</extensions>
			</trkpt>
			<trkpt lat="28.5485194" lon="77.26270609">
				<ele>183.0687255859375</ele>
				<time>2026-08-09T11:47:46Z</time>
				<extensions>
					<speed>8.100000381469727</speed>
				</extensions>
			</trkpt>
			<trkpt lat="28.54845094" lon="77.26273501">
				<ele>183.2169189453125</ele>
				<time>2026-08-09T11:47:47Z</time>
				<extensions>
					<speed>8.239999771118164</speed>
				</extensions>
			</trkpt>
			<trkpt lat="28.54837735" lon="77.26276491">
				<ele>182.912841796875</ele>
				<time>2026-08-09T11:47:48Z</time>
				<extensions>
					<speed>8.4399995803833</speed>
				</extensions>
			</trkpt>
			<trkpt lat="28.54830234" lon="77.26279519">
				<ele>183.4129638671875</ele>
				<time>2026-08-09T11:47:49Z</time>
				<extensions>
					<speed>8.539999961853027</speed>
				</extensions>
			</trkpt>
			<trkpt lat="28.54822831" lon="77.26282667">
				<ele>183.42755126953125</ele>
				<time>2026-08-09T11:47:50Z</time>
				<extensions>
					<speed>8.710000038146973</speed>
				</extensions>
			</trkpt>
			<trkpt lat="28.54815125" lon="77.2628572">
				<ele>182.1845703125</ele>
				<time>2026-08-09T11:47:51Z</time>
				<extensions>
					<speed>8.510000228881836</speed>
				</extensions>
			</trkpt>
			<trkpt lat="28.54807699" lon="77.2628868">
				<ele>182.2764892578125</ele>
				<time>2026-08-09T11:47:52Z</time>
				<extensions>
					<speed>8.529999732971191</speed>
				</extensions>
			</trkpt>
			<trkpt lat="28.54800073" lon="77.26291452">
				<ele>182.17108154296875</ele>
				<time>2026-08-09T11:47:53Z</time>
				<extensions>
					<speed>8.800000190734863</speed>
				</extensions>
			</trkpt>
			<trkpt lat="28.54792623" lon="77.26294675">
				<ele>182.32623291015625</ele>
				<time>2026-08-09T11:47:54Z</time>
				<extensions>
					<speed>8.829999923706055</speed>
				</extensions>
			</trkpt>
			<trkpt lat="28.54785234" lon="77.26297677">
				<ele>182.58746337890625</ele>
				<time>2026-08-09T11:47:55Z</time>
				<extensions>
					<speed>8.979999542236328</speed>
				</extensions>
			</trkpt>
			<trkpt lat="28.54777936" lon="77.2630071">
				<ele>182.00103759765625</ele>
				<time>2026-08-09T11:47:56Z</time>
				<extensions>
					<speed>8.8100004196167</speed>
				</extensions>
			</trkpt>
			<trkpt lat="28.54770316" lon="77.26304006">
				<ele>182.00067138671875</ele>
				<time>2026-08-09T11:47:57Z</time>
				<extensions>
					<speed>9.119999885559082</speed>
				</extensions>
			</trkpt>
			<trkpt lat="28.54762362" lon="77.2630725">
				<ele>182.374267578125</ele>
				<time>2026-08-09T11:47:58Z</time>
				<extensions>
					<speed>9.260000228881836</speed>
				</extensions>
			</trkpt>
			<trkpt lat="28.54754528" lon="77.26310686">
				<ele>182.610107421875</ele>
				<time>2026-08-09T11:47:59Z</time>
				<extensions>
					<speed>9.3100004196167</speed>
				</extensions>
			</trkpt>
			<trkpt lat="28.54747025" lon="77.26313868">
				<ele>182.3009033203125</ele>
				<time>2026-08-09T11:48:00Z</time>
				<extensions>
					<speed>9.329999923706055</speed>
				</extensions>
			</trkpt>
			<trkpt lat="28.54739006" lon="77.26317172">
				<ele>181.977783203125</ele>
				<time>2026-08-09T11:48:01Z</time>
				<extensions>
					<speed>9.15999984741211</speed>
				</extensions>
			</trkpt>
			<trkpt lat="28.54731266" lon="77.26320597">
				<ele>181.00982666015625</ele>
				<time>2026-08-09T11:48:02Z</time>
				<extensions>
					<speed>9.40999984741211</speed>
				</extensions>
			</trkpt>
			<trkpt lat="28.54723182" lon="77.26323666">
				<ele>180.923095703125</ele>
				<time>2026-08-09T11:48:03Z</time>
				<extensions>
					<speed>9.449999809265137</speed>
				</extensions>
			</trkpt>
			<trkpt lat="28.54715082" lon="77.26326786">
				<ele>181.06475830078125</ele>
				<time>2026-08-09T11:48:04Z</time>
				<extensions>
					<speed>9.520000457763672</speed>
				</extensions>
			</trkpt>
			<trkpt lat="28.54707574" lon="77.26330657">
				<ele>180.1234130859375</ele>
				<time>2026-08-09T11:48:05Z</time>
				<extensions>
					<speed>9.609999656677246</speed>
				</extensions>
			</trkpt>
			<trkpt lat="28.54699577" lon="77.26333785">
				<ele>180.0450439453125</ele>
				<time>2026-08-09T11:48:06Z</time>
				<extensions>
					<speed>9.739999771118164</speed>
				</extensions>
			</trkpt>
			<trkpt lat="28.54691401" lon="77.26337541">
				<ele>180.17431640625</ele>
				<time>2026-08-09T11:48:07Z</time>
				<extensions>
					<speed>9.75</speed>
				</extensions>
			</trkpt>
			<trkpt lat="28.54682914" lon="77.26340602">
				<ele>180.66180419921875</ele>
				<time>2026-08-09T11:48:08Z</time>
				<extensions>
					<speed>9.84000015258789</speed>
				</extensions>
			</trkpt>
			<trkpt lat="28.54674262" lon="77.26344423">
				<ele>180.648193359375</ele>
				<time>2026-08-09T11:48:09Z</time>
				<extensions>
					<speed>9.880000114440918</speed>
				</extensions>
			</trkpt>
			<trkpt lat="28.54665784" lon="77.26347566">
				<ele>180.6956787109375</ele>
				<time>2026-08-09T11:48:10Z</time>
				<extensions>
					<speed>9.979999542236328</speed>
				</extensions>
			</trkpt>
			<trkpt lat="28.54657342" lon="77.26350947">
				<ele>180.22882080078125</ele>
				<time>2026-08-09T11:48:11Z</time>
				<extensions>
					<speed>9.949999809265137</speed>
				</extensions>
			</trkpt>
			<trkpt lat="28.54649028" lon="77.26354117">
				<ele>179.927734375</ele>
				<time>2026-08-09T11:48:12Z</time>
				<extensions>
					<speed>10.039999961853027</speed>
				</extensions>
			</trkpt>
			<trkpt lat="28.54640193" lon="77.26357353">
				<ele>179.8746337890625</ele>
				<time>2026-08-09T11:48:13Z</time>
				<extensions>
					<speed>10.180000305175781</speed>
				</extensions>
			</trkpt>
			<trkpt lat="28.54631281" lon="77.26361059">
				<ele>179.72021484375</ele>
				<time>2026-08-09T11:48:14Z</time>
				<extensions>
					<speed>10.140000343322754</speed>
				</extensions>
			</trkpt>
			<trkpt lat="28.54622269" lon="77.26364549">
				<ele>179.50146484375</ele>
				<time>2026-08-09T11:48:15Z</time>
				<extensions>
					<speed>10.329999923706055</speed>
				</extensions>
			</trkpt>
			<trkpt lat="28.54613734" lon="77.26367859">
				<ele>178.8665771484375</ele>
				<time>2026-08-09T11:48:16Z</time>
				<extensions>
					<speed>10.270000457763672</speed>
				</extensions>
			</trkpt>
			<trkpt lat="28.54605288" lon="77.26371823">
				<ele>178.31048583984375</ele>
				<time>2026-08-09T11:48:17Z</time>
				<extensions>
					<speed>10.199999809265137</speed>
				</extensions>
			</trkpt>
			<trkpt lat="28.54597322" lon="77.26375242">
				<ele>178.23492431640625</ele>
				<time>2026-08-09T11:48:18Z</time>
				<extensions>
					<speed>10.199999809265137</speed>
				</extensions>
			</trkpt>
			<trkpt lat="28.54588332" lon="77.26379104">
				<ele>177.59552001953125</ele>
				<time>2026-08-09T11:48:19Z</time>
				<extensions>
					<speed>10.0600004196167</speed>
				</extensions>
			</trkpt>
			<trkpt lat="28.54578514" lon="77.26381418">
				<ele>175.677001953125</ele>
				<time>2026-08-09T11:48:20Z</time>
				<extensions>
					<speed>10.239999771118164</speed>
				</extensions>
			</trkpt>
			<trkpt lat="28.54569509" lon="77.26384664">
				<ele>175.8306884765625</ele>
				<time>2026-08-09T11:48:21Z</time>
				<extensions>
					<speed>10.220000267028809</speed>
				</extensions>
			</trkpt>
			<trkpt lat="28.54560926" lon="77.26387939">
				<ele>176.15216064453125</ele>
				<time>2026-08-09T11:48:22Z</time>
				<extensions>
					<speed>10.079999923706055</speed>
				</extensions>
			</trkpt>
			<trkpt lat="28.54552527" lon="77.26391371">
				<ele>176.60888671875</ele>
				<time>2026-08-09T11:48:23Z</time>
				<extensions>
					<speed>10.109999656677246</speed>
				</extensions>
			</trkpt>
			<trkpt lat="28.54543949" lon="77.2639488">
				<ele>176.64361572265625</ele>
				<time>2026-08-09T11:48:24Z</time>
				<extensions>
					<speed>9.84000015258789</speed>
				</extensions>
			</trkpt>
			<trkpt lat="28.54535512" lon="77.26398668">
				<ele>176.54205322265625</ele>
				<time>2026-08-09T11:48:25Z</time>
				<extensions>
					<speed>9.760000228881836</speed>
				</extensions>
			</trkpt>
			<trkpt lat="28.54527023" lon="77.26402154">
				<ele>175.82000732421875</ele>
				<time>2026-08-09T11:48:26Z</time>
				<extensions>
					<speed>9.630000114440918</speed>
				</extensions>
			</trkpt>
			<trkpt lat="28.54519066" lon="77.26406009">
				<ele>176.203125</ele>
				<time>2026-08-09T11:48:27Z</time>
				<extensions>
					<speed>9.619999885559082</speed>
				</extensions>
			</trkpt>
			<trkpt lat="28.54510664" lon="77.26409658">
				<ele>175.82891845703125</ele>
				<time>2026-08-09T11:48:28Z</time>
				<extensions>
					<speed>9.470000267028809</speed>
				</extensions>
			</trkpt>
			<trkpt lat="28.54502925" lon="77.26413513">
				<ele>175.71221923828125</ele>
				<time>2026-08-09T11:48:29Z</time>
				<extensions>
					<speed>9.739999771118164</speed>
				</extensions>
			</trkpt>
			<trkpt lat="28.54494892" lon="77.26417022">
				<ele>175.70245361328125</ele>
				<time>2026-08-09T11:48:30Z</time>
				<extensions>
					<speed>9.9399995803833</speed>
				</extensions>
			</trkpt>
			<trkpt lat="28.54486549" lon="77.26420505">
				<ele>176.06903076171875</ele>
				<time>2026-08-09T11:48:31Z</time>
				<extensions>
					<speed>9.550000190734863</speed>
				</extensions>
			</trkpt>
			<trkpt lat="28.54478953" lon="77.26424484">
				<ele>175.959228515625</ele>
				<time>2026-08-09T11:48:32Z</time>
				<extensions>
					<speed>9.569999694824219</speed>
				</extensions>
			</trkpt>
			<trkpt lat="28.54471746" lon="77.26427436">
				<ele>176.04608154296875</ele>
				<time>2026-08-09T11:48:33Z</time>
				<extensions>
					<speed>8.699999809265137</speed>
				</extensions>
			</trkpt>
			<trkpt lat="28.54465338" lon="77.26431661">
				<ele>176.562744140625</ele>
				<time>2026-08-09T11:48:34Z</time>
				<extensions>
					<speed>8.880000114440918</speed>
				</extensions>
			</trkpt>
			<trkpt lat="28.54456845" lon="77.26432822">
				<ele>175.51300048828125</ele>
				<time>2026-08-09T11:48:35Z</time>
				<extensions>
					<speed>8.6899995803833</speed>
				</extensions>
			</trkpt>
			<trkpt lat="28.54447832" lon="77.26436364">
				<ele>174.25994873046875</ele>
				<time>2026-08-09T11:48:36Z</time>
				<extensions>
					<speed>9.569999694824219</speed>
				</extensions>
			</trkpt>
			<trkpt lat="28.54439557" lon="77.26439978">
				<ele>173.15899658203125</ele>
				<time>2026-08-09T11:48:37Z</time>
				<extensions>
					<speed>9.699999809265137</speed>
				</extensions>
			</trkpt>
			<trkpt lat="28.5443291" lon="77.2644436">
				<ele>171.51702880859375</ele>
				<time>2026-08-09T11:48:38Z</time>
				<extensions>
					<speed>9.229999542236328</speed>
				</extensions>
			</trkpt>
			<trkpt lat="28.54426264" lon="77.26446757">
				<ele>171.08917236328125</ele>
				<time>2026-08-09T11:48:39Z</time>
				<extensions>
					<speed>8.930000305175781</speed>
				</extensions>
			</trkpt>
			<trkpt lat="28.54418483" lon="77.26449022">
				<ele>172.38397216796875</ele>
				<time>2026-08-09T11:48:40Z</time>
				<extensions>
					<speed>8.819999694824219</speed>
				</extensions>
			</trkpt>
			<trkpt lat="28.54408772" lon="77.26453928">
				<ele>173.09295654296875</ele>
				<time>2026-08-09T11:48:41Z</time>
				<extensions>
					<speed>9.380000114440918</speed>
				</extensions>
			</trkpt>
			<trkpt lat="28.54400867" lon="77.26456957">
				<ele>173.839111328125</ele>
				<time>2026-08-09T11:48:42Z</time>
				<extensions>
					<speed>8.510000228881836</speed>
				</extensions>
			</trkpt>
			<trkpt lat="28.54392967" lon="77.26459793">
				<ele>175.131103515625</ele>
				<time>2026-08-09T11:48:43Z</time>
				<extensions>
					<speed>8.170000076293945</speed>
				</extensions>
			</trkpt>
			<trkpt lat="28.54386054" lon="77.26462652">
				<ele>175.090087890625</ele>
				<time>2026-08-09T11:48:44Z</time>
				<extensions>
					<speed>8.180000305175781</speed>
				</extensions>
			</trkpt>
			<trkpt lat="28.54378584" lon="77.26465529">
				<ele>175.19781494140625</ele>
				<time>2026-08-09T11:48:45Z</time>
				<extensions>
					<speed>8.289999961853027</speed>
				</extensions>
			</trkpt>
			<trkpt lat="28.54371082" lon="77.26468243">
				<ele>175.58978271484375</ele>
				<time>2026-08-09T11:48:46Z</time>
				<extensions>
					<speed>8.40999984741211</speed>
				</extensions>
			</trkpt>
			<trkpt lat="28.54363492" lon="77.2647104">
				<ele>175.8267822265625</ele>
				<time>2026-08-09T11:48:47Z</time>
				<extensions>
					<speed>8.670000076293945</speed>
				</extensions>
			</trkpt>
			<trkpt lat="28.54355725" lon="77.26474011">
				<ele>176.18133544921875</ele>
				<time>2026-08-09T11:48:48Z</time>
				<extensions>
					<speed>8.960000038146973</speed>
				</extensions>
			</trkpt>
			<trkpt lat="28.54347896" lon="77.26477311">
				<ele>176.216064453125</ele>
				<time>2026-08-09T11:48:49Z</time>
				<extensions>
					<speed>9.100000381469727</speed>
				</extensions>
			</trkpt>
			<trkpt lat="28.54339683" lon="77.26480605">
				<ele>176.2939453125</ele>
				<time>2026-08-09T11:48:50Z</time>
				<extensions>
					<speed>9.279999732971191</speed>
				</extensions>
			</trkpt>
			<trkpt lat="28.54331435" lon="77.26483814">
				<ele>176.49310302734375</ele>
				<time>2026-08-09T11:48:51Z</time>
				<extensions>
					<speed>9.430000305175781</speed>
				</extensions>
			</trkpt>
			<trkpt lat="28.54323392" lon="77.26486917">
				<ele>176.861083984375</ele>
				<time>2026-08-09T11:48:52Z</time>
				<extensions>
					<speed>9.569999694824219</speed>
				</extensions>
			</trkpt>
			<trkpt lat="28.54315113" lon="77.2649029">
				<ele>176.6881103515625</ele>
				<time>2026-08-09T11:48:53Z</time>
				<extensions>
					<speed>9.65999984741211</speed>
				</extensions>
			</trkpt>
			<trkpt lat="28.54306748" lon="77.26493729">
				<ele>176.432373046875</ele>
				<time>2026-08-09T11:48:54Z</time>
				<extensions>
					<speed>9.84000015258789</speed>
				</extensions>
			</trkpt>
			<trkpt lat="28.54298222" lon="77.26497288">
				<ele>176.06109619140625</ele>
				<time>2026-08-09T11:48:55Z</time>
				<extensions>
					<speed>10.010000228881836</speed>
				</extensions>
			</trkpt>
			<trkpt lat="28.54289278" lon="77.26500682">
				<ele>176.1751708984375</ele>
				<time>2026-08-09T11:48:56Z</time>
				<extensions>
					<speed>10.140000343322754</speed>
				</extensions>
			</trkpt>
			<trkpt lat="28.54281211" lon="77.26504466">
				<ele>176.01531982421875</ele>
				<time>2026-08-09T11:48:57Z</time>
				<extensions>
					<speed>10.350000381469727</speed>
				</extensions>
			</trkpt>
			<trkpt lat="28.54272512" lon="77.26508338">
				<ele>176.0733642578125</ele>
				<time>2026-08-09T11:48:58Z</time>
				<extensions>
					<speed>10.359999656677246</speed>
				</extensions>
			</trkpt>
			<trkpt lat="28.54263826" lon="77.265122">
				<ele>176.21630859375</ele>
				<time>2026-08-09T11:48:59Z</time>
				<extensions>
					<speed>10.470000267028809</speed>
				</extensions>
			</trkpt>
			<trkpt lat="28.54254944" lon="77.26516075">
				<ele>176.14349365234375</ele>
				<time>2026-08-09T11:49:00Z</time>
				<extensions>
					<speed>10.5</speed>
				</extensions>
			</trkpt>
			<trkpt lat="28.54246104" lon="77.26519761">
				<ele>176.27850341796875</ele>
				<time>2026-08-09T11:49:01Z</time>
				<extensions>
					<speed>10.489999771118164</speed>
				</extensions>
			</trkpt>
			<trkpt lat="28.54237022" lon="77.26523331">
				<ele>176.379638671875</ele>
				<time>2026-08-09T11:49:02Z</time>
				<extensions>
					<speed>10.449999809265137</speed>
				</extensions>
			</trkpt>
			<trkpt lat="28.54228111" lon="77.26526827">
				<ele>176.86474609375</ele>
				<time>2026-08-09T11:49:03Z</time>
				<extensions>
					<speed>10.380000114440918</speed>
				</extensions>
			</trkpt>
			<trkpt lat="28.54219623" lon="77.26530573">
				<ele>176.92877197265625</ele>
				<time>2026-08-09T11:49:04Z</time>
				<extensions>
					<speed>10.229999542236328</speed>
				</extensions>
			</trkpt>
			<trkpt lat="28.54211022" lon="77.26534053">
				<ele>176.983642578125</ele>
				<time>2026-08-09T11:49:05Z</time>
				<extensions>
					<speed>10.109999656677246</speed>
				</extensions>
			</trkpt>
			<trkpt lat="28.54202547" lon="77.2653736">
				<ele>177.01873779296875</ele>
				<time>2026-08-09T11:49:06Z</time>
				<extensions>
					<speed>9.979999542236328</speed>
				</extensions>
			</trkpt>
			<trkpt lat="28.54194358" lon="77.26540906">
				<ele>177.3795166015625</ele>
				<time>2026-08-09T11:49:07Z</time>
				<extensions>
					<speed>9.800000190734863</speed>
				</extensions>
			</trkpt>
			<trkpt lat="28.5418601" lon="77.26543865">
				<ele>177.0115966796875</ele>
				<time>2026-08-09T11:49:08Z</time>
				<extensions>
					<speed>9.680000305175781</speed>
				</extensions>
			</trkpt>
			<trkpt lat="28.541778" lon="77.26547427">
				<ele>177.35760498046875</ele>
				<time>2026-08-09T11:49:09Z</time>
				<extensions>
					<speed>9.630000114440918</speed>
				</extensions>
			</trkpt>
			<trkpt lat="28.54169872" lon="77.26550803">
				<ele>176.962646484375</ele>
				<time>2026-08-09T11:49:10Z</time>
				<extensions>
					<speed>9.59000015258789</speed>
				</extensions>
			</trkpt>
			<trkpt lat="28.54161637" lon="77.26554147">
				<ele>176.91845703125</ele>
				<time>2026-08-09T11:49:11Z</time>
				<extensions>
					<speed>9.649999618530273</speed>
				</extensions>
			</trkpt>
			<trkpt lat="28.54153748" lon="77.26557428">
				<ele>176.724609375</ele>
				<time>2026-08-09T11:49:12Z</time>
				<extensions>
					<speed>9.210000038146973</speed>
				</extensions>
			</trkpt>
			<trkpt lat="28.54145437" lon="77.26560736">
				<ele>176.16497802734375</ele>
				<time>2026-08-09T11:49:13Z</time>
				<extensions>
					<speed>9.720000267028809</speed>
				</extensions>
			</trkpt>
			<trkpt lat="28.54137806" lon="77.26564235">
				<ele>176.19537353515625</ele>
				<time>2026-08-09T11:49:14Z</time>
				<extensions>
					<speed>9.350000381469727</speed>
				</extensions>
			</trkpt>
			<trkpt lat="28.5412931" lon="77.26567988">
				<ele>176.1607666015625</ele>
				<time>2026-08-09T11:49:15Z</time>
				<extensions>
					<speed>9.640000343322754</speed>
				</extensions>
			</trkpt>
			<trkpt lat="28.54121096" lon="77.26571569">
				<ele>175.98138427734375</ele>
				<time>2026-08-09T11:49:16Z</time>
				<extensions>
					<speed>9.6899995803833</speed>
				</extensions>
			</trkpt>
			<trkpt lat="28.54113046" lon="77.26574926">
				<ele>176.44287109375</ele>
				<time>2026-08-09T11:49:17Z</time>
				<extensions>
					<speed>9.420000076293945</speed>
				</extensions>
			</trkpt>
			<trkpt lat="28.54105549" lon="77.26577991">
				<ele>176.8701171875</ele>
				<time>2026-08-09T11:49:18Z</time>
				<extensions>
					<speed>9.140000343322754</speed>
				</extensions>
			</trkpt>
			<trkpt lat="28.54097648" lon="77.26580763">
				<ele>176.732666015625</ele>
				<time>2026-08-09T11:49:19Z</time>
				<extensions>
					<speed>9.369999885559082</speed>
				</extensions>
			</trkpt>
			<trkpt lat="28.54089403" lon="77.26583226">
				<ele>176.32568359375</ele>
				<time>2026-08-09T11:49:20Z</time>
				<extensions>
					<speed>9.220000267028809</speed>
				</extensions>
			</trkpt>
			<trkpt lat="28.54081446" lon="77.26586764">
				<ele>176.29730224609375</ele>
				<time>2026-08-09T11:49:21Z</time>
				<extensions>
					<speed>9.25</speed>
				</extensions>
			</trkpt>
			<trkpt lat="28.5407358" lon="77.26590299">
				<ele>176.42498779296875</ele>
				<time>2026-08-09T11:49:22Z</time>
				<extensions>
					<speed>9.350000381469727</speed>
				</extensions>
			</trkpt>
			<trkpt lat="28.54065529" lon="77.2659334">
				<ele>175.98211669921875</ele>
				<time>2026-08-09T11:49:23Z</time>
				<extensions>
					<speed>9.270000457763672</speed>
				</extensions>
			</trkpt>
			<trkpt lat="28.54057511" lon="77.26597052">
				<ele>175.593505859375</ele>
				<time>2026-08-09T11:49:24Z</time>
				<extensions>
					<speed>9.369999885559082</speed>
				</extensions>
			</trkpt>
			<trkpt lat="28.5404957" lon="77.26601113">
				<ele>175.5194091796875</ele>
				<time>2026-08-09T11:49:25Z</time>
				<extensions>
					<speed>9.59000015258789</speed>
				</extensions>
			</trkpt>
			<trkpt lat="28.54041158" lon="77.26604255">
				<ele>176.6961669921875</ele>
				<time>2026-08-09T11:49:26Z</time>
				<extensions>
					<speed>9.760000228881836</speed>
				</extensions>
			</trkpt>
			<trkpt lat="28.54033202" lon="77.26607214">
				<ele>176.83404541015625</ele>
				<time>2026-08-09T11:49:27Z</time>
				<extensions>
					<speed>9.789999961853027</speed>
				</extensions>
			</trkpt>
			<trkpt lat="28.54024757" lon="77.26610928">
				<ele>177.63104248046875</ele>
				<time>2026-08-09T11:49:28Z</time>
				<extensions>
					<speed>9.869999885559082</speed>
				</extensions>
			</trkpt>
			<trkpt lat="28.54016213" lon="77.26614268">
				<ele>178.33062744140625</ele>
				<time>2026-08-09T11:49:29Z</time>
				<extensions>
					<speed>10.0600004196167</speed>
				</extensions>
			</trkpt>
			<trkpt lat="28.54007801" lon="77.26617812">
				<ele>178.27752685546875</ele>
				<time>2026-08-09T11:49:30Z</time>
				<extensions>
					<speed>9.970000267028809</speed>
				</extensions>
			</trkpt>
			<trkpt lat="28.53999318" lon="77.26621305">
				<ele>178.5946044921875</ele>
				<time>2026-08-09T11:49:31Z</time>
				<extensions>
					<speed>10.119999885559082</speed>
				</extensions>
			</trkpt>
			<trkpt lat="28.53990732" lon="77.26625167">
				<ele>179.24981689453125</ele>
				<time>2026-08-09T11:49:32Z</time>
				<extensions>
					<speed>9.899999618530273</speed>
				</extensions>
			</trkpt>
			<trkpt lat="28.53981905" lon="77.26628294">
				<ele>179.5091552734375</ele>
				<time>2026-08-09T11:49:33Z</time>
				<extensions>
					<speed>10.25</speed>
				</extensions>
			</trkpt>
			<trkpt lat="28.5397318" lon="77.26632162">
				<ele>178.9964599609375</ele>
				<time>2026-08-09T11:49:34Z</time>
				<extensions>
					<speed>10.069999694824219</speed>
				</extensions>
			</trkpt>
			<trkpt lat="28.53964612" lon="77.26635243">
				<ele>179.4373779296875</ele>
				<time>2026-08-09T11:49:35Z</time>
				<extensions>
					<speed>10.0600004196167</speed>
				</extensions>
			</trkpt>
			<trkpt lat="28.53955917" lon="77.26638895">
				<ele>179.2508544921875</ele>
				<time>2026-08-09T11:49:36Z</time>
				<extensions>
					<speed>10.0600004196167</speed>
				</extensions>
			</trkpt>
			<trkpt lat="28.53947453" lon="77.26642029">
				<ele>179.5426025390625</ele>
				<time>2026-08-09T11:49:37Z</time>
				<extensions>
					<speed>10.109999656677246</speed>
				</extensions>
			</trkpt>
			<trkpt lat="28.53938808" lon="77.26645664">
				<ele>179.48089599609375</ele>
				<time>2026-08-09T11:49:38Z</time>
				<extensions>
					<speed>10.15999984741211</speed>
				</extensions>
			</trkpt>
			<trkpt lat="28.53930373" lon="77.26649039">
				<ele>179.2991943359375</ele>
				<time>2026-08-09T11:49:39Z</time>
				<extensions>
					<speed>10.09000015258789</speed>
				</extensions>
			</trkpt>
			<trkpt lat="28.53921837" lon="77.26652747">
				<ele>179.26806640625</ele>
				<time>2026-08-09T11:49:40Z</time>
				<extensions>
					<speed>10.199999809265137</speed>
				</extensions>
			</trkpt>
			<trkpt lat="28.53913101" lon="77.26656639">
				<ele>179.60113525390625</ele>
				<time>2026-08-09T11:49:41Z</time>
				<extensions>
					<speed>10.25</speed>
				</extensions>
			</trkpt>
			<trkpt lat="28.53904795" lon="77.26659975">
				<ele>179.36663818359375</ele>
				<time>2026-08-09T11:49:42Z</time>
				<extensions>
					<speed>10.130000114440918</speed>
				</extensions>
			</trkpt>
			<trkpt lat="28.53896148" lon="77.26663312">
				<ele>179.75579833984375</ele>
				<time>2026-08-09T11:49:43Z</time>
				<extensions>
					<speed>10.0</speed>
				</extensions>
			</trkpt>
			<trkpt lat="28.53887747" lon="77.26666752">
				<ele>179.750244140625</ele>
				<time>2026-08-09T11:49:44Z</time>
				<extensions>
					<speed>9.920000076293945</speed>
				</extensions>
			</trkpt>
			<trkpt lat="28.53879282" lon="77.26670511">
				<ele>180.00689697265625</ele>
				<time>2026-08-09T11:49:45Z</time>
				<extensions>
					<speed>9.920000076293945</speed>
				</extensions>
			</trkpt>
			<trkpt lat="28.53870846" lon="77.26673627">
				<ele>180.615966796875</ele>
				<time>2026-08-09T11:49:46Z</time>
				<extensions>
					<speed>9.789999961853027</speed>
				</extensions>
			</trkpt>
			<trkpt lat="28.53862223" lon="77.26676765">
				<ele>180.6502685546875</ele>
				<time>2026-08-09T11:49:47Z</time>
				<extensions>
					<speed>9.800000190734863</speed>
				</extensions>
			</trkpt>
			<trkpt lat="28.53853844" lon="77.26679944">
				<ele>180.71307373046875</ele>
				<time>2026-08-09T11:49:48Z</time>
				<extensions>
					<speed>9.760000228881836</speed>
				</extensions>
			</trkpt>
			<trkpt lat="28.53845686" lon="77.26682646">
				<ele>180.94580078125</ele>
				<time>2026-08-09T11:49:49Z</time>
				<extensions>
					<speed>9.720000267028809</speed>
				</extensions>
			</trkpt>
			<trkpt lat="28.53837633" lon="77.26685582">
				<ele>181.92578125</ele>
				<time>2026-08-09T11:49:50Z</time>
				<extensions>
					<speed>9.59000015258789</speed>
				</extensions>
			</trkpt>
			<trkpt lat="28.53829467" lon="77.2668842">
				<ele>181.67626953125</ele>
				<time>2026-08-09T11:49:51Z</time>
				<extensions>
					<speed>9.470000267028809</speed>
				</extensions>
			</trkpt>
			<trkpt lat="28.53821328" lon="77.26691098">
				<ele>181.579345703125</ele>
				<time>2026-08-09T11:49:52Z</time>
				<extensions>
					<speed>9.220000267028809</speed>
				</extensions>
			</trkpt>
			<trkpt lat="28.5381309" lon="77.26694082">
				<ele>181.5194091796875</ele>
				<time>2026-08-09T11:49:53Z</time>
				<extensions>
					<speed>9.109999656677246</speed>
				</extensions>
			</trkpt>
			<trkpt lat="28.53805376" lon="77.26696844">
				<ele>181.726806640625</ele>
				<time>2026-08-09T11:49:54Z</time>
				<extensions>
					<speed>9.010000228881836</speed>
				</extensions>
			</trkpt>
			<trkpt lat="28.53797767" lon="77.26699832">
				<ele>181.7911376953125</ele>
				<time>2026-08-09T11:49:55Z</time>
				<extensions>
					<speed>8.84000015258789</speed>
				</extensions>
			</trkpt>
			<trkpt lat="28.53790796" lon="77.26702313">
				<ele>181.761474609375</ele>
				<time>2026-08-09T11:49:56Z</time>
				<extensions>
					<speed>8.609999656677246</speed>
				</extensions>
			</trkpt>
			<trkpt lat="28.53783826" lon="77.26705142">
				<ele>182.03448486328125</ele>
				<time>2026-08-09T11:49:57Z</time>
				<extensions>
					<speed>8.100000381469727</speed>
				</extensions>
			</trkpt>
			<trkpt lat="28.53777939" lon="77.26707462">
				<ele>182.27490234375</ele>
				<time>2026-08-09T11:49:58Z</time>
				<extensions>
					<speed>7.050000190734863</speed>
				</extensions>
			</trkpt>
			<trkpt lat="28.53773347" lon="77.26709211">
				<ele>182.09027099609375</ele>
				<time>2026-08-09T11:49:59Z</time>
				<extensions>
					<speed>6.0</speed>
				</extensions>
			</trkpt>
			<trkpt lat="28.53768463" lon="77.26710127">
				<ele>182.3858642578125</ele>
				<time>2026-08-09T11:50:00Z</time>
				<extensions>
					<speed>4.820000171661377</speed>
				</extensions>
			</trkpt>
			<trkpt lat="28.53765286" lon="77.26712042">
				<ele>182.173583984375</ele>
				<time>2026-08-09T11:50:01Z</time>
				<extensions>
					<speed>4.139999866485596</speed>
				</extensions>
			</trkpt>
			<trkpt lat="28.53762404" lon="77.26713029">
				<ele>182.39501953125</ele>
				<time>2026-08-09T11:50:02Z</time>
				<extensions>
					<speed>3.309999942779541</speed>
				</extensions>
			</trkpt>
			<trkpt lat="28.53760311" lon="77.26713929">
				<ele>182.819091796875</ele>
				<time>2026-08-09T11:50:03Z</time>
				<extensions>
					<speed>2.5999999046325684</speed>
				</extensions>
			</trkpt>
			<trkpt lat="28.53758094" lon="77.26714725">
				<ele>182.558837890625</ele>
				<time>2026-08-09T11:50:04Z</time>
				<extensions>
					<speed>2.3499999046325684</speed>
				</extensions>
			</trkpt>
			<trkpt lat="28.53756085" lon="77.26715484">
				<ele>182.76007080078125</ele>
				<time>2026-08-09T11:50:05Z</time>
				<extensions>
					<speed>2.490000009536743</speed>
				</extensions>
			</trkpt>
			<trkpt lat="28.53753861" lon="77.2671646">
				<ele>182.37200927734375</ele>
				<time>2026-08-09T11:50:06Z</time>
				<extensions>
					<speed>2.7100000381469727</speed>
				</extensions>
			</trkpt>
			<trkpt lat="28.53751174" lon="77.26717511">
				<ele>182.423095703125</ele>
				<time>2026-08-09T11:50:07Z</time>
				<extensions>
					<speed>3.140000104904175</speed>
				</extensions>
			</trkpt>
			<trkpt lat="28.53748295" lon="77.26718635">
				<ele>183.0970458984375</ele>
				<time>2026-08-09T11:50:08Z</time>
				<extensions>
					<speed>3.4600000381469727</speed>
				</extensions>
			</trkpt>
			<trkpt lat="28.53745182" lon="77.26719859">
				<ele>182.60101318359375</ele>
				<time>2026-08-09T11:50:09Z</time>
				<extensions>
					<speed>3.759999990463257</speed>
				</extensions>
			</trkpt>
			<trkpt lat="28.53741643" lon="77.26721296">
				<ele>182.84326171875</ele>
				<time>2026-08-09T11:50:10Z</time>
				<extensions>
					<speed>3.990000009536743</speed>
				</extensions>
			</trkpt>
			<trkpt lat="28.53738153" lon="77.26722847">
				<ele>182.67041015625</ele>
				<time>2026-08-09T11:50:11Z</time>
				<extensions>
					<speed>4.0</speed>
				</extensions>
			</trkpt>
			<trkpt lat="28.53734999" lon="77.26724304">
				<ele>183.453369140625</ele>
				<time>2026-08-09T11:50:12Z</time>
				<extensions>
					<speed>3.4800000190734863</speed>
				</extensions>
			</trkpt>
			<trkpt lat="28.53732068" lon="77.26725632">
				<ele>183.87109375</ele>
				<time>2026-08-09T11:50:13Z</time>
				<extensions>
					<speed>3.5299999713897705</speed>
				</extensions>
			</trkpt>
			<trkpt lat="28.5372906" lon="77.26727093">
				<ele>184.34039306640625</ele>
				<time>2026-08-09T11:50:14Z</time>
				<extensions>
					<speed>3.690000057220459</speed>
				</extensions>
			</trkpt>
			<trkpt lat="28.53725861" lon="77.26728625">
				<ele>184.8330078125</ele>
				<time>2026-08-09T11:50:15Z</time>
				<extensions>
					<speed>3.809999942779541</speed>
				</extensions>
			</trkpt>
			<trkpt lat="28.53722443" lon="77.26730308">
				<ele>185.32586669921875</ele>
				<time>2026-08-09T11:50:16Z</time>
				<extensions>
					<speed>4.070000171661377</speed>
				</extensions>
			</trkpt>
			<trkpt lat="28.53718815" lon="77.2673211">
				<ele>185.12542724609375</ele>
				<time>2026-08-09T11:50:17Z</time>
				<extensions>
					<speed>4.460000038146973</speed>
				</extensions>
			</trkpt>
			<trkpt lat="28.53715039" lon="77.26733177">
				<ele>185.46484375</ele>
				<time>2026-08-09T11:50:18Z</time>
				<extensions>
					<speed>4.340000152587891</speed>
				</extensions>
			</trkpt>
			<trkpt lat="28.53711632" lon="77.26734435">
				<ele>185.5477294921875</ele>
				<time>2026-08-09T11:50:19Z</time>
				<extensions>
					<speed>3.819999933242798</speed>
				</extensions>
			</trkpt>
			<trkpt lat="28.53708621" lon="77.26735921">
				<ele>185.39971923828125</ele>
				<time>2026-08-09T11:50:20Z</time>
				<extensions>
					<speed>3.450000047683716</speed>
				</extensions>
			</trkpt>
			<trkpt lat="28.53705908" lon="77.2673696">
				<ele>185.15594482421875</ele>
				<time>2026-08-09T11:50:21Z</time>
				<extensions>
					<speed>2.930000066757202</speed>
				</extensions>
			</trkpt>
			<trkpt lat="28.5370373" lon="77.26736873">
				<ele>184.65240478515625</ele>
				<time>2026-08-09T11:50:22Z</time>
				<extensions>
					<speed>2.3299999237060547</speed>
				</extensions>
			</trkpt>
			<trkpt lat="28.53702321" lon="77.2673568">
				<ele>184.8328857421875</ele>
				<time>2026-08-09T11:50:23Z</time>
				<extensions>
					<speed>2.0199999809265137</speed>
				</extensions>
			</trkpt>
			<trkpt lat="28.53701531" lon="77.26734277">
				<ele>184.73394775390625</ele>
				<time>2026-08-09T11:50:24Z</time>
				<extensions>
					<speed>1.4600000381469727</speed>
				</extensions>
			</trkpt>
			<trkpt lat="28.53700875" lon="77.26732628">
				<ele>185.1119384765625</ele>
				<time>2026-08-09T11:50:25Z</time>
				<extensions>
					<speed>1.8899999856948853</speed>
				</extensions>
			</trkpt>
			<trkpt lat="28.53700455" lon="77.26730149">
				<ele>185.02880859375</ele>
				<time>2026-08-09T11:50:26Z</time>
				<extensions>
					<speed>2.7200000286102295</speed>
				</extensions>
			</trkpt>
			<trkpt lat="28.53701149" lon="77.2672718">
				<ele>185.14691162109375</ele>
				<time>2026-08-09T11:50:27Z</time>
				<extensions>
					<speed>2.869999885559082</speed>
				</extensions>
			</trkpt>
			<trkpt lat="28.53702953" lon="77.26725056">
				<ele>184.8013916015625</ele>
				<time>2026-08-09T11:50:28Z</time>
				<extensions>
					<speed>2.5199999809265137</speed>
				</extensions>
			</trkpt>
			<trkpt lat="28.5370456" lon="77.26723169">
				<ele>184.626220703125</ele>
				<time>2026-08-09T11:50:29Z</time>
				<extensions>
					<speed>2.3399999141693115</speed>
				</extensions>
			</trkpt>
			<trkpt lat="28.53706204" lon="77.26721684">
				<ele>184.26165771484375</ele>
				<time>2026-08-09T11:50:30Z</time>
				<extensions>
					<speed>2.180000066757202</speed>
				</extensions>
			</trkpt>
			<trkpt lat="28.53707841" lon="77.26720869">
				<ele>184.23388671875</ele>
				<time>2026-08-09T11:50:31Z</time>
				<extensions>
					<speed>1.809999942779541</speed>
				</extensions>
			</trkpt>
			<trkpt lat="28.5370891" lon="77.26720302">
				<ele>185.01458740234375</ele>
				<time>2026-08-09T11:50:32Z</time>
				<extensions>
					<speed>1.1399999856948853</speed>
				</extensions>
			</trkpt>
			<trkpt lat="28.53708859" lon="77.2672076">
				<ele>185.36456298828125</ele>
				<time>2026-08-09T11:50:33Z</time>
				<extensions>
					<speed>0.0</speed>
				</extensions>
			</trkpt>
			<trkpt lat="28.53708719" lon="77.26721261">
				<ele>185.37786865234375</ele>
				<time>2026-08-09T11:50:34Z</time>
				<extensions>
					<speed>0.0</speed>
				</extensions>
			</trkpt>
			<trkpt lat="28.53708627" lon="77.26721574">
				<ele>185.186279296875</ele>
				<time>2026-08-09T11:50:35Z</time>
				<extensions>
					<speed>0.0</speed>
				</extensions>
			</trkpt>
			<trkpt lat="28.53708546" lon="77.26721952">
				<ele>185.1220703125</ele>
				<time>2026-08-09T11:50:36Z</time>
				<extensions>
					<speed>0.0</speed>
				</extensions>
			</trkpt>
			<trkpt lat="28.53708504" lon="77.26722166">
				<ele>184.983642578125</ele>
				<time>2026-08-09T11:50:37Z</time>
				<extensions>
					<speed>0.0</speed>
				</extensions>
			</trkpt>
			<trkpt lat="28.53708412" lon="77.26722298">
				<ele>184.89227294921875</ele>
				<time>2026-08-09T11:50:38Z</time>
				<extensions>
					<speed>0.0</speed>
				</extensions>
			</trkpt>
			<trkpt lat="28.53708411" lon="77.26722418">
				<ele>185.05804443359375</ele>
				<time>2026-08-09T11:50:39Z</time>
				<extensions>
					<speed>0.0</speed>
				</extensions>
			</trkpt>
			<trkpt lat="28.53708405" lon="77.26722448">
				<ele>185.07037353515625</ele>
				<time>2026-08-09T11:50:40Z</time>
				<extensions>
					<speed>0.0</speed>
				</extensions>
			</trkpt>
			<trkpt lat="28.5370834" lon="77.26722432">
				<ele>185.1697998046875</ele>
				<time>2026-08-09T11:50:41Z</time>
				<extensions>
					<speed>0.0</speed>
				</extensions>
			</trkpt>
			<trkpt lat="28.53708318" lon="77.2672233">
				<ele>185.5487060546875</ele>
				<time>2026-08-09T11:50:42Z</time>
				<extensions>
					<speed>0.0</speed>
				</extensions>
			</trkpt>
			<trkpt lat="28.53708229" lon="77.26722252">
				<ele>185.6915283203125</ele>
				<time>2026-08-09T11:50:43Z</time>
				<extensions>
					<speed>0.0</speed>
				</extensions>
			</trkpt>
			<trkpt lat="28.53708315" lon="77.26722239">
				<ele>186.0609130859375</ele>
				<time>2026-08-09T11:50:44Z</time>
				<extensions>
					<speed>0.0</speed>
				</extensions>
			</trkpt>
			<trkpt lat="28.53708338" lon="77.26722228">
				<ele>186.0819091796875</ele>
				<time>2026-08-09T11:50:45Z</time>
				<extensions>
					<speed>0.0</speed>
				</extensions>
			</trkpt>
			<trkpt lat="28.53708095" lon="77.2672249">
				<ele>185.757080078125</ele>
				<time>2026-08-09T11:50:46Z</time>
				<extensions>
					<speed>0.7599999904632568</speed>
				</extensions>
			</trkpt>
			<trkpt lat="28.53707918" lon="77.26722339">
				<ele>186.49468994140625</ele>
				<time>2026-08-09T11:50:47Z</time>
				<extensions>
					<speed>0.0</speed>
				</extensions>
			</trkpt>
			<trkpt lat="28.5370767" lon="77.26722077">
				<ele>186.4920654296875</ele>
				<time>2026-08-09T11:50:48Z</time>
				<extensions>
					<speed>0.0</speed>
				</extensions>
			</trkpt>
			<trkpt lat="28.53707646" lon="77.26721983">
				<ele>186.478759765625</ele>
				<time>2026-08-09T11:50:49Z</time>
				<extensions>
					<speed>0.0</speed>
				</extensions>
			</trkpt>
			<trkpt lat="28.53707645" lon="77.26721837">
				<ele>186.40264892578125</ele>
				<time>2026-08-09T11:50:50Z</time>
				<extensions>
					<speed>0.0</speed>
				</extensions>
			</trkpt>
			<trkpt lat="28.53707527" lon="77.26721715">
				<ele>186.2099609375</ele>
				<time>2026-08-09T11:50:51Z</time>
				<extensions>
					<speed>0.0</speed>
				</extensions>
			</trkpt>
			<trkpt lat="28.537075" lon="77.26721677">
				<ele>186.63934326171875</ele>
				<time>2026-08-09T11:50:52Z</time>
				<extensions>
					<speed>0.0</speed>
				</extensions>
			</trkpt>
			<trkpt lat="28.53707486" lon="77.26721653">
				<ele>186.98248291015625</ele>
				<time>2026-08-09T11:50:53Z</time>
				<extensions>
					<speed>0.0</speed>
				</extensions>
			</trkpt>
			<trkpt lat="28.53707471" lon="77.26721664">
				<ele>187.23358154296875</ele>
				<time>2026-08-09T11:50:54Z</time>
				<extensions>
					<speed>0.0</speed>
				</extensions>
			</trkpt>
			<trkpt lat="28.53707502" lon="77.26721594">
				<ele>187.082275390625</ele>
				<time>2026-08-09T11:50:55Z</time>
				<extensions>
					<speed>0.0</speed>
				</extensions>
			</trkpt>
			<trkpt lat="28.53707533" lon="77.26721576">
				<ele>187.031982421875</ele>
				<time>2026-08-09T11:50:56Z</time>
				<extensions>
					<speed>0.0</speed>
				</extensions>
			</trkpt>
			<trkpt lat="28.53707547" lon="77.26721556">
				<ele>187.08343505859375</ele>
				<time>2026-08-09T11:50:57Z</time>
				<extensions>
					<speed>0.0</speed>
				</extensions>
			</trkpt>
			<trkpt lat="28.53707698" lon="77.26721525">
				<ele>186.90435791015625</ele>
				<time>2026-08-09T11:50:58Z</time>
				<extensions>
					<speed>0.3499999940395355</speed>
				</extensions>
			</trkpt>
			<trkpt lat="28.53707862" lon="77.26721417">
				<ele>186.94598388671875</ele>
				<time>2026-08-09T11:50:59Z</time>
				<extensions>
					<speed>0.0</speed>
				</extensions>
			</trkpt>
			<trkpt lat="28.5370778" lon="77.26721266">
				<ele>187.19110107421875</ele>
				<time>2026-08-09T11:51:00Z</time>
				<extensions>
					<speed>0.0</speed>
				</extensions>
			</trkpt>
			<trkpt lat="28.53707994" lon="77.26721132">
				<ele>187.2266845703125</ele>
				<time>2026-08-09T11:51:01Z</time>
				<extensions>
					<speed>0.0</speed>
				</extensions>
			</trkpt>
			<trkpt lat="28.53708219" lon="77.26721107">
				<ele>187.3502197265625</ele>
				<time>2026-08-09T11:51:02Z</time>
				<extensions>
					<speed>0.0</speed>
				</extensions>
			</trkpt>
			<trkpt lat="28.53708569" lon="77.26721043">
				<ele>187.15472412109375</ele>
				<time>2026-08-09T11:51:03Z</time>
				<extensions>
					<speed>0.0</speed>
				</extensions>
			</trkpt>
			<trkpt lat="28.53708863" lon="77.26721093">
				<ele>187.17803955078125</ele>
				<time>2026-08-09T11:51:04Z</time>
				<extensions>
					<speed>0.0</speed>
				</extensions>
			</trkpt>
			<trkpt lat="28.53708834" lon="77.26721155">
				<ele>187.418212890625</ele>
				<time>2026-08-09T11:51:05Z</time>
				<extensions>
					<speed>0.0</speed>
				</extensions>
			</trkpt>
			<trkpt lat="28.53708893" lon="77.26721239">
				<ele>187.57452392578125</ele>
				<time>2026-08-09T11:51:06Z</time>
				<extensions>
					<speed>0.0</speed>
				</extensions>
			</trkpt>
			<trkpt lat="28.53708934" lon="77.26721209">
				<ele>187.56048583984375</ele>
				<time>2026-08-09T11:51:07Z</time>
				<extensions>
					<speed>0.0</speed>
				</extensions>
			</trkpt>
			<trkpt lat="28.53709247" lon="77.26721217">
				<ele>187.80987548828125</ele>
				<time>2026-08-09T11:51:08Z</time>
				<extensions>
					<speed>0.0</speed>
				</extensions>
			</trkpt>
			<trkpt lat="28.53709389" lon="77.26721232">
				<ele>187.8455810546875</ele>
				<time>2026-08-09T11:51:09Z</time>
				<extensions>
					<speed>0.0</speed>
				</extensions>
			</trkpt>
			<trkpt lat="28.53709462" lon="77.26721239">
				<ele>187.9224853515625</ele>
				<time>2026-08-09T11:51:10Z</time>
				<extensions>
					<speed>0.0</speed>
				</extensions>
			</trkpt>
			<trkpt lat="28.53709493" lon="77.26721248">
				<ele>187.939208984375</ele>
				<time>2026-08-09T11:51:11Z</time>
				<extensions>
					<speed>0.0</speed>
				</extensions>
			</trkpt>
			<trkpt lat="28.53709475" lon="77.26721232">
				<ele>188.2049560546875</ele>
				<time>2026-08-09T11:51:12Z</time>
				<extensions>
					<speed>0.0</speed>
				</extensions>
			</trkpt>
			<trkpt lat="28.5370948" lon="77.26721217">
				<ele>188.2684326171875</ele>
				<time>2026-08-09T11:51:13Z</time>
				<extensions>
					<speed>0.0</speed>
				</extensions>
			</trkpt>
			<trkpt lat="28.53709482" lon="77.26721211">
				<ele>188.2779541015625</ele>
				<time>2026-08-09T11:51:14Z</time>
				<extensions>
					<speed>0.0</speed>
				</extensions>
			</trkpt>
			<trkpt lat="28.53709483" lon="77.26721209">
				<ele>188.28375244140625</ele>
				<time>2026-08-09T11:51:15Z</time>
				<extensions>
					<speed>0.0</speed>
				</extensions>
			</trkpt>
			<trkpt lat="28.53709485" lon="77.26721206">
				<ele>188.2864990234375</ele>
				<time>2026-08-09T11:51:16Z</time>
				<extensions>
					<speed>0.0</speed>
				</extensions>
			</trkpt>
			<trkpt lat="28.53709486" lon="77.26721205">
				<ele>188.28558349609375</ele>
				<time>2026-08-09T11:51:17Z</time>
				<extensions>
					<speed>0.0</speed>
				</extensions>
			</trkpt>
			<trkpt lat="28.53709487" lon="77.26721204">
				<ele>188.289794921875</ele>
				<time>2026-08-09T11:51:18Z</time>
				<extensions>
					<speed>0.0</speed>
				</extensions>
			</trkpt>
			<trkpt lat="28.53709487" lon="77.26721202">
				<ele>188.2908935546875</ele>
				<time>2026-08-09T11:51:19Z</time>
				<extensions>
					<speed>0.0</speed>
				</extensions>
			</trkpt>
			<trkpt lat="28.53709487" lon="77.267212">
				<ele>188.29254150390625</ele>
				<time>2026-08-09T11:51:20Z</time>
				<extensions>
					<speed>0.0</speed>
				</extensions>
			</trkpt>
			<trkpt lat="28.53709486" lon="77.26721198">
				<ele>188.2923583984375</ele>
				<time>2026-08-09T11:51:21Z</time>
				<extensions>
					<speed>0.0</speed>
				</extensions>
			</trkpt>
			<trkpt lat="28.53709486" lon="77.26721197">
				<ele>188.2930908203125</ele>
				<time>2026-08-09T11:51:22Z</time>
				<extensions>
					<speed>0.0</speed>
				</extensions>
			</trkpt>
			<trkpt lat="28.53709486" lon="77.26721196">
				<ele>188.2952880859375</ele>
				<time>2026-08-09T11:51:23Z</time>
				<extensions>
					<speed>0.0</speed>
				</extensions>
			</trkpt>
			<trkpt lat="28.53709484" lon="77.26721195">
				<ele>188.29376220703125</ele>
				<time>2026-08-09T11:51:24Z</time>
				<extensions>
					<speed>0.0</speed>
				</extensions>
			</trkpt>
			<trkpt lat="28.53709482" lon="77.26721194">
				<ele>188.29547119140625</ele>
				<time>2026-08-09T11:51:25Z</time>
				<extensions>
					<speed>0.0</speed>
				</extensions>
			</trkpt>
			<trkpt lat="28.53709481" lon="77.26721193">
				<ele>188.29644775390625</ele>
				<time>2026-08-09T11:51:26Z</time>
				<extensions>
					<speed>0.0</speed>
				</extensions>
			</trkpt>
			<trkpt lat="28.5370948" lon="77.26721195">
				<ele>188.29656982421875</ele>
				<time>2026-08-09T11:51:27Z</time>
				<extensions>
					<speed>0.0</speed>
				</extensions>
			</trkpt>
			<trkpt lat="28.5370948" lon="77.26721197">
				<ele>188.29547119140625</ele>
				<time>2026-08-09T11:51:28Z</time>
				<extensions>
					<speed>0.0</speed>
				</extensions>
			</trkpt>
			<trkpt lat="28.53709479" lon="77.26721199">
				<ele>188.29803466796875</ele>
				<time>2026-08-09T11:51:29Z</time>
				<extensions>
					<speed>0.0</speed>
				</extensions>
			</trkpt>
			<trkpt lat="28.53709478" lon="77.267212">
				<ele>188.299560546875</ele>
				<time>2026-08-09T11:51:30Z</time>
				<extensions>
					<speed>0.0</speed>
				</extensions>
			</trkpt>
			<trkpt lat="28.53709478" lon="77.26721201">
				<ele>188.30181884765625</ele>
				<time>2026-08-09T11:51:31Z</time>
				<extensions>
					<speed>0.0</speed>
				</extensions>
			</trkpt>
			<trkpt lat="28.53709478" lon="77.26721202">
				<ele>188.3006591796875</ele>
				<time>2026-08-09T11:51:32Z</time>
				<extensions>
					<speed>0.0</speed>
				</extensions>
			</trkpt>
			<trkpt lat="28.53709463" lon="77.2672119">
				<ele>188.2757568359375</ele>
				<time>2026-08-09T11:51:33Z</time>
				<extensions>
					<speed>0.0</speed>
				</extensions>
			</trkpt>
			<trkpt lat="28.53709452" lon="77.26721182">
				<ele>188.2755126953125</ele>
				<time>2026-08-09T11:51:34Z</time>
				<extensions>
					<speed>0.0</speed>
				</extensions>
			</trkpt>
			<trkpt lat="28.53709449" lon="77.26721183">
				<ele>188.276123046875</ele>
				<time>2026-08-09T11:51:35Z</time>
				<extensions>
					<speed>0.0</speed>
				</extensions>
			</trkpt>
			<trkpt lat="28.53709448" lon="77.26721185">
				<ele>188.275390625</ele>
				<time>2026-08-09T11:51:36Z</time>
				<extensions>
					<speed>0.0</speed>
				</extensions>
			</trkpt>
			<trkpt lat="28.53709447" lon="77.26721186">
				<ele>188.2730712890625</ele>
				<time>2026-08-09T11:51:37Z</time>
				<extensions>
					<speed>0.0</speed>
				</extensions>
			</trkpt>
			<trkpt lat="28.53709447" lon="77.26721186">
				<ele>188.272216796875</ele>
				<time>2026-08-09T11:51:38Z</time>
				<extensions>
					<speed>0.0</speed>
				</extensions>
			</trkpt>
			<trkpt lat="28.53709447" lon="77.26721186">
				<ele>188.27203369140625</ele>
				<time>2026-08-09T11:51:39Z</time>
				<extensions>
					<speed>0.0</speed>
				</extensions>
			</trkpt>
			<trkpt lat="28.53709445" lon="77.26721186">
				<ele>188.2757568359375</ele>
				<time>2026-08-09T11:51:40Z</time>
				<extensions>
					<speed>0.0</speed>
				</extensions>
			</trkpt>
			<trkpt lat="28.53709444" lon="77.26721186">
				<ele>188.2811279296875</ele>
				<time>2026-08-09T11:51:41Z</time>
				<extensions>
					<speed>0.0</speed>
				</extensions>
			</trkpt>
			<trkpt lat="28.53709443" lon="77.26721184">
				<ele>188.28369140625</ele>
				<time>2026-08-09T11:51:42Z</time>
				<extensions>
					<speed>0.0</speed>
				</extensions>
			</trkpt>
			<trkpt lat="28.53709442" lon="77.26721182">
				<ele>188.28424072265625</ele>
				<time>2026-08-09T11:51:43Z</time>
				<extensions>
					<speed>0.0</speed>
				</extensions>
			</trkpt>
			<trkpt lat="28.53709443" lon="77.26721182">
				<ele>188.28277587890625</ele>
				<time>2026-08-09T11:51:44Z</time>
				<extensions>
					<speed>0.0</speed>
				</extensions>
			</trkpt>
			<trkpt lat="28.53709443" lon="77.26721182">
				<ele>188.28369140625</ele>
				<time>2026-08-09T11:51:45Z</time>
				<extensions>
					<speed>0.0</speed>
				</extensions>
			</trkpt>
			<trkpt lat="28.53709443" lon="77.26721183">
				<ele>188.28271484375</ele>
				<time>2026-08-09T11:51:46Z</time>
				<extensions>
					<speed>0.0</speed>
				</extensions>
			</trkpt>
			<trkpt lat="28.53709444" lon="77.2672116">
				<ele>188.264892578125</ele>
				<time>2026-08-09T11:51:47Z</time>
				<extensions>
					<speed>0.0</speed>
				</extensions>
			</trkpt>
			<trkpt lat="28.53708738" lon="77.26720806">
				<ele>188.03680419921875</ele>
				<time>2026-08-09T11:51:48Z</time>
				<extensions>
					<speed>0.9700000286102295</speed>
				</extensions>
			</trkpt>
			<trkpt lat="28.53707841" lon="77.26720935">
				<ele>187.9259033203125</ele>
				<time>2026-08-09T11:51:49Z</time>
				<extensions>
					<speed>1.2899999618530273</speed>
				</extensions>
			</trkpt>
			<trkpt lat="28.53706989" lon="77.26721409">
				<ele>188.116455078125</ele>
				<time>2026-08-09T11:51:50Z</time>
				<extensions>
					<speed>1.159999966621399</speed>
				</extensions>
			</trkpt>
			<trkpt lat="28.53706539" lon="77.26721418">
				<ele>187.79742431640625</ele>
				<time>2026-08-09T11:51:51Z</time>
				<extensions>
					<speed>0.7900000214576721</speed>
				</extensions>
			</trkpt>
			<trkpt lat="28.53706366" lon="77.2672057">
				<ele>186.8319091796875</ele>
				<time>2026-08-09T11:51:52Z</time>
				<extensions>
					<speed>0.7400000095367432</speed>
				</extensions>
			</trkpt>
			<trkpt lat="28.53706477" lon="77.26719419">
				<ele>187.10003662109375</ele>
				<time>2026-08-09T11:51:53Z</time>
				<extensions>
					<speed>0.7799999713897705</speed>
				</extensions>
			</trkpt>
			<trkpt lat="28.5370596" lon="77.26717804">
				<ele>187.38909912109375</ele>
				<time>2026-08-09T11:51:54Z</time>
				<extensions>
					<speed>1.3300000429153442</speed>
				</extensions>
			</trkpt>
			<trkpt lat="28.53705726" lon="77.26716026">
				<ele>187.044189453125</ele>
				<time>2026-08-09T11:51:55Z</time>
				<extensions>
					<speed>1.2599999904632568</speed>
				</extensions>
			</trkpt>
			<trkpt lat="28.53705068" lon="77.26715134">
				<ele>186.747314453125</ele>
				<time>2026-08-09T11:51:56Z</time>
				<extensions>
					<speed>0.6600000262260437</speed>
				</extensions>
			</trkpt>
			<trkpt lat="28.53704114" lon="77.2671511">
				<ele>185.98126220703125</ele>
				<time>2026-08-09T11:51:57Z</time>
				<extensions>
					<speed>1.159999966621399</speed>
				</extensions>
			</trkpt>
			<trkpt lat="28.53703125" lon="77.26715201">
				<ele>185.96942138671875</ele>
				<time>2026-08-09T11:51:58Z</time>
				<extensions>
					<speed>0.949999988079071</speed>
				</extensions>
			</trkpt>
			<trkpt lat="28.53702007" lon="77.26715466">
				<ele>187.39617919921875</ele>
				<time>2026-08-09T11:51:59Z</time>
				<extensions>
					<speed>1.4600000381469727</speed>
				</extensions>
			</trkpt>
			<trkpt lat="28.53700796" lon="77.26716353">
				<ele>187.37060546875</ele>
				<time>2026-08-09T11:52:00Z</time>
				<extensions>
					<speed>1.399999976158142</speed>
				</extensions>
			</trkpt>
			<trkpt lat="28.5369976" lon="77.26717009">
				<ele>186.84234619140625</ele>
				<time>2026-08-09T11:52:01Z</time>
				<extensions>
					<speed>1.149999976158142</speed>
				</extensions>
			</trkpt>
			<trkpt lat="28.53698872" lon="77.26717077">
				<ele>186.02044677734375</ele>
				<time>2026-08-09T11:52:02Z</time>
				<extensions>
					<speed>1.0299999713897705</speed>
				</extensions>
			</trkpt>
			<trkpt lat="28.53697892" lon="77.26717186">
				<ele>185.7869873046875</ele>
				<time>2026-08-09T11:52:03Z</time>
				<extensions>
					<speed>0.9900000095367432</speed>
				</extensions>
			</trkpt>
			<trkpt lat="28.53696888" lon="77.26717687">
				<ele>185.66046142578125</ele>
				<time>2026-08-09T11:52:04Z</time>
				<extensions>
					<speed>1.0800000429153442</speed>
				</extensions>
			</trkpt>
			<trkpt lat="28.53695961" lon="77.2671829">
				<ele>185.98590087890625</ele>
				<time>2026-08-09T11:52:05Z</time>
				<extensions>
					<speed>1.0099999904632568</speed>
				</extensions>
			</trkpt>
			<trkpt lat="28.53695079" lon="77.26718793">
				<ele>185.84686279296875</ele>
				<time>2026-08-09T11:52:06Z</time>
				<extensions>
					<speed>0.949999988079071</speed>
				</extensions>
			</trkpt>
			<trkpt lat="28.53694178" lon="77.26719347">
				<ele>185.79736328125</ele>
				<time>2026-08-09T11:52:07Z</time>
				<extensions>
					<speed>1.0099999904632568</speed>
				</extensions>
			</trkpt>
			<trkpt lat="28.53693164" lon="77.26719861">
				<ele>185.211181640625</ele>
				<time>2026-08-09T11:52:08Z</time>
				<extensions>
					<speed>1.0700000524520874</speed>
				</extensions>
			</trkpt>
			<trkpt lat="28.53692112" lon="77.26720496">
				<ele>185.3492431640625</ele>
				<time>2026-08-09T11:52:09Z</time>
				<extensions>
					<speed>1.1699999570846558</speed>
				</extensions>
			</trkpt>
			<trkpt lat="28.53690953" lon="77.26721063">
				<ele>184.91900634765625</ele>
				<time>2026-08-09T11:52:10Z</time>
				<extensions>
					<speed>1.1699999570846558</speed>
				</extensions>
			</trkpt>
			<trkpt lat="28.53689861" lon="77.26721562">
				<ele>184.5621337890625</ele>
				<time>2026-08-09T11:52:11Z</time>
				<extensions>
					<speed>1.100000023841858</speed>
				</extensions>
			</trkpt>
			<trkpt lat="28.53688821" lon="77.26722067">
				<ele>184.0816650390625</ele>
				<time>2026-08-09T11:52:12Z</time>
				<extensions>
					<speed>1.090000033378601</speed>
				</extensions>
			</trkpt>
			<trkpt lat="28.5368778" lon="77.26722175">
				<ele>184.13714599609375</ele>
				<time>2026-08-09T11:52:13Z</time>
				<extensions>
					<speed>1.1200000047683716</speed>
				</extensions>
			</trkpt>
			<trkpt lat="28.53686727" lon="77.26722092">
				<ele>184.54736328125</ele>
				<time>2026-08-09T11:52:14Z</time>
				<extensions>
					<speed>1.159999966621399</speed>
				</extensions>
			</trkpt>
			<trkpt lat="28.53685605" lon="77.26722378">
				<ele>184.7977294921875</ele>
				<time>2026-08-09T11:52:15Z</time>
				<extensions>
					<speed>1.25</speed>
				</extensions>
			</trkpt>
			<trkpt lat="28.53684671" lon="77.26723187">
				<ele>184.9066162109375</ele>
				<time>2026-08-09T11:52:16Z</time>
				<extensions>
					<speed>1.1699999570846558</speed>
				</extensions>
			</trkpt>
			<trkpt lat="28.53683973" lon="77.26724243">
				<ele>184.89154052734375</ele>
				<time>2026-08-09T11:52:17Z</time>
				<extensions>
					<speed>1.1100000143051147</speed>
				</extensions>
			</trkpt>
			<trkpt lat="28.53683003" lon="77.26725056">
				<ele>184.7967529296875</ele>
				<time>2026-08-09T11:52:18Z</time>
				<extensions>
					<speed>1.159999966621399</speed>
				</extensions>
			</trkpt>
			<trkpt lat="28.53682066" lon="77.2672589">
				<ele>184.62841796875</ele>
				<time>2026-08-09T11:52:19Z</time>
				<extensions>
					<speed>1.149999976158142</speed>
				</extensions>
			</trkpt>
			<trkpt lat="28.53681002" lon="77.2672668">
				<ele>184.9049072265625</ele>
				<time>2026-08-09T11:52:20Z</time>
				<extensions>
					<speed>1.1200000047683716</speed>
				</extensions>
			</trkpt>
			<trkpt lat="28.53679931" lon="77.26727304">
				<ele>185.1973876953125</ele>
				<time>2026-08-09T11:52:21Z</time>
				<extensions>
					<speed>1.25</speed>
				</extensions>
			</trkpt>
			<trkpt lat="28.53678859" lon="77.26727928">
				<ele>185.53564453125</ele>
				<time>2026-08-09T11:52:22Z</time>
				<extensions>
					<speed>1.2400000095367432</speed>
				</extensions>
			</trkpt>
			<trkpt lat="28.53677835" lon="77.26728551">
				<ele>186.08746337890625</ele>
				<time>2026-08-09T11:52:23Z</time>
				<extensions>
					<speed>1.2300000190734863</speed>
				</extensions>
			</trkpt>
			<trkpt lat="28.53676688" lon="77.26729174">
				<ele>186.48773193359375</ele>
				<time>2026-08-09T11:52:24Z</time>
				<extensions>
					<speed>1.25</speed>
				</extensions>
			</trkpt>
			<trkpt lat="28.53675478" lon="77.26729635">
				<ele>186.67681884765625</ele>
				<time>2026-08-09T11:52:25Z</time>
				<extensions>
					<speed>1.2000000476837158</speed>
				</extensions>
			</trkpt>
			<trkpt lat="28.53674321" lon="77.26730249">
				<ele>187.0345458984375</ele>
				<time>2026-08-09T11:52:26Z</time>
				<extensions>
					<speed>1.1699999570846558</speed>
				</extensions>
			</trkpt>
			<trkpt lat="28.5367338" lon="77.26731205">
				<ele>187.61199951171875</ele>
				<time>2026-08-09T11:52:27Z</time>
				<extensions>
					<speed>1.1699999570846558</speed>
				</extensions>
			</trkpt>
			<trkpt lat="28.53672261" lon="77.26731459">
				<ele>188.09527587890625</ele>
				<time>2026-08-09T11:52:28Z</time>
				<extensions>
					<speed>1.3300000429153442</speed>
				</extensions>
			</trkpt>
			<trkpt lat="28.5367115" lon="77.26731868">
				<ele>188.4627685546875</ele>
				<time>2026-08-09T11:52:29Z</time>
				<extensions>
					<speed>1.2200000286102295</speed>
				</extensions>
			</trkpt>
			<trkpt lat="28.53670268" lon="77.26732354">
				<ele>188.59124755859375</ele>
				<time>2026-08-09T11:52:30Z</time>
				<extensions>
					<speed>1.100000023841858</speed>
				</extensions>
			</trkpt>
			<trkpt lat="28.53669363" lon="77.26732805">
				<ele>188.377197265625</ele>
				<time>2026-08-09T11:52:31Z</time>
				<extensions>
					<speed>1.0700000524520874</speed>
				</extensions>
			</trkpt>
			<trkpt lat="28.53668375" lon="77.26733344">
				<ele>188.5635986328125</ele>
				<time>2026-08-09T11:52:32Z</time>
				<extensions>
					<speed>1.2100000381469727</speed>
				</extensions>
			</trkpt>
			<trkpt lat="28.53667364" lon="77.26733742">
				<ele>188.71856689453125</ele>
				<time>2026-08-09T11:52:33Z</time>
				<extensions>
					<speed>1.1699999570846558</speed>
				</extensions>
			</trkpt>
			<trkpt lat="28.53666708" lon="77.26734255">
				<ele>188.22650146484375</ele>
				<time>2026-08-09T11:52:34Z</time>
				<extensions>
					<speed>0.9900000095367432</speed>
				</extensions>
			</trkpt>
			<trkpt lat="28.5366618" lon="77.26734452">
				<ele>187.2626953125</ele>
				<time>2026-08-09T11:52:35Z</time>
				<extensions>
					<speed>0.9900000095367432</speed>
				</extensions>
			</trkpt>
			<trkpt lat="28.53665642" lon="77.26734828">
				<ele>186.9703369140625</ele>
				<time>2026-08-09T11:52:36Z</time>
				<extensions>
					<speed>0.8600000143051147</speed>
				</extensions>
			</trkpt>
			<trkpt lat="28.53664954" lon="77.26735129">
				<ele>186.76336669921875</ele>
				<time>2026-08-09T11:52:37Z</time>
				<extensions>
					<speed>0.949999988079071</speed>
				</extensions>
			</trkpt>
			<trkpt lat="28.53664201" lon="77.26735743">
				<ele>187.14361572265625</ele>
				<time>2026-08-09T11:52:38Z</time>
				<extensions>
					<speed>1.159999966621399</speed>
				</extensions>
			</trkpt>
			<trkpt lat="28.53663407" lon="77.26736531">
				<ele>187.5941162109375</ele>
				<time>2026-08-09T11:52:39Z</time>
				<extensions>
					<speed>1.2699999809265137</speed>
				</extensions>
			</trkpt>
			<trkpt lat="28.53662424" lon="77.26737041">
				<ele>188.591796875</ele>
				<time>2026-08-09T11:52:40Z</time>
				<extensions>
					<speed>1.2799999713897705</speed>
				</extensions>
			</trkpt>
			<trkpt lat="28.53661605" lon="77.26737821">
				<ele>187.589599609375</ele>
				<time>2026-08-09T11:52:41Z</time>
				<extensions>
					<speed>1.2599999904632568</speed>
				</extensions>
			</trkpt>
			<trkpt lat="28.53660552" lon="77.26738299">
				<ele>187.857666015625</ele>
				<time>2026-08-09T11:52:42Z</time>
				<extensions>
					<speed>1.2400000095367432</speed>
				</extensions>
			</trkpt>
			<trkpt lat="28.5365965" lon="77.26738999">
				<ele>187.40032958984375</ele>
				<time>2026-08-09T11:52:43Z</time>
				<extensions>
					<speed>1.2400000095367432</speed>
				</extensions>
			</trkpt>
			<trkpt lat="28.53658919" lon="77.26739674">
				<ele>186.72235107421875</ele>
				<time>2026-08-09T11:52:44Z</time>
				<extensions>
					<speed>1.100000023841858</speed>
				</extensions>
			</trkpt>
			<trkpt lat="28.53658214" lon="77.26740359">
				<ele>188.055908203125</ele>
				<time>2026-08-09T11:52:45Z</time>
				<extensions>
					<speed>1.0199999809265137</speed>
				</extensions>
			</trkpt>
			<trkpt lat="28.53657392" lon="77.26740823">
				<ele>187.771484375</ele>
				<time>2026-08-09T11:52:46Z</time>
				<extensions>
					<speed>0.9900000095367432</speed>
				</extensions>
			</trkpt>
			<trkpt lat="28.53656426" lon="77.26740727">
				<ele>187.130859375</ele>
				<time>2026-08-09T11:52:47Z</time>
				<extensions>
					<speed>1.0399999618530273</speed>
				</extensions>
			</trkpt>
			<trkpt lat="28.53655309" lon="77.26740578">
				<ele>187.156982421875</ele>
				<time>2026-08-09T11:52:48Z</time>
				<extensions>
					<speed>1.1299999952316284</speed>
				</extensions>
			</trkpt>
			<trkpt lat="28.53654085" lon="77.26740595">
				<ele>187.56719970703125</ele>
				<time>2026-08-09T11:52:49Z</time>
				<extensions>
					<speed>1.309999942779541</speed>
				</extensions>
			</trkpt>
			<trkpt lat="28.53652954" lon="77.26740388">
				<ele>187.81060791015625</ele>
				<time>2026-08-09T11:52:50Z</time>
				<extensions>
					<speed>1.159999966621399</speed>
				</extensions>
			</trkpt>
			<trkpt lat="28.53651742" lon="77.26740149">
				<ele>187.58135986328125</ele>
				<time>2026-08-09T11:52:51Z</time>
				<extensions>
					<speed>1.2599999904632568</speed>
				</extensions>
			</trkpt>
			<trkpt lat="28.53650641" lon="77.26740241">
				<ele>187.523193359375</ele>
				<time>2026-08-09T11:52:52Z</time>
				<extensions>
					<speed>1.2100000381469727</speed>
				</extensions>
			</trkpt>
			<trkpt lat="28.53649676" lon="77.26740364">
				<ele>188.21881103515625</ele>
				<time>2026-08-09T11:52:53Z</time>
				<extensions>
					<speed>1.2100000381469727</speed>
				</extensions>
			</trkpt>
			<trkpt lat="28.53648746" lon="77.26740486">
				<ele>188.81829833984375</ele>
				<time>2026-08-09T11:52:54Z</time>
				<extensions>
					<speed>1.2000000476837158</speed>
				</extensions>
			</trkpt>
			<trkpt lat="28.53647745" lon="77.2674053">
				<ele>189.04443359375</ele>
				<time>2026-08-09T11:52:55Z</time>
				<extensions>
					<speed>1.2100000381469727</speed>
				</extensions>
			</trkpt>
			<trkpt lat="28.53646764" lon="77.26740458">
				<ele>189.21527099609375</ele>
				<time>2026-08-09T11:52:56Z</time>
				<extensions>
					<speed>1.159999966621399</speed>
				</extensions>
			</trkpt>
			<trkpt lat="28.53645795" lon="77.26740314">
				<ele>189.216796875</ele>
				<time>2026-08-09T11:52:57Z</time>
				<extensions>
					<speed>1.159999966621399</speed>
				</extensions>
			</trkpt>
			<trkpt lat="28.53644827" lon="77.26740645">
				<ele>189.1732177734375</ele>
				<time>2026-08-09T11:52:58Z</time>
				<extensions>
					<speed>1.2400000095367432</speed>
				</extensions>
			</trkpt>
			<trkpt lat="28.53643853" lon="77.2674107">
				<ele>188.974365234375</ele>
				<time>2026-08-09T11:52:59Z</time>
				<extensions>
					<speed>1.159999966621399</speed>
				</extensions>
			</trkpt>
			<trkpt lat="28.53642839" lon="77.26741527">
				<ele>189.091552734375</ele>
				<time>2026-08-09T11:53:00Z</time>
				<extensions>
					<speed>1.1699999570846558</speed>
				</extensions>
			</trkpt>
			<trkpt lat="28.53641822" lon="77.26742179">
				<ele>189.029296875</ele>
				<time>2026-08-09T11:53:01Z</time>
				<extensions>
					<speed>1.2400000095367432</speed>
				</extensions>
			</trkpt>
			<trkpt lat="28.53640762" lon="77.26742735">
				<ele>188.40386962890625</ele>
				<time>2026-08-09T11:53:02Z</time>
				<extensions>
					<speed>1.2799999713897705</speed>
				</extensions>
			</trkpt>
			<trkpt lat="28.5363954" lon="77.26743317">
				<ele>188.74676513671875</ele>
				<time>2026-08-09T11:53:03Z</time>
				<extensions>
					<speed>1.2599999904632568</speed>
				</extensions>
			</trkpt>
			<trkpt lat="28.53638382" lon="77.26743686">
				<ele>188.0611572265625</ele>
				<time>2026-08-09T11:53:04Z</time>
				<extensions>
					<speed>1.2000000476837158</speed>
				</extensions>
			</trkpt>
			<trkpt lat="28.53637177" lon="77.26744033">
				<ele>187.48809814453125</ele>
				<time>2026-08-09T11:53:05Z</time>
				<extensions>
					<speed>1.2100000381469727</speed>
				</extensions>
			</trkpt>
			<trkpt lat="28.53636056" lon="77.26744573">
				<ele>188.54327392578125</ele>
				<time>2026-08-09T11:53:06Z</time>
				<extensions>
					<speed>1.1399999856948853</speed>
				</extensions>
			</trkpt>
			<trkpt lat="28.53634942" lon="77.26745324">
				<ele>189.153076171875</ele>
				<time>2026-08-09T11:53:07Z</time>
				<extensions>
					<speed>1.190000057220459</speed>
				</extensions>
			</trkpt>
			<trkpt lat="28.53633944" lon="77.26745803">
				<ele>189.2333984375</ele>
				<time>2026-08-09T11:53:08Z</time>
				<extensions>
					<speed>1.2200000286102295</speed>
				</extensions>
			</trkpt>
			<trkpt lat="28.53632975" lon="77.26746313">
				<ele>188.48828125</ele>
				<time>2026-08-09T11:53:09Z</time>
				<extensions>
					<speed>1.2300000190734863</speed>
				</extensions>
			</trkpt>
			<trkpt lat="28.53632021" lon="77.26746783">
				<ele>188.07763671875</ele>
				<time>2026-08-09T11:53:10Z</time>
				<extensions>
					<speed>1.1699999570846558</speed>
				</extensions>
			</trkpt>
			<trkpt lat="28.53630991" lon="77.26747145">
				<ele>188.013916015625</ele>
				<time>2026-08-09T11:53:11Z</time>
				<extensions>
					<speed>1.190000057220459</speed>
				</extensions>
			</trkpt>
			<trkpt lat="28.53629822" lon="77.26747494">
				<ele>187.8531494140625</ele>
				<time>2026-08-09T11:53:12Z</time>
				<extensions>
					<speed>1.190000057220459</speed>
				</extensions>
			</trkpt>
			<trkpt lat="28.53628713" lon="77.26747608">
				<ele>187.94122314453125</ele>
				<time>2026-08-09T11:53:13Z</time>
				<extensions>
					<speed>1.2200000286102295</speed>
				</extensions>
			</trkpt>
			<trkpt lat="28.53627663" lon="77.26747736">
				<ele>188.3118896484375</ele>
				<time>2026-08-09T11:53:14Z</time>
				<extensions>
					<speed>1.149999976158142</speed>
				</extensions>
			</trkpt>
			<trkpt lat="28.53626559" lon="77.2674735">
				<ele>188.37811279296875</ele>
				<time>2026-08-09T11:53:15Z</time>
				<extensions>
					<speed>1.25</speed>
				</extensions>
			</trkpt>
			<trkpt lat="28.53625626" lon="77.26746135">
				<ele>188.08905029296875</ele>
				<time>2026-08-09T11:53:16Z</time>
				<extensions>
					<speed>1.4299999475479126</speed>
				</extensions>
			</trkpt>
			<trkpt lat="28.53625097" lon="77.26744791">
				<ele>188.49957275390625</ele>
				<time>2026-08-09T11:53:17Z</time>
				<extensions>
					<speed>1.2599999904632568</speed>
				</extensions>
			</trkpt>
			<trkpt lat="28.53624853" lon="77.26743487">
				<ele>188.22967529296875</ele>
				<time>2026-08-09T11:53:18Z</time>
				<extensions>
					<speed>1.1699999570846558</speed>
				</extensions>
			</trkpt>
			<trkpt lat="28.53624921" lon="77.26742022">
				<ele>186.88922119140625</ele>
				<time>2026-08-09T11:53:19Z</time>
				<extensions>
					<speed>1.190000057220459</speed>
				</extensions>
			</trkpt>
			<trkpt lat="28.53625125" lon="77.26740515">
				<ele>186.87127685546875</ele>
				<time>2026-08-09T11:53:20Z</time>
				<extensions>
					<speed>1.1699999570846558</speed>
				</extensions>
			</trkpt>
			<trkpt lat="28.53625348" lon="77.26739285">
				<ele>186.76556396484375</ele>
				<time>2026-08-09T11:53:21Z</time>
				<extensions>
					<speed>1.1399999856948853</speed>
				</extensions>
			</trkpt>
			<trkpt lat="28.536257" lon="77.26738093">
				<ele>186.49493408203125</ele>
				<time>2026-08-09T11:53:22Z</time>
				<extensions>
					<speed>1.159999966621399</speed>
				</extensions>
			</trkpt>
			<trkpt lat="28.53626317" lon="77.26737012">
				<ele>186.4169921875</ele>
				<time>2026-08-09T11:53:23Z</time>
				<extensions>
					<speed>1.190000057220459</speed>
				</extensions>
			</trkpt>
			<trkpt lat="28.53627017" lon="77.26736032">
				<ele>186.64068603515625</ele>
				<time>2026-08-09T11:53:24Z</time>
				<extensions>
					<speed>1.2200000286102295</speed>
				</extensions>
			</trkpt>
			<trkpt lat="28.53626869" lon="77.26735163">
				<ele>187.4473876953125</ele>
				<time>2026-08-09T11:53:25Z</time>
				<extensions>
					<speed>0.7900000214576721</speed>
				</extensions>
			</trkpt>
			<trkpt lat="28.53626535" lon="77.26733865">
				<ele>188.0654296875</ele>
				<time>2026-08-09T11:53:26Z</time>
				<extensions>
					<speed>1.190000057220459</speed>
				</extensions>
			</trkpt>
			<trkpt lat="28.53625857" lon="77.26732371">
				<ele>188.95416259765625</ele>
				<time>2026-08-09T11:53:27Z</time>
				<extensions>
					<speed>1.2000000476837158</speed>
				</extensions>
			</trkpt>
			<trkpt lat="28.53624327" lon="77.26730905">
				<ele>189.69073486328125</ele>
				<time>2026-08-09T11:53:28Z</time>
				<extensions>
					<speed>1.2400000095367432</speed>
				</extensions>
			</trkpt>
			<trkpt lat="28.53622698" lon="77.26729579">
				<ele>189.39910888671875</ele>
				<time>2026-08-09T11:53:29Z</time>
				<extensions>
					<speed>1.159999966621399</speed>
				</extensions>
			</trkpt>
			<trkpt lat="28.53621207" lon="77.26728274">
				<ele>189.31658935546875</ele>
				<time>2026-08-09T11:53:30Z</time>
				<extensions>
					<speed>1.1699999570846558</speed>
				</extensions>
			</trkpt>
			<trkpt lat="28.53620119" lon="77.26727253">
				<ele>188.5682373046875</ele>
				<time>2026-08-09T11:53:31Z</time>
				<extensions>
					<speed>1.100000023841858</speed>
				</extensions>
			</trkpt>
			<trkpt lat="28.53619526" lon="77.2672593">
				<ele>188.86651611328125</ele>
				<time>2026-08-09T11:53:32Z</time>
				<extensions>
					<speed>1.1799999475479126</speed>
				</extensions>
			</trkpt>
			<trkpt lat="28.53619444" lon="77.26724476">
				<ele>188.82891845703125</ele>
				<time>2026-08-09T11:53:33Z</time>
				<extensions>
					<speed>1.1699999570846558</speed>
				</extensions>
			</trkpt>
			<trkpt lat="28.53619146" lon="77.26722975">
				<ele>188.068115234375</ele>
				<time>2026-08-09T11:53:34Z</time>
				<extensions>
					<speed>1.2400000095367432</speed>
				</extensions>
			</trkpt>
			<trkpt lat="28.53619336" lon="77.26721587">
				<ele>187.11956787109375</ele>
				<time>2026-08-09T11:53:35Z</time>
				<extensions>
					<speed>1.190000057220459</speed>
				</extensions>
			</trkpt>
			<trkpt lat="28.53619968" lon="77.26720429">
				<ele>185.86627197265625</ele>
				<time>2026-08-09T11:53:36Z</time>
				<extensions>
					<speed>1.1399999856948853</speed>
				</extensions>
			</trkpt>
			<trkpt lat="28.53620857" lon="77.26719283">
				<ele>186.4266357421875</ele>
				<time>2026-08-09T11:53:37Z</time>
				<extensions>
					<speed>1.2200000286102295</speed>
				</extensions>
			</trkpt>
			<trkpt lat="28.53621202" lon="77.26718065">
				<ele>186.3572998046875</ele>
				<time>2026-08-09T11:53:38Z</time>
				<extensions>
					<speed>1.340000033378601</speed>
				</extensions>
			</trkpt>
			<trkpt lat="28.536229" lon="77.26716588">
				<ele>186.3095703125</ele>
				<time>2026-08-09T11:53:39Z</time>
				<extensions>
					<speed>1.9800000190734863</speed>
				</extensions>
			</trkpt>
			<trkpt lat="28.53623948" lon="77.26715741">
				<ele>186.396484375</ele>
				<time>2026-08-09T11:53:40Z</time>
				<extensions>
					<speed>1.149999976158142</speed>
				</extensions>
			</trkpt>
			<trkpt lat="28.53624536" lon="77.26714569">
				<ele>185.91778564453125</ele>
				<time>2026-08-09T11:53:41Z</time>
				<extensions>
					<speed>1.1799999475479126</speed>
				</extensions>
			</trkpt>
			<trkpt lat="28.53624817" lon="77.26713258">
				<ele>185.19146728515625</ele>
				<time>2026-08-09T11:53:42Z</time>
				<extensions>
					<speed>1.1799999475479126</speed>
				</extensions>
			</trkpt>
			<trkpt lat="28.53624891" lon="77.26711916">
				<ele>184.85369873046875</ele>
				<time>2026-08-09T11:53:43Z</time>
				<extensions>
					<speed>1.190000057220459</speed>
				</extensions>
			</trkpt>
			<trkpt lat="28.53625343" lon="77.2671089">
				<ele>184.9495849609375</ele>
				<time>2026-08-09T11:53:44Z</time>
				<extensions>
					<speed>1.2599999904632568</speed>
				</extensions>
			</trkpt>
			<trkpt lat="28.5362588" lon="77.26710156">
				<ele>185.544921875</ele>
				<time>2026-08-09T11:53:45Z</time>
				<extensions>
					<speed>1.190000057220459</speed>
				</extensions>
			</trkpt>
			<trkpt lat="28.5362635" lon="77.26709676">
				<ele>185.01513671875</ele>
				<time>2026-08-09T11:53:46Z</time>
				<extensions>
					<speed>1.149999976158142</speed>
				</extensions>
			</trkpt>
			<trkpt lat="28.53626817" lon="77.26708631">
				<ele>185.1136474609375</ele>
				<time>2026-08-09T11:53:47Z</time>
				<extensions>
					<speed>1.2799999713897705</speed>
				</extensions>
			</trkpt>
			<trkpt lat="28.53627109" lon="77.26707488">
				<ele>184.65423583984375</ele>
				<time>2026-08-09T11:53:48Z</time>
				<extensions>
					<speed>1.2000000476837158</speed>
				</extensions>
			</trkpt>
			<trkpt lat="28.53627384" lon="77.26706481">
				<ele>184.78448486328125</ele>
				<time>2026-08-09T11:53:49Z</time>
				<extensions>
					<speed>1.1799999475479126</speed>
				</extensions>
			</trkpt>
			<trkpt lat="28.53627707" lon="77.26705293">
				<ele>184.14520263671875</ele>
				<time>2026-08-09T11:53:50Z</time>
				<extensions>
					<speed>1.190000057220459</speed>
				</extensions>
			</trkpt>
			<trkpt lat="28.53627738" lon="77.26704332">
				<ele>182.98394775390625</ele>
				<time>2026-08-09T11:53:51Z</time>
				<extensions>
					<speed>1.1799999475479126</speed>
				</extensions>
			</trkpt>
			<trkpt lat="28.53627869" lon="77.2670341">
				<ele>181.7559814453125</ele>
				<time>2026-08-09T11:53:52Z</time>
				<extensions>
					<speed>1.1399999856948853</speed>
				</extensions>
			</trkpt>
			<trkpt lat="28.53628518" lon="77.2670239">
				<ele>182.46136474609375</ele>
				<time>2026-08-09T11:53:53Z</time>
				<extensions>
					<speed>1.1699999570846558</speed>
				</extensions>
			</trkpt>
			<trkpt lat="28.5362918" lon="77.2670147">
				<ele>182.4915771484375</ele>
				<time>2026-08-09T11:53:54Z</time>
				<extensions>
					<speed>1.149999976158142</speed>
				</extensions>
			</trkpt>
			<trkpt lat="28.53629964" lon="77.26700531">
				<ele>182.60302734375</ele>
				<time>2026-08-09T11:53:55Z</time>
				<extensions>
					<speed>1.149999976158142</speed>
				</extensions>
			</trkpt>
			<trkpt lat="28.53630546" lon="77.2669943">
				<ele>182.6234130859375</ele>
				<time>2026-08-09T11:53:56Z</time>
				<extensions>
					<speed>1.1699999570846558</speed>
				</extensions>
			</trkpt>
			<trkpt lat="28.53630897" lon="77.26698139">
				<ele>181.9735107421875</ele>
				<time>2026-08-09T11:53:57Z</time>
				<extensions>
					<speed>1.159999966621399</speed>
				</extensions>
			</trkpt>
			<trkpt lat="28.53631047" lon="77.26696586">
				<ele>181.2996826171875</ele>
				<time>2026-08-09T11:53:58Z</time>
				<extensions>
					<speed>1.1799999475479126</speed>
				</extensions>
			</trkpt>
			<trkpt lat="28.53630952" lon="77.26694873">
				<ele>180.70831298828125</ele>
				<time>2026-08-09T11:53:59Z</time>
				<extensions>
					<speed>1.190000057220459</speed>
				</extensions>
			</trkpt>
			<trkpt lat="28.53630509" lon="77.26693436">
				<ele>179.80718994140625</ele>
				<time>2026-08-09T11:54:00Z</time>
				<extensions>
					<speed>1.1699999570846558</speed>
				</extensions>
			</trkpt>
			<trkpt lat="28.53630687" lon="77.26691881">
				<ele>178.676025390625</ele>
				<time>2026-08-09T11:54:01Z</time>
				<extensions>
					<speed>1.2300000190734863</speed>
				</extensions>
			</trkpt>
			<trkpt lat="28.53631049" lon="77.26690275">
				<ele>177.93310546875</ele>
				<time>2026-08-09T11:54:02Z</time>
				<extensions>
					<speed>1.2000000476837158</speed>
				</extensions>
			</trkpt>
			<trkpt lat="28.53631732" lon="77.26688768">
				<ele>178.02166748046875</ele>
				<time>2026-08-09T11:54:03Z</time>
				<extensions>
					<speed>1.2200000286102295</speed>
				</extensions>
			</trkpt>
			<trkpt lat="28.53632301" lon="77.26687647">
				<ele>178.51025390625</ele>
				<time>2026-08-09T11:54:04Z</time>
				<extensions>
					<speed>1.2200000286102295</speed>
				</extensions>
			</trkpt>
			<trkpt lat="28.53632727" lon="77.26686377">
				<ele>178.82763671875</ele>
				<time>2026-08-09T11:54:05Z</time>
				<extensions>
					<speed>1.2400000095367432</speed>
				</extensions>
			</trkpt>
			<trkpt lat="28.53633254" lon="77.26685304">
				<ele>178.6817626953125</ele>
				<time>2026-08-09T11:54:06Z</time>
				<extensions>
					<speed>1.2300000190734863</speed>
				</extensions>
			</trkpt>
			<trkpt lat="28.53633111" lon="77.26683825">
				<ele>181.5826416015625</ele>
				<time>2026-08-09T11:54:07Z</time>
				<extensions>
					<speed>1.3600000143051147</speed>
				</extensions>
			</trkpt>
			<trkpt lat="28.53633" lon="77.26682358">
				<ele>181.79833984375</ele>
				<time>2026-08-09T11:54:08Z</time>
				<extensions>
					<speed>1.2699999809265137</speed>
				</extensions>
			</trkpt>
			<trkpt lat="28.53633052" lon="77.26681012">
				<ele>182.76953125</ele>
				<time>2026-08-09T11:54:09Z</time>
				<extensions>
					<speed>1.2400000095367432</speed>
				</extensions>
			</trkpt>
			<trkpt lat="28.53632987" lon="77.26679716">
				<ele>183.81353759765625</ele>
				<time>2026-08-09T11:54:10Z</time>
				<extensions>
					<speed>1.2300000190734863</speed>
				</extensions>
			</trkpt>
			<trkpt lat="28.53632649" lon="77.26678148">
				<ele>184.3017578125</ele>
				<time>2026-08-09T11:54:11Z</time>
				<extensions>
					<speed>1.2699999809265137</speed>
				</extensions>
			</trkpt>
			<trkpt lat="28.53632484" lon="77.26676631">
				<ele>184.6976318359375</ele>
				<time>2026-08-09T11:54:12Z</time>
				<extensions>
					<speed>1.2799999713897705</speed>
				</extensions>
			</trkpt>
			<trkpt lat="28.53631807" lon="77.26675284">
				<ele>184.38250732421875</ele>
				<time>2026-08-09T11:54:13Z</time>
				<extensions>
					<speed>1.2300000190734863</speed>
				</extensions>
			</trkpt>
			<trkpt lat="28.53631436" lon="77.26673977">
				<ele>184.75537109375</ele>
				<time>2026-08-09T11:54:14Z</time>
				<extensions>
					<speed>1.2200000286102295</speed>
				</extensions>
			</trkpt>
			<trkpt lat="28.53631653" lon="77.26672599">
				<ele>185.7789306640625</ele>
				<time>2026-08-09T11:54:15Z</time>
				<extensions>
					<speed>1.4299999475479126</speed>
				</extensions>
			</trkpt>
			<trkpt lat="28.53631645" lon="77.2667119">
				<ele>187.03717041015625</ele>
				<time>2026-08-09T11:54:16Z</time>
				<extensions>
					<speed>1.25</speed>
				</extensions>
			</trkpt>
			<trkpt lat="28.53631448" lon="77.26669692">
				<ele>188.28558349609375</ele>
				<time>2026-08-09T11:54:17Z</time>
				<extensions>
					<speed>1.2599999904632568</speed>
				</extensions>
			</trkpt>
			<trkpt lat="28.5363118" lon="77.26668227">
				<ele>188.0921630859375</ele>
				<time>2026-08-09T11:54:18Z</time>
				<extensions>
					<speed>1.2400000095367432</speed>
				</extensions>
			</trkpt>
			<trkpt lat="28.53630619" lon="77.26666428">
				<ele>187.4219970703125</ele>
				<time>2026-08-09T11:54:19Z</time>
				<extensions>
					<speed>1.2599999904632568</speed>
				</extensions>
			</trkpt>
			<trkpt lat="28.53629921" lon="77.26664123">
				<ele>186.76226806640625</ele>
				<time>2026-08-09T11:54:20Z</time>
				<extensions>
					<speed>1.2899999618530273</speed>
				</extensions>
			</trkpt>
			<trkpt lat="28.53629364" lon="77.26662234">
				<ele>186.352783203125</ele>
				<time>2026-08-09T11:54:21Z</time>
				<extensions>
					<speed>1.2899999618530273</speed>
				</extensions>
			</trkpt>
			<trkpt lat="28.53629376" lon="77.26661157">
				<ele>186.945068359375</ele>
				<time>2026-08-09T11:54:22Z</time>
				<extensions>
					<speed>1.2699999809265137</speed>
				</extensions>
			</trkpt>
			<trkpt lat="28.53628995" lon="77.26659791">
				<ele>186.28955078125</ele>
				<time>2026-08-09T11:54:23Z</time>
				<extensions>
					<speed>1.2999999523162842</speed>
				</extensions>
			</trkpt>
			<trkpt lat="28.53628703" lon="77.26658376">
				<ele>186.1806640625</ele>
				<time>2026-08-09T11:54:24Z</time>
				<extensions>
					<speed>1.2599999904632568</speed>
				</extensions>
			</trkpt>
			<trkpt lat="28.53628476" lon="77.26657004">
				<ele>186.70965576171875</ele>
				<time>2026-08-09T11:54:25Z</time>
				<extensions>
					<speed>1.2599999904632568</speed>
				</extensions>
			</trkpt>
			<trkpt lat="28.53628444" lon="77.2665533">
				<ele>186.32147216796875</ele>
				<time>2026-08-09T11:54:26Z</time>
				<extensions>
					<speed>1.2799999713897705</speed>
				</extensions>
			</trkpt>
			<trkpt lat="28.5362856" lon="77.26653945">
				<ele>186.94970703125</ele>
				<time>2026-08-09T11:54:27Z</time>
				<extensions>
					<speed>1.2599999904632568</speed>
				</extensions>
			</trkpt>
			<trkpt lat="28.53628556" lon="77.26652634">
				<ele>186.963134765625</ele>
				<time>2026-08-09T11:54:28Z</time>
				<extensions>
					<speed>1.2699999809265137</speed>
				</extensions>
			</trkpt>
			<trkpt lat="28.53628919" lon="77.26651211">
				<ele>187.66632080078125</ele>
				<time>2026-08-09T11:54:29Z</time>
				<extensions>
					<speed>1.3200000524520874</speed>
				</extensions>
			</trkpt>
			<trkpt lat="28.53629206" lon="77.26649782">
				<ele>189.4307861328125</ele>
				<time>2026-08-09T11:54:30Z</time>
				<extensions>
					<speed>1.2599999904632568</speed>
				</extensions>
			</trkpt>
			<trkpt lat="28.53629468" lon="77.26648361">
				<ele>189.9600830078125</ele>
				<time>2026-08-09T11:54:31Z</time>
				<extensions>
					<speed>1.25</speed>
				</extensions>
			</trkpt>
			<trkpt lat="28.5362984" lon="77.26646893">
				<ele>190.6151123046875</ele>
				<time>2026-08-09T11:54:32Z</time>
				<extensions>
					<speed>1.2699999809265137</speed>
				</extensions>
			</trkpt>
			<trkpt lat="28.53630099" lon="77.2664515">
				<ele>190.748779296875</ele>
				<time>2026-08-09T11:54:33Z</time>
				<extensions>
					<speed>1.2899999618530273</speed>
				</extensions>
			</trkpt>
			<trkpt lat="28.53630324" lon="77.26643736">
				<ele>190.7894287109375</ele>
				<time>2026-08-09T11:54:34Z</time>
				<extensions>
					<speed>1.2599999904632568</speed>
				</extensions>
			</trkpt>
			<trkpt lat="28.5363093" lon="77.26642521">
				<ele>191.9852294921875</ele>
				<time>2026-08-09T11:54:35Z</time>
				<extensions>
					<speed>1.2799999713897705</speed>
				</extensions>
			</trkpt>
			<trkpt lat="28.53631346" lon="77.26641111">
				<ele>191.6575927734375</ele>
				<time>2026-08-09T11:54:36Z</time>
				<extensions>
					<speed>1.2699999809265137</speed>
				</extensions>
			</trkpt>
			<trkpt lat="28.53631712" lon="77.26639742">
				<ele>191.8724365234375</ele>
				<time>2026-08-09T11:54:37Z</time>
				<extensions>
					<speed>1.2599999904632568</speed>
				</extensions>
			</trkpt>
			<trkpt lat="28.53631785" lon="77.26638267">
				<ele>191.1656494140625</ele>
				<time>2026-08-09T11:54:38Z</time>
				<extensions>
					<speed>1.2899999618530273</speed>
				</extensions>
			</trkpt>
			<trkpt lat="28.53632034" lon="77.26636918">
				<ele>192.0196533203125</ele>
				<time>2026-08-09T11:54:39Z</time>
				<extensions>
					<speed>1.2699999809265137</speed>
				</extensions>
			</trkpt>
			<trkpt lat="28.53632237" lon="77.26635464">
				<ele>192.5277099609375</ele>
				<time>2026-08-09T11:54:40Z</time>
				<extensions>
					<speed>1.2799999713897705</speed>
				</extensions>
			</trkpt>
			<trkpt lat="28.5363257" lon="77.26634047">
				<ele>191.64117431640625</ele>
				<time>2026-08-09T11:54:41Z</time>
				<extensions>
					<speed>1.2699999809265137</speed>
				</extensions>
			</trkpt>
			<trkpt lat="28.53633253" lon="77.2663272">
				<ele>189.31475830078125</ele>
				<time>2026-08-09T11:54:42Z</time>
				<extensions>
					<speed>1.3300000429153442</speed>
				</extensions>
			</trkpt>
			<trkpt lat="28.53634393" lon="77.26631238">
				<ele>188.10009765625</ele>
				<time>2026-08-09T11:54:43Z</time>
				<extensions>
					<speed>1.2799999713897705</speed>
				</extensions>
			</trkpt>
			<trkpt lat="28.53635282" lon="77.26629717">
				<ele>187.639892578125</ele>
				<time>2026-08-09T11:54:44Z</time>
				<extensions>
					<speed>1.2999999523162842</speed>
				</extensions>
			</trkpt>
			<trkpt lat="28.53636177" lon="77.26628235">
				<ele>186.9443359375</ele>
				<time>2026-08-09T11:54:45Z</time>
				<extensions>
					<speed>1.2999999523162842</speed>
				</extensions>
			</trkpt>
			<trkpt lat="28.53636386" lon="77.26626659">
				<ele>187.67791748046875</ele>
				<time>2026-08-09T11:54:46Z</time>
				<extensions>
					<speed>1.3600000143051147</speed>
				</extensions>
			</trkpt>
			<trkpt lat="28.53636713" lon="77.26625343">
				<ele>187.3524169921875</ele>
				<time>2026-08-09T11:54:47Z</time>
				<extensions>
					<speed>1.2899999618530273</speed>
				</extensions>
			</trkpt>
			<trkpt lat="28.53637703" lon="77.26624081">
				<ele>185.548828125</ele>
				<time>2026-08-09T11:54:48Z</time>
				<extensions>
					<speed>1.309999942779541</speed>
				</extensions>
			</trkpt>
			<trkpt lat="28.53638327" lon="77.26622922">
				<ele>185.89410400390625</ele>
				<time>2026-08-09T11:54:49Z</time>
				<extensions>
					<speed>1.2799999713897705</speed>
				</extensions>
			</trkpt>
			<trkpt lat="28.53638956" lon="77.26621592">
				<ele>185.9803466796875</ele>
				<time>2026-08-09T11:54:50Z</time>
				<extensions>
					<speed>1.309999942779541</speed>
				</extensions>
			</trkpt>
			<trkpt lat="28.53639345" lon="77.2662032">
				<ele>186.52978515625</ele>
				<time>2026-08-09T11:54:51Z</time>
				<extensions>
					<speed>1.2899999618530273</speed>
				</extensions>
			</trkpt>
			<trkpt lat="28.53639528" lon="77.26618968">
				<ele>186.89874267578125</ele>
				<time>2026-08-09T11:54:52Z</time>
				<extensions>
					<speed>1.309999942779541</speed>
				</extensions>
			</trkpt>
			<trkpt lat="28.53639743" lon="77.26617812">
				<ele>186.4378662109375</ele>
				<time>2026-08-09T11:54:53Z</time>
				<extensions>
					<speed>1.2799999713897705</speed>
				</extensions>
			</trkpt>
			<trkpt lat="28.53639827" lon="77.26616671">
				<ele>185.841552734375</ele>
				<time>2026-08-09T11:54:54Z</time>
				<extensions>
					<speed>1.2699999809265137</speed>
				</extensions>
			</trkpt>
			<trkpt lat="28.53639858" lon="77.26615443">
				<ele>185.79547119140625</ele>
				<time>2026-08-09T11:54:55Z</time>
				<extensions>
					<speed>1.2699999809265137</speed>
				</extensions>
			</trkpt>
			<trkpt lat="28.53639924" lon="77.26614307">
				<ele>185.5325927734375</ele>
				<time>2026-08-09T11:54:56Z</time>
				<extensions>
					<speed>1.2599999904632568</speed>
				</extensions>
			</trkpt>
			<trkpt lat="28.53640108" lon="77.26612879">
				<ele>185.2178955078125</ele>
				<time>2026-08-09T11:54:57Z</time>
				<extensions>
					<speed>1.2699999809265137</speed>
				</extensions>
			</trkpt>
			<trkpt lat="28.53640321" lon="77.26611514">
				<ele>185.48626708984375</ele>
				<time>2026-08-09T11:54:58Z</time>
				<extensions>
					<speed>1.25</speed>
				</extensions>
			</trkpt>
			<trkpt lat="28.53640366" lon="77.26610162">
				<ele>185.7398681640625</ele>
				<time>2026-08-09T11:54:59Z</time>
				<extensions>
					<speed>1.2799999713897705</speed>
				</extensions>
			</trkpt>
			<trkpt lat="28.53640256" lon="77.26608819">
				<ele>185.9754638671875</ele>
				<time>2026-08-09T11:55:00Z</time>
				<extensions>
					<speed>1.2699999809265137</speed>
				</extensions>
			</trkpt>
			<trkpt lat="28.53640186" lon="77.26607283">
				<ele>185.6820068359375</ele>
				<time>2026-08-09T11:55:01Z</time>
				<extensions>
					<speed>1.2799999713897705</speed>
				</extensions>
			</trkpt>
			<trkpt lat="28.53640393" lon="77.26605906">
				<ele>185.96624755859375</ele>
				<time>2026-08-09T11:55:02Z</time>
				<extensions>
					<speed>1.2899999618530273</speed>
				</extensions>
			</trkpt>
			<trkpt lat="28.53640931" lon="77.26604681">
				<ele>186.54400634765625</ele>
				<time>2026-08-09T11:55:03Z</time>
				<extensions>
					<speed>1.2799999713897705</speed>
				</extensions>
			</trkpt>
			<trkpt lat="28.53641751" lon="77.26603297">
				<ele>187.0789794921875</ele>
				<time>2026-08-09T11:55:04Z</time>
				<extensions>
					<speed>1.2799999713897705</speed>
				</extensions>
			</trkpt>
			<trkpt lat="28.53642355" lon="77.26602064">
				<ele>187.484130859375</ele>
				<time>2026-08-09T11:55:05Z</time>
				<extensions>
					<speed>1.2599999904632568</speed>
				</extensions>
			</trkpt>
			<trkpt lat="28.53642705" lon="77.26600898">
				<ele>188.40155029296875</ele>
				<time>2026-08-09T11:55:06Z</time>
				<extensions>
					<speed>1.2999999523162842</speed>
				</extensions>
			</trkpt>
			<trkpt lat="28.5364312" lon="77.26599441">
				<ele>188.6861572265625</ele>
				<time>2026-08-09T11:55:07Z</time>
				<extensions>
					<speed>1.2599999904632568</speed>
				</extensions>
			</trkpt>
			<trkpt lat="28.53643717" lon="77.26598252">
				<ele>188.85418701171875</ele>
				<time>2026-08-09T11:55:08Z</time>
				<extensions>
					<speed>1.2799999713897705</speed>
				</extensions>
			</trkpt>
			<trkpt lat="28.53644513" lon="77.26597105">
				<ele>188.27783203125</ele>
				<time>2026-08-09T11:55:09Z</time>
				<extensions>
					<speed>1.2599999904632568</speed>
				</extensions>
			</trkpt>
			<trkpt lat="28.53645113" lon="77.26595908">
				<ele>188.21539306640625</ele>
				<time>2026-08-09T11:55:10Z</time>
				<extensions>
					<speed>1.2599999904632568</speed>
				</extensions>
			</trkpt>
			<trkpt lat="28.53645653" lon="77.26594467">
				<ele>188.864501953125</ele>
				<time>2026-08-09T11:55:11Z</time>
				<extensions>
					<speed>1.2599999904632568</speed>
				</extensions>
			</trkpt>
			<trkpt lat="28.53645975" lon="77.26592991">
				<ele>189.3330078125</ele>
				<time>2026-08-09T11:55:12Z</time>
				<extensions>
					<speed>1.2599999904632568</speed>
				</extensions>
			</trkpt>
			<trkpt lat="28.5364555" lon="77.26590914">
				<ele>187.30755615234375</ele>
				<time>2026-08-09T11:55:13Z</time>
				<extensions>
					<speed>1.2899999618530273</speed>
				</extensions>
			</trkpt>
			<trkpt lat="28.53646158" lon="77.2658927">
				<ele>188.2977294921875</ele>
				<time>2026-08-09T11:55:14Z</time>
				<extensions>
					<speed>1.3200000524520874</speed>
				</extensions>
			</trkpt>
			<trkpt lat="28.53647097" lon="77.26587985">
				<ele>189.17144775390625</ele>
				<time>2026-08-09T11:55:15Z</time>
				<extensions>
					<speed>1.2899999618530273</speed>
				</extensions>
			</trkpt>
			<trkpt lat="28.53647873" lon="77.26586929">
				<ele>190.32427978515625</ele>
				<time>2026-08-09T11:55:16Z</time>
				<extensions>
					<speed>1.2799999713897705</speed>
				</extensions>
			</trkpt>
			<trkpt lat="28.53648552" lon="77.26585925">
				<ele>189.32196044921875</ele>
				<time>2026-08-09T11:55:17Z</time>
				<extensions>
					<speed>1.2599999904632568</speed>
				</extensions>
			</trkpt>
			<trkpt lat="28.53649162" lon="77.26584959">
				<ele>189.52301025390625</ele>
				<time>2026-08-09T11:55:18Z</time>
				<extensions>
					<speed>1.2799999713897705</speed>
				</extensions>
			</trkpt>
			<trkpt lat="28.53649409" lon="77.26583915">
				<ele>189.493896484375</ele>
				<time>2026-08-09T11:55:19Z</time>
				<extensions>
					<speed>1.2699999809265137</speed>
				</extensions>
			</trkpt>
			<trkpt lat="28.53650157" lon="77.26583109">
				<ele>190.2435302734375</ele>
				<time>2026-08-09T11:55:20Z</time>
				<extensions>
					<speed>1.2599999904632568</speed>
				</extensions>
			</trkpt>
			<trkpt lat="28.53650841" lon="77.26582282">
				<ele>189.79473876953125</ele>
				<time>2026-08-09T11:55:21Z</time>
				<extensions>
					<speed>1.2799999713897705</speed>
				</extensions>
			</trkpt>
			<trkpt lat="28.53651388" lon="77.265811">
				<ele>190.800537109375</ele>
				<time>2026-08-09T11:55:22Z</time>
				<extensions>
					<speed>1.2799999713897705</speed>
				</extensions>
			</trkpt>
			<trkpt lat="28.53652369" lon="77.26579983">
				<ele>190.748046875</ele>
				<time>2026-08-09T11:55:23Z</time>
				<extensions>
					<speed>1.2899999618530273</speed>
				</extensions>
			</trkpt>
			<trkpt lat="28.53653114" lon="77.26578669">
				<ele>190.489013671875</ele>
				<time>2026-08-09T11:55:24Z</time>
				<extensions>
					<speed>1.2799999713897705</speed>
				</extensions>
			</trkpt>
			<trkpt lat="28.53653602" lon="77.26577296">
				<ele>190.63262939453125</ele>
				<time>2026-08-09T11:55:25Z</time>
				<extensions>
					<speed>1.2799999713897705</speed>
				</extensions>
			</trkpt>
			<trkpt lat="28.53654499" lon="77.2657593">
				<ele>190.75274658203125</ele>
				<time>2026-08-09T11:55:26Z</time>
				<extensions>
					<speed>1.2899999618530273</speed>
				</extensions>
			</trkpt>
			<trkpt lat="28.53655421" lon="77.26574539">
				<ele>190.84735107421875</ele>
				<time>2026-08-09T11:55:27Z</time>
				<extensions>
					<speed>1.2899999618530273</speed>
				</extensions>
			</trkpt>
			<trkpt lat="28.53656174" lon="77.26573067">
				<ele>191.11468505859375</ele>
				<time>2026-08-09T11:55:28Z</time>
				<extensions>
					<speed>1.2999999523162842</speed>
				</extensions>
			</trkpt>
			<trkpt lat="28.53657013" lon="77.26571656">
				<ele>192.4971923828125</ele>
				<time>2026-08-09T11:55:29Z</time>
				<extensions>
					<speed>1.2999999523162842</speed>
				</extensions>
			</trkpt>
			<trkpt lat="28.53657382" lon="77.26569988">
				<ele>192.01495361328125</ele>
				<time>2026-08-09T11:55:30Z</time>
				<extensions>
					<speed>1.2999999523162842</speed>
				</extensions>
			</trkpt>
			<trkpt lat="28.53657869" lon="77.26568537">
				<ele>192.701416015625</ele>
				<time>2026-08-09T11:55:31Z</time>
				<extensions>
					<speed>1.2999999523162842</speed>
				</extensions>
			</trkpt>
			<trkpt lat="28.53658184" lon="77.26567029">
				<ele>193.82073974609375</ele>
				<time>2026-08-09T11:55:32Z</time>
				<extensions>
					<speed>1.309999942779541</speed>
				</extensions>
			</trkpt>
			<trkpt lat="28.53658774" lon="77.26565698">
				<ele>195.4078369140625</ele>
				<time>2026-08-09T11:55:33Z</time>
				<extensions>
					<speed>1.2999999523162842</speed>
				</extensions>
			</trkpt>
			<trkpt lat="28.53659589" lon="77.2656378">
				<ele>195.89569091796875</ele>
				<time>2026-08-09T11:55:34Z</time>
				<extensions>
					<speed>1.309999942779541</speed>
				</extensions>
			</trkpt>
			<trkpt lat="28.53660199" lon="77.26562105">
				<ele>194.4317626953125</ele>
				<time>2026-08-09T11:55:35Z</time>
				<extensions>
					<speed>1.2999999523162842</speed>
				</extensions>
			</trkpt>
			<trkpt lat="28.53661161" lon="77.2656045">
				<ele>194.31207275390625</ele>
				<time>2026-08-09T11:55:36Z</time>
				<extensions>
					<speed>1.3200000524520874</speed>
				</extensions>
			</trkpt>
			<trkpt lat="28.53661649" lon="77.26558886">
				<ele>194.77105712890625</ele>
				<time>2026-08-09T11:55:37Z</time>
				<extensions>
					<speed>1.2999999523162842</speed>
				</extensions>
			</trkpt>
			<trkpt lat="28.53662834" lon="77.26557548">
				<ele>193.38616943359375</ele>
				<time>2026-08-09T11:55:38Z</time>
				<extensions>
					<speed>1.309999942779541</speed>
				</extensions>
			</trkpt>
			<trkpt lat="28.53663592" lon="77.26556404">
				<ele>193.83502197265625</ele>
				<time>2026-08-09T11:55:39Z</time>
				<extensions>
					<speed>1.2899999618530273</speed>
				</extensions>
			</trkpt>
			<trkpt lat="28.53664163" lon="77.26555267">
				<ele>194.7054443359375</ele>
				<time>2026-08-09T11:55:40Z</time>
				<extensions>
					<speed>1.309999942779541</speed>
				</extensions>
			</trkpt>
			<trkpt lat="28.53664148" lon="77.26554024">
				<ele>196.19378662109375</ele>
				<time>2026-08-09T11:55:41Z</time>
				<extensions>
					<speed>1.309999942779541</speed>
				</extensions>
			</trkpt>
			<trkpt lat="28.5366402" lon="77.26552756">
				<ele>197.12554931640625</ele>
				<time>2026-08-09T11:55:42Z</time>
				<extensions>
					<speed>1.2999999523162842</speed>
				</extensions>
			</trkpt>
			<trkpt lat="28.53663624" lon="77.26551316">
				<ele>194.990478515625</ele>
				<time>2026-08-09T11:55:43Z</time>
				<extensions>
					<speed>1.3300000429153442</speed>
				</extensions>
			</trkpt>
			<trkpt lat="28.53663935" lon="77.26550064">
				<ele>192.855712890625</ele>
				<time>2026-08-09T11:55:44Z</time>
				<extensions>
					<speed>1.3899999856948853</speed>
				</extensions>
			</trkpt>
			<trkpt lat="28.53664158" lon="77.26548818">
				<ele>192.17108154296875</ele>
				<time>2026-08-09T11:55:45Z</time>
				<extensions>
					<speed>1.309999942779541</speed>
				</extensions>
			</trkpt>
			<trkpt lat="28.53664841" lon="77.26547648">
				<ele>191.1912841796875</ele>
				<time>2026-08-09T11:55:46Z</time>
				<extensions>
					<speed>1.3300000429153442</speed>
				</extensions>
			</trkpt>
			<trkpt lat="28.53665285" lon="77.26546534">
				<ele>189.59912109375</ele>
				<time>2026-08-09T11:55:47Z</time>
				<extensions>
					<speed>1.309999942779541</speed>
				</extensions>
			</trkpt>
			<trkpt lat="28.53665456" lon="77.2654521">
				<ele>188.8441162109375</ele>
				<time>2026-08-09T11:55:48Z</time>
				<extensions>
					<speed>1.3700000047683716</speed>
				</extensions>
			</trkpt>
			<trkpt lat="28.53665691" lon="77.26543957">
				<ele>188.4495849609375</ele>
				<time>2026-08-09T11:55:49Z</time>
				<extensions>
					<speed>1.3200000524520874</speed>
				</extensions>
			</trkpt>
			<trkpt lat="28.536662" lon="77.26542581">
				<ele>188.0555419921875</ele>
				<time>2026-08-09T11:55:50Z</time>
				<extensions>
					<speed>1.3200000524520874</speed>
				</extensions>
			</trkpt>
			<trkpt lat="28.53666393" lon="77.26541305">
				<ele>187.8466796875</ele>
				<time>2026-08-09T11:55:51Z</time>
				<extensions>
					<speed>1.309999942779541</speed>
				</extensions>
			</trkpt>
			<trkpt lat="28.5366673" lon="77.2653989">
				<ele>187.351806640625</ele>
				<time>2026-08-09T11:55:52Z</time>
				<extensions>
					<speed>1.309999942779541</speed>
				</extensions>
			</trkpt>
			<trkpt lat="28.53667327" lon="77.26538666">
				<ele>186.99609375</ele>
				<time>2026-08-09T11:55:53Z</time>
				<extensions>
					<speed>1.3200000524520874</speed>
				</extensions>
			</trkpt>
			<trkpt lat="28.53667747" lon="77.26537195">
				<ele>187.15625</ele>
				<time>2026-08-09T11:55:54Z</time>
				<extensions>
					<speed>1.3200000524520874</speed>
				</extensions>
			</trkpt>
			<trkpt lat="28.53668242" lon="77.26535884">
				<ele>187.548828125</ele>
				<time>2026-08-09T11:55:55Z</time>
				<extensions>
					<speed>1.3200000524520874</speed>
				</extensions>
			</trkpt>
			<trkpt lat="28.53668734" lon="77.26534776">
				<ele>186.5970458984375</ele>
				<time>2026-08-09T11:55:56Z</time>
				<extensions>
					<speed>1.309999942779541</speed>
				</extensions>
			</trkpt>
			<trkpt lat="28.53669653" lon="77.26533935">
				<ele>186.28863525390625</ele>
				<time>2026-08-09T11:55:57Z</time>
				<extensions>
					<speed>1.340000033378601</speed>
				</extensions>
			</trkpt>
			<trkpt lat="28.53670493" lon="77.26533017">
				<ele>186.60968017578125</ele>
				<time>2026-08-09T11:55:58Z</time>
				<extensions>
					<speed>1.2999999523162842</speed>
				</extensions>
			</trkpt>
			<trkpt lat="28.53671147" lon="77.26531956">
				<ele>186.2159423828125</ele>
				<time>2026-08-09T11:55:59Z</time>
				<extensions>
					<speed>1.2999999523162842</speed>
				</extensions>
			</trkpt>
			<trkpt lat="28.53671335" lon="77.26530767">
				<ele>186.034423828125</ele>
				<time>2026-08-09T11:56:00Z</time>
				<extensions>
					<speed>1.3200000524520874</speed>
				</extensions>
			</trkpt>
			<trkpt lat="28.53671331" lon="77.26529428">
				<ele>185.6417236328125</ele>
				<time>2026-08-09T11:56:01Z</time>
				<extensions>
					<speed>1.3300000429153442</speed>
				</extensions>
			</trkpt>
			<trkpt lat="28.53671509" lon="77.26528065">
				<ele>185.61627197265625</ele>
				<time>2026-08-09T11:56:02Z</time>
				<extensions>
					<speed>1.2899999618530273</speed>
				</extensions>
			</trkpt>
			<trkpt lat="28.53672444" lon="77.26526726">
				<ele>185.9034423828125</ele>
				<time>2026-08-09T11:56:03Z</time>
				<extensions>
					<speed>1.4199999570846558</speed>
				</extensions>
			</trkpt>
			<trkpt lat="28.53673432" lon="77.26525613">
				<ele>186.5706787109375</ele>
				<time>2026-08-09T11:56:04Z</time>
				<extensions>
					<speed>1.309999942779541</speed>
				</extensions>
			</trkpt>
			<trkpt lat="28.53674085" lon="77.26524231">
				<ele>187.086181640625</ele>
				<time>2026-08-09T11:56:05Z</time>
				<extensions>
					<speed>1.340000033378601</speed>
				</extensions>
			</trkpt>
			<trkpt lat="28.5367432" lon="77.26522834">
				<ele>187.30804443359375</ele>
				<time>2026-08-09T11:56:06Z</time>
				<extensions>
					<speed>1.309999942779541</speed>
				</extensions>
			</trkpt>
			<trkpt lat="28.53674564" lon="77.26521332">
				<ele>187.79248046875</ele>
				<time>2026-08-09T11:56:07Z</time>
				<extensions>
					<speed>1.2999999523162842</speed>
				</extensions>
			</trkpt>
			<trkpt lat="28.53675025" lon="77.26519919">
				<ele>188.3162841796875</ele>
				<time>2026-08-09T11:56:08Z</time>
				<extensions>
					<speed>1.2999999523162842</speed>
				</extensions>
			</trkpt>
			<trkpt lat="28.53675372" lon="77.26518479">
				<ele>188.719482421875</ele>
				<time>2026-08-09T11:56:09Z</time>
				<extensions>
					<speed>1.2999999523162842</speed>
				</extensions>
			</trkpt>
			<trkpt lat="28.53675789" lon="77.2651723">
				<ele>187.9759521484375</ele>
				<time>2026-08-09T11:56:10Z</time>
				<extensions>
					<speed>1.2999999523162842</speed>
				</extensions>
			</trkpt>
			<trkpt lat="28.53676279" lon="77.26515991">
				<ele>188.33673095703125</ele>
				<time>2026-08-09T11:56:11Z</time>
				<extensions>
					<speed>1.2999999523162842</speed>
				</extensions>
			</trkpt>
			<trkpt lat="28.5367667" lon="77.26514644">
				<ele>188.4443359375</ele>
				<time>2026-08-09T11:56:12Z</time>
				<extensions>
					<speed>1.2999999523162842</speed>
				</extensions>
			</trkpt>
			<trkpt lat="28.53676839" lon="77.2651322">
				<ele>188.20379638671875</ele>
				<time>2026-08-09T11:56:13Z</time>
				<extensions>
					<speed>1.3300000429153442</speed>
				</extensions>
			</trkpt>
			<trkpt lat="28.53677023" lon="77.26512033">
				<ele>188.16864013671875</ele>
				<time>2026-08-09T11:56:14Z</time>
				<extensions>
					<speed>1.2999999523162842</speed>
				</extensions>
			</trkpt>
			<trkpt lat="28.53676961" lon="77.26510828">
				<ele>187.96453857421875</ele>
				<time>2026-08-09T11:56:15Z</time>
				<extensions>
					<speed>1.3200000524520874</speed>
				</extensions>
			</trkpt>
			<trkpt lat="28.53677016" lon="77.26509479">
				<ele>187.686767578125</ele>
				<time>2026-08-09T11:56:16Z</time>
				<extensions>
					<speed>1.2899999618530273</speed>
				</extensions>
			</trkpt>
			<trkpt lat="28.53677491" lon="77.26508086">
				<ele>187.6014404296875</ele>
				<time>2026-08-09T11:56:17Z</time>
				<extensions>
					<speed>1.2899999618530273</speed>
				</extensions>
			</trkpt>
			<trkpt lat="28.53677897" lon="77.26506931">
				<ele>186.57049560546875</ele>
				<time>2026-08-09T11:56:18Z</time>
				<extensions>
					<speed>1.2999999523162842</speed>
				</extensions>
			</trkpt>
			<trkpt lat="28.53678084" lon="77.26505746">
				<ele>184.57781982421875</ele>
				<time>2026-08-09T11:56:19Z</time>
				<extensions>
					<speed>1.309999942779541</speed>
				</extensions>
			</trkpt>
			<trkpt lat="28.53680266" lon="77.26504954">
				<ele>183.4864501953125</ele>
				<time>2026-08-09T11:56:20Z</time>
				<extensions>
					<speed>2.5899999141693115</speed>
				</extensions>
			</trkpt>
			<trkpt lat="28.53682375" lon="77.26507363">
				<ele>183.419921875</ele>
				<time>2026-08-09T11:56:21Z</time>
				<extensions>
					<speed>3.2699999809265137</speed>
				</extensions>
			</trkpt>
			<trkpt lat="28.53681738" lon="77.26509479">
				<ele>183.094970703125</ele>
				<time>2026-08-09T11:56:22Z</time>
				<extensions>
					<speed>2.630000114440918</speed>
				</extensions>
			</trkpt>
			<trkpt lat="28.53681239" lon="77.26510786">
				<ele>183.1513671875</ele>
				<time>2026-08-09T11:56:23Z</time>
				<extensions>
					<speed>0.0</speed>
				</extensions>
			</trkpt>
			<trkpt lat="28.53679342" lon="77.26511617">
				<ele>182.55682373046875</ele>
				<time>2026-08-09T11:56:24Z</time>
				<extensions>
					<speed>1.9800000190734863</speed>
				</extensions>
			</trkpt>
			<trkpt lat="28.53677693" lon="77.26511233">
				<ele>182.2509765625</ele>
				<time>2026-08-09T11:56:25Z</time>
				<extensions>
					<speed>1.590000033378601</speed>
				</extensions>
			</trkpt>
			<trkpt lat="28.53676532" lon="77.26510588">
				<ele>181.93817138671875</ele>
				<time>2026-08-09T11:56:26Z</time>
				<extensions>
					<speed>1.3300000429153442</speed>
				</extensions>
			</trkpt>
			<trkpt lat="28.53675676" lon="77.26509544">
				<ele>181.621337890625</ele>
				<time>2026-08-09T11:56:27Z</time>
				<extensions>
					<speed>1.3799999952316284</speed>
				</extensions>
			</trkpt>
			<trkpt lat="28.53675145" lon="77.26508302">
				<ele>181.3037109375</ele>
				<time>2026-08-09T11:56:28Z</time>
				<extensions>
					<speed>1.3300000429153442</speed>
				</extensions>
			</trkpt>
			<trkpt lat="28.53674375" lon="77.26507275">
				<ele>180.9842529296875</ele>
				<time>2026-08-09T11:56:29Z</time>
				<extensions>
					<speed>1.3300000429153442</speed>
				</extensions>
			</trkpt>
			<trkpt lat="28.53673342" lon="77.26506613">
				<ele>180.6663818359375</ele>
				<time>2026-08-09T11:56:30Z</time>
				<extensions>
					<speed>1.309999942779541</speed>
				</extensions>
			</trkpt>
			<trkpt lat="28.53672293" lon="77.26506109">
				<ele>180.34710693359375</ele>
				<time>2026-08-09T11:56:31Z</time>
				<extensions>
					<speed>1.25</speed>
				</extensions>
			</trkpt>
			<trkpt lat="28.53671211" lon="77.26505785">
				<ele>180.02783203125</ele>
				<time>2026-08-09T11:56:32Z</time>
				<extensions>
					<speed>1.2400000095367432</speed>
				</extensions>
			</trkpt>
			<trkpt lat="28.53670541" lon="77.26505145">
				<ele>179.7100830078125</ele>
				<time>2026-08-09T11:56:33Z</time>
				<extensions>
					<speed>1.3600000143051147</speed>
				</extensions>
			</trkpt>
			<trkpt lat="28.53669906" lon="77.26504213">
				<ele>179.3914794921875</ele>
				<time>2026-08-09T11:56:34Z</time>
				<extensions>
					<speed>1.25</speed>
				</extensions>
			</trkpt>
			<trkpt lat="28.53669618" lon="77.26502594">
				<ele>179.07659912109375</ele>
				<time>2026-08-09T11:56:35Z</time>
				<extensions>
					<speed>1.4299999475479126</speed>
				</extensions>
			</trkpt>
			<trkpt lat="28.53669575" lon="77.26501817">
				<ele>180.05999755859375</ele>
				<time>2026-08-09T11:56:36Z</time>
				<extensions>
					<speed>0.0</speed>
				</extensions>
			</trkpt>
			<trkpt lat="28.53669558" lon="77.26501407">
				<ele>179.79827880859375</ele>
				<time>2026-08-09T11:56:37Z</time>
				<extensions>
					<speed>0.0</speed>
				</extensions>
			</trkpt>
			<trkpt lat="28.53669555" lon="77.26501331">
				<ele>179.79827880859375</ele>
				<time>2026-08-09T11:56:38Z</time>
				<extensions>
					<speed>0.0</speed>
				</extensions>
			</trkpt>
			<trkpt lat="28.53669554" lon="77.26501307">
				<ele>179.79827880859375</ele>
				<time>2026-08-09T11:56:39Z</time>
				<extensions>
					<speed>0.0</speed>
				</extensions>
			</trkpt>
			<trkpt lat="28.53669553" lon="77.26501294">
				<ele>179.79827880859375</ele>
				<time>2026-08-09T11:56:40Z</time>
				<extensions>
					<speed>0.0</speed>
				</extensions>
			</trkpt>
			<trkpt lat="28.53669553" lon="77.26501278">
				<ele>179.79827880859375</ele>
				<time>2026-08-09T11:56:41Z</time>
				<extensions>
					<speed>0.0</speed>
				</extensions>
			</trkpt>
			<trkpt lat="28.53669552" lon="77.26501272">
				<ele>179.79827880859375</ele>
				<time>2026-08-09T11:56:42Z</time>
				<extensions>
					<speed>0.0</speed>
				</extensions>
			</trkpt>
			<trkpt lat="28.53669552" lon="77.26501271">
				<ele>179.79827880859375</ele>
				<time>2026-08-09T11:56:43Z</time>
				<extensions>
					<speed>0.0</speed>
				</extensions>
			</trkpt>
			<trkpt lat="28.53669552" lon="77.26501271">
				<ele>179.79827880859375</ele>
				<time>2026-08-09T11:56:44Z</time>
				<extensions>
					<speed>0.0</speed>
				</extensions>
			</trkpt>
		</trkseg>
	</trk>
</gpx>