<?xml version="1.0" encoding="UTF-8" ?>
<gpx xmlns="http://www.topografix.com/GPX/1/1" version="1.1" creator="OSMTracker for Android™ - https://github.com/labexp/osmtracker-android" xmlns:xsi="http://www.w3.org/2001/XMLSchema-instance" xsi:schemaLocation="http://www.topografix.com/GPX/1/1 http://www.topografix.com/GPX/1/1/gpx.xsd ">
	<metadata>
		<name>2026-08-09_23-11-00</name>
		<keywords>osmtracker</keywords>
		<desc>some path</desc>
	</metadata>
	<trk>
		<name><![CDATA[Tracked with OSMTracker for Android™]]></name>
		<trkseg>
			<trkpt lat="28.53665455" lon="77.26495611">
				<ele>223.23388671875</ele>
				<time>2026-08-09T17:41:26Z</time>
				<extensions>
					<speed>0.7400000095367432</speed>
				</extensions>
			</trkpt>
			<trkpt lat="28.53669592" lon="77.26506702">
				<ele>200.44915771484375</ele>
				<time>2026-08-09T17:41:28Z</time>
				<extensions>
					<speed>0.0</speed>
				</extensions>
			</trkpt>
			<trkpt lat="28.5366712" lon="77.26507707">
				<ele>195.0794677734375</ele>
				<time>2026-08-09T17:41:29Z</time>
				<extensions>
					<speed>0.0</speed>
				</extensions>
			</trkpt>
			<trkpt lat="28.53666564" lon="77.26506994">
				<ele>194.38116455078125</ele>
				<time>2026-08-09T17:41:30Z</time>
				<extensions>
					<speed>0.0</speed>
				</extensions>
			</trkpt>
			<trkpt lat="28.53666319" lon="77.26506711">
				<ele>193.031494140625</ele>
				<time>2026-08-09T17:41:31Z</time>
				<extensions>
					<speed>0.0</speed>
				</extensions>
			</trkpt>
			<trkpt lat="28.53666009" lon="77.26506911">
				<ele>191.7154541015625</ele>
				<time>2026-08-09T17:41:32Z</time>
				<extensions>
					<speed>0.0</speed>
				</extensions>
			</trkpt>
			<trkpt lat="28.53666111" lon="77.26507819">
				<ele>192.91339111328125</ele>
				<time>2026-08-09T17:41:33Z</time>
				<extensions>
					<speed>0.5</speed>
				</extensions>
			</trkpt>
			<trkpt lat="28.53666527" lon="77.26508478">
				<ele>192.260986328125</ele>
				<time>2026-08-09T17:41:34Z</time>
				<extensions>
					<speed>0.25999999046325684</speed>
				</extensions>
			</trkpt>
			<trkpt lat="28.53666768" lon="77.26509564">
				<ele>191.90460205078125</ele>
				<time>2026-08-09T17:41:35Z</time>
				<extensions>
					<speed>0.75</speed>
				</extensions>
			</trkpt>
			<trkpt lat="28.53666739" lon="77.2650918">
				<ele>190.983642578125</ele>
				<time>2026-08-09T17:41:36Z</time>
				<extensions>
					<speed>0.550000011920929</speed>
				</extensions>
			</trkpt>
			<trkpt lat="28.53667009" lon="77.26505439">
				<ele>186.89910888671875</ele>
				<time>2026-08-09T17:41:37Z</time>
				<extensions>
					<speed>0.23000000417232513</speed>
				</extensions>
			</trkpt>
			<trkpt lat="28.53667702" lon="77.26505597">
				<ele>184.9522705078125</ele>
				<time>2026-08-09T17:41:38Z</time>
				<extensions>
					<speed>0.28999999165534973</speed>
				</extensions>
			</trkpt>
			<trkpt lat="28.53666965" lon="77.2650615">
				<ele>183.81036376953125</ele>
				<time>2026-08-09T17:41:39Z</time>
				<extensions>
					<speed>0.8799999952316284</speed>
				</extensions>
			</trkpt>
			<trkpt lat="28.53665951" lon="77.26506358">
				<ele>183.0155029296875</ele>
				<time>2026-08-09T17:41:40Z</time>
				<extensions>
					<speed>0.8299999833106995</speed>
				</extensions>
			</trkpt>
			<trkpt lat="28.53665047" lon="77.26506753">
				<ele>182.156005859375</ele>
				<time>2026-08-09T17:41:41Z</time>
				<extensions>
					<speed>0.9200000166893005</speed>
				</extensions>
			</trkpt>
			<trkpt lat="28.53664345" lon="77.26507865">
				<ele>181.88970947265625</ele>
				<time>2026-08-09T17:41:42Z</time>
				<extensions>
					<speed>1.5800000429153442</speed>
				</extensions>
			</trkpt>
			<trkpt lat="28.53664616" lon="77.26509237">
				<ele>181.75714111328125</ele>
				<time>2026-08-09T17:41:43Z</time>
				<extensions>
					<speed>0.949999988079071</speed>
				</extensions>
			</trkpt>
			<trkpt lat="28.53664406" lon="77.26510655">
				<ele>181.423828125</ele>
				<time>2026-08-09T17:41:44Z</time>
				<extensions>
					<speed>1.25</speed>
				</extensions>
			</trkpt>
			<trkpt lat="28.53664417" lon="77.26511668">
				<ele>181.25860595703125</ele>
				<time>2026-08-09T17:41:45Z</time>
				<extensions>
					<speed>0.8899999856948853</speed>
				</extensions>
			</trkpt>
			<trkpt lat="28.53664371" lon="77.26512472">
				<ele>180.9417724609375</ele>
				<time>2026-08-09T17:41:46Z</time>
				<extensions>
					<speed>0.8500000238418579</speed>
				</extensions>
			</trkpt>
			<trkpt lat="28.53664485" lon="77.26514066">
				<ele>182.1138916015625</ele>
				<time>2026-08-09T17:41:47Z</time>
				<extensions>
					<speed>1.6699999570846558</speed>
				</extensions>
			</trkpt>
			<trkpt lat="28.53666071" lon="77.26515839">
				<ele>181.961181640625</ele>
				<time>2026-08-09T17:41:48Z</time>
				<extensions>
					<speed>2.0</speed>
				</extensions>
			</trkpt>
			<trkpt lat="28.53667437" lon="77.26516726">
				<ele>181.6923828125</ele>
				<time>2026-08-09T17:41:49Z</time>
				<extensions>
					<speed>1.399999976158142</speed>
				</extensions>
			</trkpt>
			<trkpt lat="28.53667484" lon="77.26517977">
				<ele>181.9486083984375</ele>
				<time>2026-08-09T17:41:50Z</time>
				<extensions>
					<speed>1.440000057220459</speed>
				</extensions>
			</trkpt>
			<trkpt lat="28.53667387" lon="77.26518994">
				<ele>182.2855224609375</ele>
				<time>2026-08-09T17:41:51Z</time>
				<extensions>
					<speed>1.0</speed>
				</extensions>
			</trkpt>
			<trkpt lat="28.53667521" lon="77.26520033">
				<ele>181.73187255859375</ele>
				<time>2026-08-09T17:41:52Z</time>
				<extensions>
					<speed>1.149999976158142</speed>
				</extensions>
			</trkpt>
			<trkpt lat="28.53667391" lon="77.26521303">
				<ele>181.8172607421875</ele>
				<time>2026-08-09T17:41:53Z</time>
				<extensions>
					<speed>1.2699999809265137</speed>
				</extensions>
			</trkpt>
			<trkpt lat="28.53666509" lon="77.26522937">
				<ele>181.9678955078125</ele>
				<time>2026-08-09T17:41:54Z</time>
				<extensions>
					<speed>1.6399999856948853</speed>
				</extensions>
			</trkpt>
			<trkpt lat="28.53665981" lon="77.26523734">
				<ele>180.92926025390625</ele>
				<time>2026-08-09T17:41:55Z</time>
				<extensions>
					<speed>0.8100000023841858</speed>
				</extensions>
			</trkpt>
			<trkpt lat="28.53664631" lon="77.26524526">
				<ele>180.27850341796875</ele>
				<time>2026-08-09T17:41:56Z</time>
				<extensions>
					<speed>1.1200000047683716</speed>
				</extensions>
			</trkpt>
			<trkpt lat="28.53663503" lon="77.26524471">
				<ele>181.90692138671875</ele>
				<time>2026-08-09T17:41:57Z</time>
				<extensions>
					<speed>0.9599999785423279</speed>
				</extensions>
			</trkpt>
			<trkpt lat="28.53662014" lon="77.26523673">
				<ele>181.5716552734375</ele>
				<time>2026-08-09T17:41:58Z</time>
				<extensions>
					<speed>0.8500000238418579</speed>
				</extensions>
			</trkpt>
			<trkpt lat="28.53660997" lon="77.26522506">
				<ele>182.00921630859375</ele>
				<time>2026-08-09T17:41:59Z</time>
				<extensions>
					<speed>0.9800000190734863</speed>
				</extensions>
			</trkpt>
			<trkpt lat="28.5366015" lon="77.26521778">
				<ele>180.95947265625</ele>
				<time>2026-08-09T17:42:00Z</time>
				<extensions>
					<speed>0.5600000023841858</speed>
				</extensions>
			</trkpt>
			<trkpt lat="28.53658668" lon="77.26521747">
				<ele>180.10137939453125</ele>
				<time>2026-08-09T17:42:01Z</time>
				<extensions>
					<speed>1.1200000047683716</speed>
				</extensions>
			</trkpt>
			<trkpt lat="28.53657519" lon="77.26521785">
				<ele>180.2314453125</ele>
				<time>2026-08-09T17:42:02Z</time>
				<extensions>
					<speed>0.9200000166893005</speed>
				</extensions>
			</trkpt>
			<trkpt lat="28.53657262" lon="77.26521707">
				<ele>179.63665771484375</ele>
				<time>2026-08-09T17:42:03Z</time>
				<extensions>
					<speed>0.8299999833106995</speed>
				</extensions>
			</trkpt>
			<trkpt lat="28.53657514" lon="77.26522372">
				<ele>179.568115234375</ele>
				<time>2026-08-09T17:42:04Z</time>
				<extensions>
					<speed>0.5799999833106995</speed>
				</extensions>
			</trkpt>
			<trkpt lat="28.53657174" lon="77.26523715">
				<ele>180.12420654296875</ele>
				<time>2026-08-09T17:42:05Z</time>
				<extensions>
					<speed>0.5299999713897705</speed>
				</extensions>
			</trkpt>
			<trkpt lat="28.53657026" lon="77.26525564">
				<ele>179.87078857421875</ele>
				<time>2026-08-09T17:42:06Z</time>
				<extensions>
					<speed>0.7799999713897705</speed>
				</extensions>
			</trkpt>
			<trkpt lat="28.5365746" lon="77.2652722">
				<ele>180.09417724609375</ele>
				<time>2026-08-09T17:42:07Z</time>
				<extensions>
					<speed>0.6100000143051147</speed>
				</extensions>
			</trkpt>
			<trkpt lat="28.53656971" lon="77.26528609">
				<ele>180.162841796875</ele>
				<time>2026-08-09T17:42:08Z</time>
				<extensions>
					<speed>0.9100000262260437</speed>
				</extensions>
			</trkpt>
			<trkpt lat="28.53655882" lon="77.26529408">
				<ele>181.5611572265625</ele>
				<time>2026-08-09T17:42:09Z</time>
				<extensions>
					<speed>0.6200000047683716</speed>
				</extensions>
			</trkpt>
			<trkpt lat="28.53654844" lon="77.26529838">
				<ele>182.53765869140625</ele>
				<time>2026-08-09T17:42:10Z</time>
				<extensions>
					<speed>0.7099999785423279</speed>
				</extensions>
			</trkpt>
			<trkpt lat="28.53654147" lon="77.26530241">
				<ele>182.962158203125</ele>
				<time>2026-08-09T17:42:11Z</time>
				<extensions>
					<speed>0.7799999713897705</speed>
				</extensions>
			</trkpt>
			<trkpt lat="28.53653803" lon="77.26531189">
				<ele>183.51849365234375</ele>
				<time>2026-08-09T17:42:12Z</time>
				<extensions>
					<speed>0.9800000190734863</speed>
				</extensions>
			</trkpt>
			<trkpt lat="28.5365394" lon="77.26532188">
				<ele>183.94140625</ele>
				<time>2026-08-09T17:42:13Z</time>
				<extensions>
					<speed>0.4300000071525574</speed>
				</extensions>
			</trkpt>
			<trkpt lat="28.53653862" lon="77.26533066">
				<ele>184.399169921875</ele>
				<time>2026-08-09T17:42:14Z</time>
				<extensions>
					<speed>0.6000000238418579</speed>
				</extensions>
			</trkpt>
			<trkpt lat="28.53653504" lon="77.26534146">
				<ele>184.2275390625</ele>
				<time>2026-08-09T17:42:15Z</time>
				<extensions>
					<speed>0.9900000095367432</speed>
				</extensions>
			</trkpt>
			<trkpt lat="28.53653339" lon="77.26535429">
				<ele>184.30889892578125</ele>
				<time>2026-08-09T17:42:16Z</time>
				<extensions>
					<speed>0.8399999737739563</speed>
				</extensions>
			</trkpt>
			<trkpt lat="28.5365306" lon="77.26536416">
				<ele>185.4735107421875</ele>
				<time>2026-08-09T17:42:17Z</time>
				<extensions>
					<speed>0.7400000095367432</speed>
				</extensions>
			</trkpt>
			<trkpt lat="28.5365345" lon="77.26537425">
				<ele>185.15802001953125</ele>
				<time>2026-08-09T17:42:18Z</time>
				<extensions>
					<speed>0.46000000834465027</speed>
				</extensions>
			</trkpt>
			<trkpt lat="28.53653789" lon="77.26538833">
				<ele>184.627197265625</ele>
				<time>2026-08-09T17:42:19Z</time>
				<extensions>
					<speed>0.699999988079071</speed>
				</extensions>
			</trkpt>
			<trkpt lat="28.53654838" lon="77.26540915">
				<ele>184.7142333984375</ele>
				<time>2026-08-09T17:42:20Z</time>
				<extensions>
					<speed>0.7799999713897705</speed>
				</extensions>
			</trkpt>
			<trkpt lat="28.53655936" lon="77.26543241">
				<ele>184.021728515625</ele>
				<time>2026-08-09T17:42:21Z</time>
				<extensions>
					<speed>1.1100000143051147</speed>
				</extensions>
			</trkpt>
			<trkpt lat="28.53656653" lon="77.26544912">
				<ele>183.5684814453125</ele>
				<time>2026-08-09T17:42:22Z</time>
				<extensions>
					<speed>0.7300000190734863</speed>
				</extensions>
			</trkpt>
			<trkpt lat="28.53656593" lon="77.26546074">
				<ele>184.928466796875</ele>
				<time>2026-08-09T17:42:23Z</time>
				<extensions>
					<speed>0.8600000143051147</speed>
				</extensions>
			</trkpt>
			<trkpt lat="28.53656446" lon="77.26547253">
				<ele>185.14990234375</ele>
				<time>2026-08-09T17:42:24Z</time>
				<extensions>
					<speed>0.8799999952316284</speed>
				</extensions>
			</trkpt>
			<trkpt lat="28.53656685" lon="77.2654887">
				<ele>185.1522216796875</ele>
				<time>2026-08-09T17:42:25Z</time>
				<extensions>
					<speed>0.8799999952316284</speed>
				</extensions>
			</trkpt>
			<trkpt lat="28.53656559" lon="77.26549905">
				<ele>184.2430419921875</ele>
				<time>2026-08-09T17:42:26Z</time>
				<extensions>
					<speed>0.8700000047683716</speed>
				</extensions>
			</trkpt>
			<trkpt lat="28.53656707" lon="77.26551319">
				<ele>183.7696533203125</ele>
				<time>2026-08-09T17:42:27Z</time>
				<extensions>
					<speed>1.1399999856948853</speed>
				</extensions>
			</trkpt>
			<trkpt lat="28.53657421" lon="77.26552986">
				<ele>183.5963134765625</ele>
				<time>2026-08-09T17:42:28Z</time>
				<extensions>
					<speed>0.8999999761581421</speed>
				</extensions>
			</trkpt>
			<trkpt lat="28.53657385" lon="77.2655444">
				<ele>183.65704345703125</ele>
				<time>2026-08-09T17:42:29Z</time>
				<extensions>
					<speed>1.149999976158142</speed>
				</extensions>
			</trkpt>
			<trkpt lat="28.53656446" lon="77.26555339">
				<ele>182.811279296875</ele>
				<time>2026-08-09T17:42:30Z</time>
				<extensions>
					<speed>0.9900000095367432</speed>
				</extensions>
			</trkpt>
			<trkpt lat="28.53654969" lon="77.26555715">
				<ele>182.422119140625</ele>
				<time>2026-08-09T17:42:31Z</time>
				<extensions>
					<speed>1.100000023841858</speed>
				</extensions>
			</trkpt>
			<trkpt lat="28.53654743" lon="77.26556939">
				<ele>182.9234619140625</ele>
				<time>2026-08-09T17:42:32Z</time>
				<extensions>
					<speed>1.25</speed>
				</extensions>
			</trkpt>
			<trkpt lat="28.53654758" lon="77.26558236">
				<ele>182.638671875</ele>
				<time>2026-08-09T17:42:33Z</time>
				<extensions>
					<speed>0.9300000071525574</speed>
				</extensions>
			</trkpt>
			<trkpt lat="28.53654504" lon="77.26559332">
				<ele>182.4998779296875</ele>
				<time>2026-08-09T17:42:34Z</time>
				<extensions>
					<speed>0.9399999976158142</speed>
				</extensions>
			</trkpt>
			<trkpt lat="28.53654819" lon="77.26560942">
				<ele>182.6021728515625</ele>
				<time>2026-08-09T17:42:35Z</time>
				<extensions>
					<speed>1.1399999856948853</speed>
				</extensions>
			</trkpt>
			<trkpt lat="28.53655042" lon="77.26562171">
				<ele>182.0086669921875</ele>
				<time>2026-08-09T17:42:36Z</time>
				<extensions>
					<speed>0.9399999976158142</speed>
				</extensions>
			</trkpt>
			<trkpt lat="28.53654713" lon="77.26563363">
				<ele>181.579833984375</ele>
				<time>2026-08-09T17:42:37Z</time>
				<extensions>
					<speed>0.9700000286102295</speed>
				</extensions>
			</trkpt>
			<trkpt lat="28.53654588" lon="77.26564371">
				<ele>182.0433349609375</ele>
				<time>2026-08-09T17:42:38Z</time>
				<extensions>
					<speed>0.8500000238418579</speed>
				</extensions>
			</trkpt>
			<trkpt lat="28.53653451" lon="77.26565193">
				<ele>180.7001953125</ele>
				<time>2026-08-09T17:42:39Z</time>
				<extensions>
					<speed>1.0299999713897705</speed>
				</extensions>
			</trkpt>
			<trkpt lat="28.53653116" lon="77.26566663">
				<ele>181.0908203125</ele>
				<time>2026-08-09T17:42:40Z</time>
				<extensions>
					<speed>1.4299999475479126</speed>
				</extensions>
			</trkpt>
			<trkpt lat="28.5365331" lon="77.26567668">
				<ele>180.73699951171875</ele>
				<time>2026-08-09T17:42:41Z</time>
				<extensions>
					<speed>1.0499999523162842</speed>
				</extensions>
			</trkpt>
			<trkpt lat="28.53654139" lon="77.26568359">
				<ele>180.81549072265625</ele>
				<time>2026-08-09T17:42:42Z</time>
				<extensions>
					<speed>0.8899999856948853</speed>
				</extensions>
			</trkpt>
			<trkpt lat="28.5365503" lon="77.26568866">
				<ele>181.47698974609375</ele>
				<time>2026-08-09T17:42:43Z</time>
				<extensions>
					<speed>0.8999999761581421</speed>
				</extensions>
			</trkpt>
			<trkpt lat="28.53655918" lon="77.26569466">
				<ele>180.88525390625</ele>
				<time>2026-08-09T17:42:44Z</time>
				<extensions>
					<speed>0.8999999761581421</speed>
				</extensions>
			</trkpt>
			<trkpt lat="28.5365674" lon="77.26570294">
				<ele>180.31292724609375</ele>
				<time>2026-08-09T17:42:45Z</time>
				<extensions>
					<speed>1.1200000047683716</speed>
				</extensions>
			</trkpt>
			<trkpt lat="28.53658074" lon="77.26571496">
				<ele>179.36639404296875</ele>
				<time>2026-08-09T17:42:46Z</time>
				<extensions>
					<speed>1.3700000047683716</speed>
				</extensions>
			</trkpt>
			<trkpt lat="28.53658812" lon="77.2657248">
				<ele>180.7137451171875</ele>
				<time>2026-08-09T17:42:47Z</time>
				<extensions>
					<speed>0.8500000238418579</speed>
				</extensions>
			</trkpt>
			<trkpt lat="28.53659276" lon="77.26573371">
				<ele>181.37994384765625</ele>
				<time>2026-08-09T17:42:48Z</time>
				<extensions>
					<speed>0.6899999976158142</speed>
				</extensions>
			</trkpt>
			<trkpt lat="28.53659601" lon="77.26574073">
				<ele>181.2091064453125</ele>
				<time>2026-08-09T17:42:49Z</time>
				<extensions>
					<speed>0.7200000286102295</speed>
				</extensions>
			</trkpt>
			<trkpt lat="28.53659751" lon="77.26574854">
				<ele>181.16229248046875</ele>
				<time>2026-08-09T17:42:50Z</time>
				<extensions>
					<speed>0.9800000190734863</speed>
				</extensions>
			</trkpt>
			<trkpt lat="28.53659748" lon="77.2657624">
				<ele>180.93853759765625</ele>
				<time>2026-08-09T17:42:51Z</time>
				<extensions>
					<speed>1.0399999618530273</speed>
				</extensions>
			</trkpt>
			<trkpt lat="28.53659032" lon="77.26577585">
				<ele>181.20556640625</ele>
				<time>2026-08-09T17:42:52Z</time>
				<extensions>
					<speed>0.8999999761581421</speed>
				</extensions>
			</trkpt>
			<trkpt lat="28.53658529" lon="77.26578899">
				<ele>181.4932861328125</ele>
				<time>2026-08-09T17:42:53Z</time>
				<extensions>
					<speed>0.9200000166893005</speed>
				</extensions>
			</trkpt>
			<trkpt lat="28.53657897" lon="77.26580142">
				<ele>180.598876953125</ele>
				<time>2026-08-09T17:42:54Z</time>
				<extensions>
					<speed>0.9200000166893005</speed>
				</extensions>
			</trkpt>
			<trkpt lat="28.53657376" lon="77.2658124">
				<ele>180.7969970703125</ele>
				<time>2026-08-09T17:42:55Z</time>
				<extensions>
					<speed>0.8399999737739563</speed>
				</extensions>
			</trkpt>
			<trkpt lat="28.53656584" lon="77.26582336">
				<ele>181.03778076171875</ele>
				<time>2026-08-09T17:42:56Z</time>
				<extensions>
					<speed>0.8700000047683716</speed>
				</extensions>
			</trkpt>
			<trkpt lat="28.53655755" lon="77.26583873">
				<ele>181.30133056640625</ele>
				<time>2026-08-09T17:42:57Z</time>
				<extensions>
					<speed>1.2599999904632568</speed>
				</extensions>
			</trkpt>
			<trkpt lat="28.53655097" lon="77.26584984">
				<ele>180.34503173828125</ele>
				<time>2026-08-09T17:42:58Z</time>
				<extensions>
					<speed>0.8700000047683716</speed>
				</extensions>
			</trkpt>
			<trkpt lat="28.53653439" lon="77.26585869">
				<ele>180.358154296875</ele>
				<time>2026-08-09T17:42:59Z</time>
				<extensions>
					<speed>0.9800000190734863</speed>
				</extensions>
			</trkpt>
			<trkpt lat="28.53651823" lon="77.26586491">
				<ele>179.6353759765625</ele>
				<time>2026-08-09T17:43:00Z</time>
				<extensions>
					<speed>0.8399999737739563</speed>
				</extensions>
			</trkpt>
			<trkpt lat="28.53650667" lon="77.26587435">
				<ele>179.66766357421875</ele>
				<time>2026-08-09T17:43:01Z</time>
				<extensions>
					<speed>0.8899999856948853</speed>
				</extensions>
			</trkpt>
			<trkpt lat="28.53649716" lon="77.26588502">
				<ele>179.95306396484375</ele>
				<time>2026-08-09T17:43:02Z</time>
				<extensions>
					<speed>0.8700000047683716</speed>
				</extensions>
			</trkpt>
			<trkpt lat="28.53647959" lon="77.26589172">
				<ele>181.99298095703125</ele>
				<time>2026-08-09T17:43:03Z</time>
				<extensions>
					<speed>1.0700000524520874</speed>
				</extensions>
			</trkpt>
			<trkpt lat="28.53646651" lon="77.26589754">
				<ele>182.36712646484375</ele>
				<time>2026-08-09T17:43:04Z</time>
				<extensions>
					<speed>1.0199999809265137</speed>
				</extensions>
			</trkpt>
			<trkpt lat="28.53644447" lon="77.26589517">
				<ele>182.4288330078125</ele>
				<time>2026-08-09T17:43:05Z</time>
				<extensions>
					<speed>1.2000000476837158</speed>
				</extensions>
			</trkpt>
			<trkpt lat="28.53642737" lon="77.26589508">
				<ele>181.946044921875</ele>
				<time>2026-08-09T17:43:06Z</time>
				<extensions>
					<speed>1.1699999570846558</speed>
				</extensions>
			</trkpt>
			<trkpt lat="28.53641512" lon="77.26590366">
				<ele>181.3896484375</ele>
				<time>2026-08-09T17:43:07Z</time>
				<extensions>
					<speed>1.2999999523162842</speed>
				</extensions>
			</trkpt>
			<trkpt lat="28.53640203" lon="77.26591254">
				<ele>181.88299560546875</ele>
				<time>2026-08-09T17:43:08Z</time>
				<extensions>
					<speed>1.2799999713897705</speed>
				</extensions>
			</trkpt>
			<trkpt lat="28.53638094" lon="77.26591524">
				<ele>181.89337158203125</ele>
				<time>2026-08-09T17:43:09Z</time>
				<extensions>
					<speed>1.2799999713897705</speed>
				</extensions>
			</trkpt>
			<trkpt lat="28.53636397" lon="77.26592335">
				<ele>182.140625</ele>
				<time>2026-08-09T17:43:10Z</time>
				<extensions>
					<speed>1.3200000524520874</speed>
				</extensions>
			</trkpt>
			<trkpt lat="28.53635345" lon="77.26593136">
				<ele>181.43255615234375</ele>
				<time>2026-08-09T17:43:11Z</time>
				<extensions>
					<speed>1.2799999713897705</speed>
				</extensions>
			</trkpt>
			<trkpt lat="28.53634896" lon="77.26594055">
				<ele>181.1195068359375</ele>
				<time>2026-08-09T17:43:12Z</time>
				<extensions>
					<speed>1.1799999475479126</speed>
				</extensions>
			</trkpt>
			<trkpt lat="28.5363482" lon="77.26595074">
				<ele>181.59442138671875</ele>
				<time>2026-08-09T17:43:13Z</time>
				<extensions>
					<speed>1.1399999856948853</speed>
				</extensions>
			</trkpt>
			<trkpt lat="28.53635012" lon="77.26596109">
				<ele>181.5291748046875</ele>
				<time>2026-08-09T17:43:14Z</time>
				<extensions>
					<speed>1.0800000429153442</speed>
				</extensions>
			</trkpt>
			<trkpt lat="28.53635111" lon="77.26596547">
				<ele>180.7203369140625</ele>
				<time>2026-08-09T17:43:15Z</time>
				<extensions>
					<speed>0.9900000095367432</speed>
				</extensions>
			</trkpt>
			<trkpt lat="28.53634733" lon="77.26597393">
				<ele>180.5838623046875</ele>
				<time>2026-08-09T17:43:16Z</time>
				<extensions>
					<speed>1.0399999618530273</speed>
				</extensions>
			</trkpt>
			<trkpt lat="28.53635529" lon="77.26598739">
				<ele>181.1341552734375</ele>
				<time>2026-08-09T17:43:17Z</time>
				<extensions>
					<speed>0.9700000286102295</speed>
				</extensions>
			</trkpt>
			<trkpt lat="28.53635332" lon="77.2659975">
				<ele>180.8275146484375</ele>
				<time>2026-08-09T17:43:18Z</time>
				<extensions>
					<speed>0.9900000095367432</speed>
				</extensions>
			</trkpt>
			<trkpt lat="28.53636356" lon="77.26601277">
				<ele>180.677734375</ele>
				<time>2026-08-09T17:43:19Z</time>
				<extensions>
					<speed>0.9599999785423279</speed>
				</extensions>
			</trkpt>
			<trkpt lat="28.53637231" lon="77.26602501">
				<ele>180.34051513671875</ele>
				<time>2026-08-09T17:43:20Z</time>
				<extensions>
					<speed>0.9200000166893005</speed>
				</extensions>
			</trkpt>
			<trkpt lat="28.53637893" lon="77.26603963">
				<ele>180.1944580078125</ele>
				<time>2026-08-09T17:43:21Z</time>
				<extensions>
					<speed>1.1399999856948853</speed>
				</extensions>
			</trkpt>
			<trkpt lat="28.53638009" lon="77.26605057">
				<ele>180.2454833984375</ele>
				<time>2026-08-09T17:43:22Z</time>
				<extensions>
					<speed>1.0499999523162842</speed>
				</extensions>
			</trkpt>
			<trkpt lat="28.53637621" lon="77.26606068">
				<ele>180.17437744140625</ele>
				<time>2026-08-09T17:43:23Z</time>
				<extensions>
					<speed>0.9599999785423279</speed>
				</extensions>
			</trkpt>
			<trkpt lat="28.53637764" lon="77.26607331">
				<ele>180.3719482421875</ele>
				<time>2026-08-09T17:43:24Z</time>
				<extensions>
					<speed>1.1399999856948853</speed>
				</extensions>
			</trkpt>
			<trkpt lat="28.53637886" lon="77.266083">
				<ele>180.5250244140625</ele>
				<time>2026-08-09T17:43:25Z</time>
				<extensions>
					<speed>0.9800000190734863</speed>
				</extensions>
			</trkpt>
			<trkpt lat="28.53638275" lon="77.26609033">
				<ele>181.1444091796875</ele>
				<time>2026-08-09T17:43:26Z</time>
				<extensions>
					<speed>0.949999988079071</speed>
				</extensions>
			</trkpt>
			<trkpt lat="28.53638643" lon="77.26610164">
				<ele>181.4189453125</ele>
				<time>2026-08-09T17:43:27Z</time>
				<extensions>
					<speed>1.149999976158142</speed>
				</extensions>
			</trkpt>
			<trkpt lat="28.53637917" lon="77.26610969">
				<ele>182.0074462890625</ele>
				<time>2026-08-09T17:43:28Z</time>
				<extensions>
					<speed>1.0700000524520874</speed>
				</extensions>
			</trkpt>
			<trkpt lat="28.53637474" lon="77.26611797">
				<ele>181.27593994140625</ele>
				<time>2026-08-09T17:43:29Z</time>
				<extensions>
					<speed>1.0099999904632568</speed>
				</extensions>
			</trkpt>
			<trkpt lat="28.53635666" lon="77.26610051">
				<ele>181.05511474609375</ele>
				<time>2026-08-09T17:43:30Z</time>
				<extensions>
					<speed>0.0</speed>
				</extensions>
			</trkpt>
			<trkpt lat="28.53634872" lon="77.26609196">
				<ele>181.038818359375</ele>
				<time>2026-08-09T17:43:31Z</time>
				<extensions>
					<speed>0.0</speed>
				</extensions>
			</trkpt>
			<trkpt lat="28.53634696" lon="77.26609009">
				<ele>181.0450439453125</ele>
				<time>2026-08-09T17:43:32Z</time>
				<extensions>
					<speed>0.0</speed>
				</extensions>
			</trkpt>
			<trkpt lat="28.53634231" lon="77.26610082">
				<ele>181.4022216796875</ele>
				<time>2026-08-09T17:43:33Z</time>
				<extensions>
					<speed>1.2599999904632568</speed>
				</extensions>
			</trkpt>
			<trkpt lat="28.53633971" lon="77.26610883">
				<ele>181.83489990234375</ele>
				<time>2026-08-09T17:43:34Z</time>
				<extensions>
					<speed>0.8100000023841858</speed>
				</extensions>
			</trkpt>
			<trkpt lat="28.53633499" lon="77.26611516">
				<ele>180.811767578125</ele>
				<time>2026-08-09T17:43:35Z</time>
				<extensions>
					<speed>0.8999999761581421</speed>
				</extensions>
			</trkpt>
			<trkpt lat="28.53632958" lon="77.26612109">
				<ele>181.12548828125</ele>
				<time>2026-08-09T17:43:36Z</time>
				<extensions>
					<speed>0.8199999928474426</speed>
				</extensions>
			</trkpt>
			<trkpt lat="28.53632208" lon="77.26612636">
				<ele>180.97100830078125</ele>
				<time>2026-08-09T17:43:37Z</time>
				<extensions>
					<speed>0.6899999976158142</speed>
				</extensions>
			</trkpt>
			<trkpt lat="28.53631421" lon="77.26612396">
				<ele>180.796875</ele>
				<time>2026-08-09T17:43:38Z</time>
				<extensions>
					<speed>0.0</speed>
				</extensions>
			</trkpt>
			<trkpt lat="28.53631244" lon="77.26612306">
				<ele>180.80865478515625</ele>
				<time>2026-08-09T17:43:39Z</time>
				<extensions>
					<speed>0.0</speed>
				</extensions>
			</trkpt>
			<trkpt lat="28.53631179" lon="77.26612476">
				<ele>181.0560302734375</ele>
				<time>2026-08-09T17:43:40Z</time>
				<extensions>
					<speed>0.20999999344348907</speed>
				</extensions>
			</trkpt>
			<trkpt lat="28.53631789" lon="77.26613337">
				<ele>181.1776123046875</ele>
				<time>2026-08-09T17:43:41Z</time>
				<extensions>
					<speed>0.7099999785423279</speed>
				</extensions>
			</trkpt>
			<trkpt lat="28.5363232" lon="77.26614226">
				<ele>181.4561767578125</ele>
				<time>2026-08-09T17:43:42Z</time>
				<extensions>
					<speed>0.47999998927116394</speed>
				</extensions>
			</trkpt>
			<trkpt lat="28.53634261" lon="77.26615994">
				<ele>181.14453125</ele>
				<time>2026-08-09T17:43:43Z</time>
				<extensions>
					<speed>1.1200000047683716</speed>
				</extensions>
			</trkpt>
			<trkpt lat="28.53635384" lon="77.2661746">
				<ele>180.97137451171875</ele>
				<time>2026-08-09T17:43:44Z</time>
				<extensions>
					<speed>0.9399999976158142</speed>
				</extensions>
			</trkpt>
			<trkpt lat="28.53636598" lon="77.26619011">
				<ele>180.01092529296875</ele>
				<time>2026-08-09T17:43:45Z</time>
				<extensions>
					<speed>1.2999999523162842</speed>
				</extensions>
			</trkpt>
			<trkpt lat="28.53637685" lon="77.26620447">
				<ele>180.5592041015625</ele>
				<time>2026-08-09T17:43:46Z</time>
				<extensions>
					<speed>1.149999976158142</speed>
				</extensions>
			</trkpt>
			<trkpt lat="28.5363786" lon="77.26621438">
				<ele>180.57647705078125</ele>
				<time>2026-08-09T17:43:47Z</time>
				<extensions>
					<speed>0.6899999976158142</speed>
				</extensions>
			</trkpt>
			<trkpt lat="28.53637593" lon="77.26622781">
				<ele>181.2120361328125</ele>
				<time>2026-08-09T17:43:48Z</time>
				<extensions>
					<speed>0.9200000166893005</speed>
				</extensions>
			</trkpt>
			<trkpt lat="28.53637372" lon="77.26623781">
				<ele>180.3843994140625</ele>
				<time>2026-08-09T17:43:49Z</time>
				<extensions>
					<speed>1.0</speed>
				</extensions>
			</trkpt>
			<trkpt lat="28.53637517" lon="77.26624617">
				<ele>180.0157470703125</ele>
				<time>2026-08-09T17:43:50Z</time>
				<extensions>
					<speed>0.8999999761581421</speed>
				</extensions>
			</trkpt>
			<trkpt lat="28.53637446" lon="77.2662553">
				<ele>180.1474609375</ele>
				<time>2026-08-09T17:43:51Z</time>
				<extensions>
					<speed>0.9100000262260437</speed>
				</extensions>
			</trkpt>
			<trkpt lat="28.53637464" lon="77.26626415">
				<ele>180.76318359375</ele>
				<time>2026-08-09T17:43:52Z</time>
				<extensions>
					<speed>0.9100000262260437</speed>
				</extensions>
			</trkpt>
			<trkpt lat="28.53637291" lon="77.26627173">
				<ele>180.4691162109375</ele>
				<time>2026-08-09T17:43:53Z</time>
				<extensions>
					<speed>0.8899999856948853</speed>
				</extensions>
			</trkpt>
			<trkpt lat="28.53637066" lon="77.26628201">
				<ele>180.13531494140625</ele>
				<time>2026-08-09T17:43:54Z</time>
				<extensions>
					<speed>0.8999999761581421</speed>
				</extensions>
			</trkpt>
			<trkpt lat="28.53636535" lon="77.26629249">
				<ele>180.251220703125</ele>
				<time>2026-08-09T17:43:55Z</time>
				<extensions>
					<speed>0.8799999952316284</speed>
				</extensions>
			</trkpt>
			<trkpt lat="28.53635998" lon="77.26630276">
				<ele>180.365478515625</ele>
				<time>2026-08-09T17:43:56Z</time>
				<extensions>
					<speed>0.9200000166893005</speed>
				</extensions>
			</trkpt>
			<trkpt lat="28.53635349" lon="77.26631019">
				<ele>179.63787841796875</ele>
				<time>2026-08-09T17:43:57Z</time>
				<extensions>
					<speed>1.0299999713897705</speed>
				</extensions>
			</trkpt>
			<trkpt lat="28.53635007" lon="77.26631703">
				<ele>178.972900390625</ele>
				<time>2026-08-09T17:43:58Z</time>
				<extensions>
					<speed>0.8799999952316284</speed>
				</extensions>
			</trkpt>
			<trkpt lat="28.53634305" lon="77.26632466">
				<ele>179.44708251953125</ele>
				<time>2026-08-09T17:43:59Z</time>
				<extensions>
					<speed>1.0199999809265137</speed>
				</extensions>
			</trkpt>
			<trkpt lat="28.53634239" lon="77.26633513">
				<ele>179.3345947265625</ele>
				<time>2026-08-09T17:44:00Z</time>
				<extensions>
					<speed>0.8799999952316284</speed>
				</extensions>
			</trkpt>
			<trkpt lat="28.53634261" lon="77.2663475">
				<ele>179.55853271484375</ele>
				<time>2026-08-09T17:44:01Z</time>
				<extensions>
					<speed>0.9700000286102295</speed>
				</extensions>
			</trkpt>
			<trkpt lat="28.53633912" lon="77.2663589">
				<ele>179.0604248046875</ele>
				<time>2026-08-09T17:44:02Z</time>
				<extensions>
					<speed>1.0199999809265137</speed>
				</extensions>
			</trkpt>
			<trkpt lat="28.53633318" lon="77.26636783">
				<ele>178.87591552734375</ele>
				<time>2026-08-09T17:44:03Z</time>
				<extensions>
					<speed>0.949999988079071</speed>
				</extensions>
			</trkpt>
			<trkpt lat="28.53632727" lon="77.26637601">
				<ele>178.51104736328125</ele>
				<time>2026-08-09T17:44:04Z</time>
				<extensions>
					<speed>0.949999988079071</speed>
				</extensions>
			</trkpt>
			<trkpt lat="28.5363199" lon="77.26638403">
				<ele>178.920654296875</ele>
				<time>2026-08-09T17:44:05Z</time>
				<extensions>
					<speed>0.9800000190734863</speed>
				</extensions>
			</trkpt>
			<trkpt lat="28.53631199" lon="77.2663884">
				<ele>178.82012939453125</ele>
				<time>2026-08-09T17:44:06Z</time>
				<extensions>
					<speed>0.9100000262260437</speed>
				</extensions>
			</trkpt>
			<trkpt lat="28.5363062" lon="77.2663926">
				<ele>178.90643310546875</ele>
				<time>2026-08-09T17:44:07Z</time>
				<extensions>
					<speed>0.8999999761581421</speed>
				</extensions>
			</trkpt>
			<trkpt lat="28.53630111" lon="77.26639751">
				<ele>178.8428955078125</ele>
				<time>2026-08-09T17:44:08Z</time>
				<extensions>
					<speed>0.9100000262260437</speed>
				</extensions>
			</trkpt>
			<trkpt lat="28.53630012" lon="77.26640758">
				<ele>179.044189453125</ele>
				<time>2026-08-09T17:44:09Z</time>
				<extensions>
					<speed>0.8899999856948853</speed>
				</extensions>
			</trkpt>
			<trkpt lat="28.53629551" lon="77.26641562">
				<ele>179.4759521484375</ele>
				<time>2026-08-09T17:44:10Z</time>
				<extensions>
					<speed>0.9100000262260437</speed>
				</extensions>
			</trkpt>
			<trkpt lat="28.53629053" lon="77.26642343">
				<ele>179.4500732421875</ele>
				<time>2026-08-09T17:44:11Z</time>
				<extensions>
					<speed>0.9200000166893005</speed>
				</extensions>
			</trkpt>
			<trkpt lat="28.53629363" lon="77.26643946">
				<ele>179.8521728515625</ele>
				<time>2026-08-09T17:44:12Z</time>
				<extensions>
					<speed>1.25</speed>
				</extensions>
			</trkpt>
			<trkpt lat="28.53629448" lon="77.26645235">
				<ele>180.5521240234375</ele>
				<time>2026-08-09T17:44:13Z</time>
				<extensions>
					<speed>0.9800000190734863</speed>
				</extensions>
			</trkpt>
			<trkpt lat="28.5362959" lon="77.26646298">
				<ele>181.42333984375</ele>
				<time>2026-08-09T17:44:14Z</time>
				<extensions>
					<speed>0.8999999761581421</speed>
				</extensions>
			</trkpt>
			<trkpt lat="28.53629582" lon="77.26647166">
				<ele>181.81292724609375</ele>
				<time>2026-08-09T17:44:15Z</time>
				<extensions>
					<speed>0.949999988079071</speed>
				</extensions>
			</trkpt>
			<trkpt lat="28.53629928" lon="77.26648272">
				<ele>182.1485595703125</ele>
				<time>2026-08-09T17:44:16Z</time>
				<extensions>
					<speed>1.0</speed>
				</extensions>
			</trkpt>
			<trkpt lat="28.53630207" lon="77.2664944">
				<ele>182.32464599609375</ele>
				<time>2026-08-09T17:44:17Z</time>
				<extensions>
					<speed>0.9300000071525574</speed>
				</extensions>
			</trkpt>
			<trkpt lat="28.53629698" lon="77.26650104">
				<ele>181.60174560546875</ele>
				<time>2026-08-09T17:44:18Z</time>
				<extensions>
					<speed>0.9200000166893005</speed>
				</extensions>
			</trkpt>
			<trkpt lat="28.53629371" lon="77.26650952">
				<ele>181.5487060546875</ele>
				<time>2026-08-09T17:44:19Z</time>
				<extensions>
					<speed>0.9300000071525574</speed>
				</extensions>
			</trkpt>
			<trkpt lat="28.53629119" lon="77.266519">
				<ele>181.4188232421875</ele>
				<time>2026-08-09T17:44:20Z</time>
				<extensions>
					<speed>0.9300000071525574</speed>
				</extensions>
			</trkpt>
			<trkpt lat="28.5362907" lon="77.26652962">
				<ele>182.15911865234375</ele>
				<time>2026-08-09T17:44:21Z</time>
				<extensions>
					<speed>0.9399999976158142</speed>
				</extensions>
			</trkpt>
			<trkpt lat="28.53629217" lon="77.26653953">
				<ele>182.02435302734375</ele>
				<time>2026-08-09T17:44:22Z</time>
				<extensions>
					<speed>0.9300000071525574</speed>
				</extensions>
			</trkpt>
			<trkpt lat="28.53628873" lon="77.26655199">
				<ele>182.2080078125</ele>
				<time>2026-08-09T17:44:23Z</time>
				<extensions>
					<speed>0.949999988079071</speed>
				</extensions>
			</trkpt>
			<trkpt lat="28.53628895" lon="77.26656387">
				<ele>181.913818359375</ele>
				<time>2026-08-09T17:44:24Z</time>
				<extensions>
					<speed>0.9300000071525574</speed>
				</extensions>
			</trkpt>
			<trkpt lat="28.53628702" lon="77.26657474">
				<ele>181.5126953125</ele>
				<time>2026-08-09T17:44:25Z</time>
				<extensions>
					<speed>0.9300000071525574</speed>
				</extensions>
			</trkpt>
			<trkpt lat="28.53628769" lon="77.26659028">
				<ele>181.527587890625</ele>
				<time>2026-08-09T17:44:26Z</time>
				<extensions>
					<speed>1.0399999618530273</speed>
				</extensions>
			</trkpt>
			<trkpt lat="28.5362912" lon="77.26660594">
				<ele>181.8011474609375</ele>
				<time>2026-08-09T17:44:27Z</time>
				<extensions>
					<speed>0.949999988079071</speed>
				</extensions>
			</trkpt>
			<trkpt lat="28.53628995" lon="77.26662189">
				<ele>182.0692138671875</ele>
				<time>2026-08-09T17:44:28Z</time>
				<extensions>
					<speed>0.9599999785423279</speed>
				</extensions>
			</trkpt>
			<trkpt lat="28.5362814" lon="77.26663505">
				<ele>182.00592041015625</ele>
				<time>2026-08-09T17:44:29Z</time>
				<extensions>
					<speed>0.949999988079071</speed>
				</extensions>
			</trkpt>
			<trkpt lat="28.5362706" lon="77.26664693">
				<ele>182.062255859375</ele>
				<time>2026-08-09T17:44:30Z</time>
				<extensions>
					<speed>0.9900000095367432</speed>
				</extensions>
			</trkpt>
			<trkpt lat="28.53626198" lon="77.26665736">
				<ele>181.47076416015625</ele>
				<time>2026-08-09T17:44:31Z</time>
				<extensions>
					<speed>0.9700000286102295</speed>
				</extensions>
			</trkpt>
			<trkpt lat="28.53625511" lon="77.26666894">
				<ele>181.23236083984375</ele>
				<time>2026-08-09T17:44:32Z</time>
				<extensions>
					<speed>1.0</speed>
				</extensions>
			</trkpt>
			<trkpt lat="28.53625081" lon="77.26667854">
				<ele>180.69097900390625</ele>
				<time>2026-08-09T17:44:33Z</time>
				<extensions>
					<speed>1.0199999809265137</speed>
				</extensions>
			</trkpt>
			<trkpt lat="28.53624626" lon="77.26668882">
				<ele>181.14434814453125</ele>
				<time>2026-08-09T17:44:34Z</time>
				<extensions>
					<speed>0.9700000286102295</speed>
				</extensions>
			</trkpt>
			<trkpt lat="28.53624415" lon="77.26670096">
				<ele>181.72955322265625</ele>
				<time>2026-08-09T17:44:35Z</time>
				<extensions>
					<speed>0.9800000190734863</speed>
				</extensions>
			</trkpt>
			<trkpt lat="28.53624681" lon="77.26671405">
				<ele>181.950439453125</ele>
				<time>2026-08-09T17:44:36Z</time>
				<extensions>
					<speed>1.0199999809265137</speed>
				</extensions>
			</trkpt>
			<trkpt lat="28.53625217" lon="77.26672574">
				<ele>182.0433349609375</ele>
				<time>2026-08-09T17:44:37Z</time>
				<extensions>
					<speed>0.949999988079071</speed>
				</extensions>
			</trkpt>
			<trkpt lat="28.53625355" lon="77.26673675">
				<ele>181.73486328125</ele>
				<time>2026-08-09T17:44:38Z</time>
				<extensions>
					<speed>0.9700000286102295</speed>
				</extensions>
			</trkpt>
			<trkpt lat="28.536249" lon="77.26674705">
				<ele>182.2772216796875</ele>
				<time>2026-08-09T17:44:39Z</time>
				<extensions>
					<speed>0.9900000095367432</speed>
				</extensions>
			</trkpt>
			<trkpt lat="28.5362437" lon="77.26675798">
				<ele>182.6707763671875</ele>
				<time>2026-08-09T17:44:40Z</time>
				<extensions>
					<speed>0.9599999785423279</speed>
				</extensions>
			</trkpt>
			<trkpt lat="28.53623845" lon="77.26676865">
				<ele>182.65814208984375</ele>
				<time>2026-08-09T17:44:41Z</time>
				<extensions>
					<speed>0.9200000166893005</speed>
				</extensions>
			</trkpt>
			<trkpt lat="28.53623309" lon="77.26677828">
				<ele>182.39923095703125</ele>
				<time>2026-08-09T17:44:42Z</time>
				<extensions>
					<speed>0.9399999976158142</speed>
				</extensions>
			</trkpt>
			<trkpt lat="28.53623057" lon="77.26678611">
				<ele>182.42877197265625</ele>
				<time>2026-08-09T17:44:43Z</time>
				<extensions>
					<speed>0.9300000071525574</speed>
				</extensions>
			</trkpt>
			<trkpt lat="28.53622905" lon="77.26679688">
				<ele>182.222412109375</ele>
				<time>2026-08-09T17:44:44Z</time>
				<extensions>
					<speed>0.949999988079071</speed>
				</extensions>
			</trkpt>
			<trkpt lat="28.53622629" lon="77.26680711">
				<ele>181.94891357421875</ele>
				<time>2026-08-09T17:44:45Z</time>
				<extensions>
					<speed>0.9200000166893005</speed>
				</extensions>
			</trkpt>
			<trkpt lat="28.53622355" lon="77.26681811">
				<ele>181.04461669921875</ele>
				<time>2026-08-09T17:44:46Z</time>
				<extensions>
					<speed>0.9200000166893005</speed>
				</extensions>
			</trkpt>
			<trkpt lat="28.53621805" lon="77.26682774">
				<ele>180.34722900390625</ele>
				<time>2026-08-09T17:44:47Z</time>
				<extensions>
					<speed>0.949999988079071</speed>
				</extensions>
			</trkpt>
			<trkpt lat="28.53621243" lon="77.2668383">
				<ele>180.37481689453125</ele>
				<time>2026-08-09T17:44:48Z</time>
				<extensions>
					<speed>0.9399999976158142</speed>
				</extensions>
			</trkpt>
			<trkpt lat="28.5362086" lon="77.26684709">
				<ele>180.22467041015625</ele>
				<time>2026-08-09T17:44:49Z</time>
				<extensions>
					<speed>1.0099999904632568</speed>
				</extensions>
			</trkpt>
			<trkpt lat="28.53620294" lon="77.26685586">
				<ele>179.746337890625</ele>
				<time>2026-08-09T17:44:50Z</time>
				<extensions>
					<speed>0.9700000286102295</speed>
				</extensions>
			</trkpt>
			<trkpt lat="28.53619716" lon="77.26686415">
				<ele>178.83929443359375</ele>
				<time>2026-08-09T17:44:51Z</time>
				<extensions>
					<speed>0.9300000071525574</speed>
				</extensions>
			</trkpt>
			<trkpt lat="28.53618948" lon="77.26687362">
				<ele>178.6724853515625</ele>
				<time>2026-08-09T17:44:52Z</time>
				<extensions>
					<speed>0.9800000190734863</speed>
				</extensions>
			</trkpt>
			<trkpt lat="28.53618258" lon="77.26688091">
				<ele>179.84112548828125</ele>
				<time>2026-08-09T17:44:53Z</time>
				<extensions>
					<speed>0.9800000190734863</speed>
				</extensions>
			</trkpt>
			<trkpt lat="28.53617722" lon="77.26688772">
				<ele>180.29150390625</ele>
				<time>2026-08-09T17:44:54Z</time>
				<extensions>
					<speed>0.9700000286102295</speed>
				</extensions>
			</trkpt>
			<trkpt lat="28.5361718" lon="77.26689403">
				<ele>179.693603515625</ele>
				<time>2026-08-09T17:44:55Z</time>
				<extensions>
					<speed>0.949999988079071</speed>
				</extensions>
			</trkpt>
			<trkpt lat="28.53616535" lon="77.26689903">
				<ele>179.80889892578125</ele>
				<time>2026-08-09T17:44:56Z</time>
				<extensions>
					<speed>1.0099999904632568</speed>
				</extensions>
			</trkpt>
			<trkpt lat="28.53616044" lon="77.2669109">
				<ele>179.423583984375</ele>
				<time>2026-08-09T17:44:57Z</time>
				<extensions>
					<speed>1.0</speed>
				</extensions>
			</trkpt>
			<trkpt lat="28.53615776" lon="77.26692537">
				<ele>178.73583984375</ele>
				<time>2026-08-09T17:44:58Z</time>
				<extensions>
					<speed>1.059999942779541</speed>
				</extensions>
			</trkpt>
			<trkpt lat="28.53615302" lon="77.26693569">
				<ele>179.05242919921875</ele>
				<time>2026-08-09T17:44:59Z</time>
				<extensions>
					<speed>0.9700000286102295</speed>
				</extensions>
			</trkpt>
			<trkpt lat="28.53614876" lon="77.26694658">
				<ele>178.6201171875</ele>
				<time>2026-08-09T17:45:00Z</time>
				<extensions>
					<speed>0.9800000190734863</speed>
				</extensions>
			</trkpt>
			<trkpt lat="28.53614451" lon="77.26695639">
				<ele>178.4852294921875</ele>
				<time>2026-08-09T17:45:01Z</time>
				<extensions>
					<speed>0.9900000095367432</speed>
				</extensions>
			</trkpt>
			<trkpt lat="28.53614053" lon="77.26696621">
				<ele>178.2474365234375</ele>
				<time>2026-08-09T17:45:02Z</time>
				<extensions>
					<speed>0.9800000190734863</speed>
				</extensions>
			</trkpt>
			<trkpt lat="28.53613688" lon="77.26697662">
				<ele>177.75140380859375</ele>
				<time>2026-08-09T17:45:03Z</time>
				<extensions>
					<speed>0.9700000286102295</speed>
				</extensions>
			</trkpt>
			<trkpt lat="28.53613321" lon="77.26698662">
				<ele>177.64947509765625</ele>
				<time>2026-08-09T17:45:04Z</time>
				<extensions>
					<speed>0.9700000286102295</speed>
				</extensions>
			</trkpt>
			<trkpt lat="28.5361315" lon="77.26699999">
				<ele>178.06109619140625</ele>
				<time>2026-08-09T17:45:05Z</time>
				<extensions>
					<speed>1.090000033378601</speed>
				</extensions>
			</trkpt>
			<trkpt lat="28.53612364" lon="77.26701199">
				<ele>178.189453125</ele>
				<time>2026-08-09T17:45:06Z</time>
				<extensions>
					<speed>1.0800000429153442</speed>
				</extensions>
			</trkpt>
			<trkpt lat="28.53611529" lon="77.26702164">
				<ele>179.1207275390625</ele>
				<time>2026-08-09T17:45:07Z</time>
				<extensions>
					<speed>0.9700000286102295</speed>
				</extensions>
			</trkpt>
			<trkpt lat="28.53610889" lon="77.26703005">
				<ele>179.38018798828125</ele>
				<time>2026-08-09T17:45:08Z</time>
				<extensions>
					<speed>1.0199999809265137</speed>
				</extensions>
			</trkpt>
			<trkpt lat="28.53610551" lon="77.26704096">
				<ele>179.607177734375</ele>
				<time>2026-08-09T17:45:09Z</time>
				<extensions>
					<speed>1.149999976158142</speed>
				</extensions>
			</trkpt>
			<trkpt lat="28.53610094" lon="77.26705219">
				<ele>179.376708984375</ele>
				<time>2026-08-09T17:45:10Z</time>
				<extensions>
					<speed>1.2400000095367432</speed>
				</extensions>
			</trkpt>
			<trkpt lat="28.53610224" lon="77.26706765">
				<ele>178.962890625</ele>
				<time>2026-08-09T17:45:11Z</time>
				<extensions>
					<speed>1.3600000143051147</speed>
				</extensions>
			</trkpt>
			<trkpt lat="28.53610128" lon="77.26708252">
				<ele>178.677001953125</ele>
				<time>2026-08-09T17:45:12Z</time>
				<extensions>
					<speed>1.309999942779541</speed>
				</extensions>
			</trkpt>
			<trkpt lat="28.53609717" lon="77.26709582">
				<ele>178.5748291015625</ele>
				<time>2026-08-09T17:45:13Z</time>
				<extensions>
					<speed>1.2899999618530273</speed>
				</extensions>
			</trkpt>
			<trkpt lat="28.53608922" lon="77.26710472">
				<ele>179.94671630859375</ele>
				<time>2026-08-09T17:45:14Z</time>
				<extensions>
					<speed>1.090000033378601</speed>
				</extensions>
			</trkpt>
			<trkpt lat="28.53608276" lon="77.26711644">
				<ele>180.48828125</ele>
				<time>2026-08-09T17:45:15Z</time>
				<extensions>
					<speed>1.1699999570846558</speed>
				</extensions>
			</trkpt>
			<trkpt lat="28.53608471" lon="77.26713177">
				<ele>180.4178466796875</ele>
				<time>2026-08-09T17:45:16Z</time>
				<extensions>
					<speed>1.2599999904632568</speed>
				</extensions>
			</trkpt>
			<trkpt lat="28.5360891" lon="77.26714284">
				<ele>181.0704345703125</ele>
				<time>2026-08-09T17:45:17Z</time>
				<extensions>
					<speed>0.5899999737739563</speed>
				</extensions>
			</trkpt>
			<trkpt lat="28.53609437" lon="77.2671557">
				<ele>181.19537353515625</ele>
				<time>2026-08-09T17:45:18Z</time>
				<extensions>
					<speed>1.059999942779541</speed>
				</extensions>
			</trkpt>
			<trkpt lat="28.53609778" lon="77.26716887">
				<ele>181.5501708984375</ele>
				<time>2026-08-09T17:45:19Z</time>
				<extensions>
					<speed>1.0</speed>
				</extensions>
			</trkpt>
			<trkpt lat="28.53609984" lon="77.26718401">
				<ele>182.7154541015625</ele>
				<time>2026-08-09T17:45:20Z</time>
				<extensions>
					<speed>1.0199999809265137</speed>
				</extensions>
			</trkpt>
			<trkpt lat="28.53610623" lon="77.26719033">
				<ele>183.1944580078125</ele>
				<time>2026-08-09T17:45:21Z</time>
				<extensions>
					<speed>0.7200000286102295</speed>
				</extensions>
			</trkpt>
			<trkpt lat="28.5361115" lon="77.26719633">
				<ele>184.44512939453125</ele>
				<time>2026-08-09T17:45:22Z</time>
				<extensions>
					<speed>0.8500000238418579</speed>
				</extensions>
			</trkpt>
			<trkpt lat="28.53611206" lon="77.2672061">
				<ele>183.8741455078125</ele>
				<time>2026-08-09T17:45:23Z</time>
				<extensions>
					<speed>1.149999976158142</speed>
				</extensions>
			</trkpt>
			<trkpt lat="28.53610943" lon="77.26721715">
				<ele>184.5411376953125</ele>
				<time>2026-08-09T17:45:24Z</time>
				<extensions>
					<speed>1.1100000143051147</speed>
				</extensions>
			</trkpt>
			<trkpt lat="28.53611077" lon="77.26722907">
				<ele>184.2825927734375</ele>
				<time>2026-08-09T17:45:25Z</time>
				<extensions>
					<speed>1.2200000286102295</speed>
				</extensions>
			</trkpt>
			<trkpt lat="28.53611688" lon="77.26723977">
				<ele>183.5643310546875</ele>
				<time>2026-08-09T17:45:26Z</time>
				<extensions>
					<speed>1.0199999809265137</speed>
				</extensions>
			</trkpt>
			<trkpt lat="28.53612307" lon="77.26725075">
				<ele>182.78753662109375</ele>
				<time>2026-08-09T17:45:27Z</time>
				<extensions>
					<speed>1.0099999904632568</speed>
				</extensions>
			</trkpt>
			<trkpt lat="28.5361286" lon="77.26726198">
				<ele>182.2069091796875</ele>
				<time>2026-08-09T17:45:28Z</time>
				<extensions>
					<speed>1.0199999809265137</speed>
				</extensions>
			</trkpt>
			<trkpt lat="28.53613776" lon="77.26727023">
				<ele>181.8878173828125</ele>
				<time>2026-08-09T17:45:29Z</time>
				<extensions>
					<speed>1.0499999523162842</speed>
				</extensions>
			</trkpt>
			<trkpt lat="28.53614471" lon="77.26727994">
				<ele>181.4556884765625</ele>
				<time>2026-08-09T17:45:30Z</time>
				<extensions>
					<speed>1.0099999904632568</speed>
				</extensions>
			</trkpt>
			<trkpt lat="28.53614937" lon="77.26729028">
				<ele>181.45721435546875</ele>
				<time>2026-08-09T17:45:31Z</time>
				<extensions>
					<speed>1.0199999809265137</speed>
				</extensions>
			</trkpt>
			<trkpt lat="28.53616279" lon="77.26730049">
				<ele>181.09765625</ele>
				<time>2026-08-09T17:45:32Z</time>
				<extensions>
					<speed>1.0199999809265137</speed>
				</extensions>
			</trkpt>
			<trkpt lat="28.53616819" lon="77.2673145">
				<ele>182.26220703125</ele>
				<time>2026-08-09T17:45:33Z</time>
				<extensions>
					<speed>1.059999942779541</speed>
				</extensions>
			</trkpt>
			<trkpt lat="28.53617599" lon="77.2673218">
				<ele>180.7293701171875</ele>
				<time>2026-08-09T17:45:34Z</time>
				<extensions>
					<speed>0.9200000166893005</speed>
				</extensions>
			</trkpt>
			<trkpt lat="28.53618621" lon="77.26733138">
				<ele>180.90911865234375</ele>
				<time>2026-08-09T17:45:35Z</time>
				<extensions>
					<speed>0.9599999785423279</speed>
				</extensions>
			</trkpt>
			<trkpt lat="28.53619011" lon="77.26734516">
				<ele>181.539306640625</ele>
				<time>2026-08-09T17:45:36Z</time>
				<extensions>
					<speed>1.0</speed>
				</extensions>
			</trkpt>
			<trkpt lat="28.5361896" lon="77.26735609">
				<ele>180.60980224609375</ele>
				<time>2026-08-09T17:45:37Z</time>
				<extensions>
					<speed>0.9599999785423279</speed>
				</extensions>
			</trkpt>
			<trkpt lat="28.53618842" lon="77.26736771">
				<ele>180.86492919921875</ele>
				<time>2026-08-09T17:45:38Z</time>
				<extensions>
					<speed>0.9900000095367432</speed>
				</extensions>
			</trkpt>
			<trkpt lat="28.53618944" lon="77.26737774">
				<ele>181.17437744140625</ele>
				<time>2026-08-09T17:45:39Z</time>
				<extensions>
					<speed>0.9800000190734863</speed>
				</extensions>
			</trkpt>
			<trkpt lat="28.53618656" lon="77.26738926">
				<ele>181.93133544921875</ele>
				<time>2026-08-09T17:45:40Z</time>
				<extensions>
					<speed>0.9700000286102295</speed>
				</extensions>
			</trkpt>
			<trkpt lat="28.5361809" lon="77.26740067">
				<ele>182.33001708984375</ele>
				<time>2026-08-09T17:45:41Z</time>
				<extensions>
					<speed>0.9900000095367432</speed>
				</extensions>
			</trkpt>
			<trkpt lat="28.53617674" lon="77.26741253">
				<ele>183.0040283203125</ele>
				<time>2026-08-09T17:45:42Z</time>
				<extensions>
					<speed>1.0099999904632568</speed>
				</extensions>
			</trkpt>
			<trkpt lat="28.53617354" lon="77.26742012">
				<ele>182.31549072265625</ele>
				<time>2026-08-09T17:45:43Z</time>
				<extensions>
					<speed>0.8799999952316284</speed>
				</extensions>
			</trkpt>
			<trkpt lat="28.53616993" lon="77.26742603">
				<ele>181.727294921875</ele>
				<time>2026-08-09T17:45:44Z</time>
				<extensions>
					<speed>0.9399999976158142</speed>
				</extensions>
			</trkpt>
			<trkpt lat="28.53617158" lon="77.267438">
				<ele>182.38470458984375</ele>
				<time>2026-08-09T17:45:45Z</time>
				<extensions>
					<speed>1.3700000047683716</speed>
				</extensions>
			</trkpt>
			<trkpt lat="28.53620083" lon="77.26743307">
				<ele>179.9210205078125</ele>
				<time>2026-08-09T17:45:46Z</time>
				<extensions>
					<speed>2.7200000286102295</speed>
				</extensions>
			</trkpt>
			<trkpt lat="28.53621626" lon="77.2674264">
				<ele>180.70465087890625</ele>
				<time>2026-08-09T17:45:47Z</time>
				<extensions>
					<speed>1.2899999618530273</speed>
				</extensions>
			</trkpt>
			<trkpt lat="28.53623066" lon="77.267419">
				<ele>180.5322265625</ele>
				<time>2026-08-09T17:45:48Z</time>
				<extensions>
					<speed>1.4299999475479126</speed>
				</extensions>
			</trkpt>
			<trkpt lat="28.53623992" lon="77.26741372">
				<ele>180.26171875</ele>
				<time>2026-08-09T17:45:49Z</time>
				<extensions>
					<speed>1.3700000047683716</speed>
				</extensions>
			</trkpt>
			<trkpt lat="28.53624159" lon="77.26740585">
				<ele>179.608642578125</ele>
				<time>2026-08-09T17:45:50Z</time>
				<extensions>
					<speed>1.2599999904632568</speed>
				</extensions>
			</trkpt>
			<trkpt lat="28.53624358" lon="77.26740388">
				<ele>179.32208251953125</ele>
				<time>2026-08-09T17:45:51Z</time>
				<extensions>
					<speed>1.190000057220459</speed>
				</extensions>
			</trkpt>
			<trkpt lat="28.53623523" lon="77.26740711">
				<ele>177.67596435546875</ele>
				<time>2026-08-09T17:45:52Z</time>
				<extensions>
					<speed>0.75</speed>
				</extensions>
			</trkpt>
			<trkpt lat="28.53622568" lon="77.26741949">
				<ele>177.63348388671875</ele>
				<time>2026-08-09T17:45:53Z</time>
				<extensions>
					<speed>0.7599999904632568</speed>
				</extensions>
			</trkpt>
			<trkpt lat="28.53622423" lon="77.26743389">
				<ele>177.8701171875</ele>
				<time>2026-08-09T17:45:54Z</time>
				<extensions>
					<speed>1.100000023841858</speed>
				</extensions>
			</trkpt>
			<trkpt lat="28.53621803" lon="77.26743274">
				<ele>177.42901611328125</ele>
				<time>2026-08-09T17:45:55Z</time>
				<extensions>
					<speed>0.0</speed>
				</extensions>
			</trkpt>
			<trkpt lat="28.53623782" lon="77.26744963">
				<ele>177.6103515625</ele>
				<time>2026-08-09T17:45:56Z</time>
				<extensions>
					<speed>3.259999990463257</speed>
				</extensions>
			</trkpt>
			<trkpt lat="28.53624577" lon="77.26746488">
				<ele>178.37921142578125</ele>
				<time>2026-08-09T17:45:57Z</time>
				<extensions>
					<speed>1.2000000476837158</speed>
				</extensions>
			</trkpt>
			<trkpt lat="28.53624412" lon="77.26747184">
				<ele>178.66607666015625</ele>
				<time>2026-08-09T17:45:58Z</time>
				<extensions>
					<speed>0.4699999988079071</speed>
				</extensions>
			</trkpt>
			<trkpt lat="28.53623659" lon="77.26747216">
				<ele>179.63232421875</ele>
				<time>2026-08-09T17:45:59Z</time>
				<extensions>
					<speed>0.20999999344348907</speed>
				</extensions>
			</trkpt>
			<trkpt lat="28.53622687" lon="77.26746928">
				<ele>179.5799560546875</ele>
				<time>2026-08-09T17:46:00Z</time>
				<extensions>
					<speed>0.0</speed>
				</extensions>
			</trkpt>
			<trkpt lat="28.53622447" lon="77.26746873">
				<ele>179.6173095703125</ele>
				<time>2026-08-09T17:46:01Z</time>
				<extensions>
					<speed>0.0</speed>
				</extensions>
			</trkpt>
			<trkpt lat="28.53622384" lon="77.26746864">
				<ele>179.6246337890625</ele>
				<time>2026-08-09T17:46:02Z</time>
				<extensions>
					<speed>0.0</speed>
				</extensions>
			</trkpt>
			<trkpt lat="28.53622368" lon="77.26746866">
				<ele>179.6318359375</ele>
				<time>2026-08-09T17:46:03Z</time>
				<extensions>
					<speed>0.0</speed>
				</extensions>
			</trkpt>
			<trkpt lat="28.53622363" lon="77.26746869">
				<ele>179.63800048828125</ele>
				<time>2026-08-09T17:46:04Z</time>
				<extensions>
					<speed>0.0</speed>
				</extensions>
			</trkpt>
			<trkpt lat="28.53622367" lon="77.26746911">
				<ele>179.708251953125</ele>
				<time>2026-08-09T17:46:05Z</time>
				<extensions>
					<speed>0.0</speed>
				</extensions>
			</trkpt>
			<trkpt lat="28.53622365" lon="77.26746922">
				<ele>179.7135009765625</ele>
				<time>2026-08-09T17:46:06Z</time>
				<extensions>
					<speed>0.0</speed>
				</extensions>
			</trkpt>
			<trkpt lat="28.53622363" lon="77.26746927">
				<ele>179.7166748046875</ele>
				<time>2026-08-09T17:46:07Z</time>
				<extensions>
					<speed>0.0</speed>
				</extensions>
			</trkpt>
			<trkpt lat="28.53622361" lon="77.2674693">
				<ele>179.72021484375</ele>
				<time>2026-08-09T17:46:08Z</time>
				<extensions>
					<speed>0.0</speed>
				</extensions>
			</trkpt>
			<trkpt lat="28.53622359" lon="77.26746933">
				<ele>179.722412109375</ele>
				<time>2026-08-09T17:46:09Z</time>
				<extensions>
					<speed>0.0</speed>
				</extensions>
			</trkpt>
			<trkpt lat="28.53622365" lon="77.2674698">
				<ele>179.7957763671875</ele>
				<time>2026-08-09T17:46:10Z</time>
				<extensions>
					<speed>0.0</speed>
				</extensions>
			</trkpt>
			<trkpt lat="28.53622363" lon="77.26746991">
				<ele>179.791259765625</ele>
				<time>2026-08-09T17:46:11Z</time>
				<extensions>
					<speed>0.0</speed>
				</extensions>
			</trkpt>
			<trkpt lat="28.5362236" lon="77.26746996">
				<ele>179.79638671875</ele>
				<time>2026-08-09T17:46:12Z</time>
				<extensions>
					<speed>0.0</speed>
				</extensions>
			</trkpt>
			<trkpt lat="28.53622355" lon="77.26746998">
				<ele>179.80047607421875</ele>
				<time>2026-08-09T17:46:13Z</time>
				<extensions>
					<speed>0.0</speed>
				</extensions>
			</trkpt>
			<trkpt lat="28.53622362" lon="77.26747037">
				<ele>179.86724853515625</ele>
				<time>2026-08-09T17:46:14Z</time>
				<extensions>
					<speed>0.0</speed>
				</extensions>
			</trkpt>
			<trkpt lat="28.5362236" lon="77.26747047">
				<ele>179.8680419921875</ele>
				<time>2026-08-09T17:46:15Z</time>
				<extensions>
					<speed>0.0</speed>
				</extensions>
			</trkpt>
			<trkpt lat="28.53622361" lon="77.26747068">
				<ele>179.905517578125</ele>
				<time>2026-08-09T17:46:16Z</time>
				<extensions>
					<speed>0.0</speed>
				</extensions>
			</trkpt>
			<trkpt lat="28.53622362" lon="77.26747094">
				<ele>179.94061279296875</ele>
				<time>2026-08-09T17:46:17Z</time>
				<extensions>
					<speed>0.0</speed>
				</extensions>
			</trkpt>
			<trkpt lat="28.53622367" lon="77.2674714">
				<ele>180.010009765625</ele>
				<time>2026-08-09T17:46:18Z</time>
				<extensions>
					<speed>0.0</speed>
				</extensions>
			</trkpt>
			<trkpt lat="28.53622371" lon="77.2674717">
				<ele>180.04351806640625</ele>
				<time>2026-08-09T17:46:19Z</time>
				<extensions>
					<speed>0.0</speed>
				</extensions>
			</trkpt>
			<trkpt lat="28.53622304" lon="77.2674723">
				<ele>179.8333740234375</ele>
				<time>2026-08-09T17:46:20Z</time>
				<extensions>
					<speed>0.0</speed>
				</extensions>
			</trkpt>
			<trkpt lat="28.53622233" lon="77.26746828">
				<ele>179.92791748046875</ele>
				<time>2026-08-09T17:46:21Z</time>
				<extensions>
					<speed>0.4000000059604645</speed>
				</extensions>
			</trkpt>
			<trkpt lat="28.53622116" lon="77.26746714">
				<ele>179.9505615234375</ele>
				<time>2026-08-09T17:46:22Z</time>
				<extensions>
					<speed>0.0</speed>
				</extensions>
			</trkpt>
			<trkpt lat="28.53622087" lon="77.26746704">
				<ele>179.95263671875</ele>
				<time>2026-08-09T17:46:23Z</time>
				<extensions>
					<speed>0.0</speed>
				</extensions>
			</trkpt>
			<trkpt lat="28.53622078" lon="77.26746701">
				<ele>179.9544677734375</ele>
				<time>2026-08-09T17:46:24Z</time>
				<extensions>
					<speed>0.0</speed>
				</extensions>
			</trkpt>
			<trkpt lat="28.53622085" lon="77.26746756">
				<ele>180.034912109375</ele>
				<time>2026-08-09T17:46:25Z</time>
				<extensions>
					<speed>0.0</speed>
				</extensions>
			</trkpt>
			<trkpt lat="28.53622085" lon="77.2674677">
				<ele>180.03582763671875</ele>
				<time>2026-08-09T17:46:26Z</time>
				<extensions>
					<speed>0.0</speed>
				</extensions>
			</trkpt>
			<trkpt lat="28.53622082" lon="77.26746775">
				<ele>180.03729248046875</ele>
				<time>2026-08-09T17:46:27Z</time>
				<extensions>
					<speed>0.0</speed>
				</extensions>
			</trkpt>
			<trkpt lat="28.53622077" lon="77.26746776">
				<ele>180.03515625</ele>
				<time>2026-08-09T17:46:28Z</time>
				<extensions>
					<speed>0.0</speed>
				</extensions>
			</trkpt>
			<trkpt lat="28.53622074" lon="77.26746776">
				<ele>180.0350341796875</ele>
				<time>2026-08-09T17:46:29Z</time>
				<extensions>
					<speed>0.0</speed>
				</extensions>
			</trkpt>
			<trkpt lat="28.53622072" lon="77.26746778">
				<ele>180.03759765625</ele>
				<time>2026-08-09T17:46:30Z</time>
				<extensions>
					<speed>0.0</speed>
				</extensions>
			</trkpt>
			<trkpt lat="28.53622071" lon="77.26746781">
				<ele>180.04327392578125</ele>
				<time>2026-08-09T17:46:31Z</time>
				<extensions>
					<speed>0.0</speed>
				</extensions>
			</trkpt>
			<trkpt lat="28.5362207" lon="77.26746783">
				<ele>180.04876708984375</ele>
				<time>2026-08-09T17:46:32Z</time>
				<extensions>
					<speed>0.0</speed>
				</extensions>
			</trkpt>
			<trkpt lat="28.5362204" lon="77.26746721">
				<ele>180.0926513671875</ele>
				<time>2026-08-09T17:46:33Z</time>
				<extensions>
					<speed>0.0</speed>
				</extensions>
			</trkpt>
			<trkpt lat="28.53622046" lon="77.26746773">
				<ele>180.078857421875</ele>
				<time>2026-08-09T17:46:34Z</time>
				<extensions>
					<speed>0.0</speed>
				</extensions>
			</trkpt>
			<trkpt lat="28.53622058" lon="77.26746824">
				<ele>180.1099853515625</ele>
				<time>2026-08-09T17:46:35Z</time>
				<extensions>
					<speed>0.0</speed>
				</extensions>
			</trkpt>
			<trkpt lat="28.53622069" lon="77.26746867">
				<ele>180.14349365234375</ele>
				<time>2026-08-09T17:46:36Z</time>
				<extensions>
					<speed>0.0</speed>
				</extensions>
			</trkpt>
			<trkpt lat="28.53622079" lon="77.26746912">
				<ele>180.1724853515625</ele>
				<time>2026-08-09T17:46:37Z</time>
				<extensions>
					<speed>0.0</speed>
				</extensions>
			</trkpt>
			<trkpt lat="28.53622086" lon="77.26746957">
				<ele>180.205322265625</ele>
				<time>2026-08-09T17:46:38Z</time>
				<extensions>
					<speed>0.0</speed>
				</extensions>
			</trkpt>
			<trkpt lat="28.53622092" lon="77.26746995">
				<ele>180.2418212890625</ele>
				<time>2026-08-09T17:46:39Z</time>
				<extensions>
					<speed>0.0</speed>
				</extensions>
			</trkpt>
			<trkpt lat="28.536221" lon="77.26747052">
				<ele>180.30621337890625</ele>
				<time>2026-08-09T17:46:40Z</time>
				<extensions>
					<speed>0.0</speed>
				</extensions>
			</trkpt>
			<trkpt lat="28.53622104" lon="77.26747095">
				<ele>180.34234619140625</ele>
				<time>2026-08-09T17:46:41Z</time>
				<extensions>
					<speed>0.0</speed>
				</extensions>
			</trkpt>
			<trkpt lat="28.53622107" lon="77.26747124">
				<ele>180.36749267578125</ele>
				<time>2026-08-09T17:46:42Z</time>
				<extensions>
					<speed>0.0</speed>
				</extensions>
			</trkpt>
			<trkpt lat="28.53622111" lon="77.26747159">
				<ele>180.40655517578125</ele>
				<time>2026-08-09T17:46:43Z</time>
				<extensions>
					<speed>0.0</speed>
				</extensions>
			</trkpt>
			<trkpt lat="28.53622116" lon="77.26747196">
				<ele>180.44439697265625</ele>
				<time>2026-08-09T17:46:44Z</time>
				<extensions>
					<speed>0.0</speed>
				</extensions>
			</trkpt>
			<trkpt lat="28.53622122" lon="77.26747228">
				<ele>180.480712890625</ele>
				<time>2026-08-09T17:46:45Z</time>
				<extensions>
					<speed>0.0</speed>
				</extensions>
			</trkpt>
			<trkpt lat="28.5362213" lon="77.26747276">
				<ele>180.54168701171875</ele>
				<time>2026-08-09T17:46:46Z</time>
				<extensions>
					<speed>0.0</speed>
				</extensions>
			</trkpt>
			<trkpt lat="28.53622134" lon="77.26747291">
				<ele>180.545654296875</ele>
				<time>2026-08-09T17:46:47Z</time>
				<extensions>
					<speed>0.0</speed>
				</extensions>
			</trkpt>
			<trkpt lat="28.5362235" lon="77.26747376">
				<ele>180.3914794921875</ele>
				<time>2026-08-09T17:46:48Z</time>
				<extensions>
					<speed>0.17000000178813934</speed>
				</extensions>
			</trkpt>
			<trkpt lat="28.53622336" lon="77.26747691">
				<ele>179.84246826171875</ele>
				<time>2026-08-09T17:46:49Z</time>
				<extensions>
					<speed>0.1899999976158142</speed>
				</extensions>
			</trkpt>
			<trkpt lat="28.5362234" lon="77.26748288">
				<ele>180.09771728515625</ele>
				<time>2026-08-09T17:46:50Z</time>
				<extensions>
					<speed>0.5199999809265137</speed>
				</extensions>
			</trkpt>
			<trkpt lat="28.53622252" lon="77.26748991">
				<ele>179.8585205078125</ele>
				<time>2026-08-09T17:46:51Z</time>
				<extensions>
					<speed>0.5899999737739563</speed>
				</extensions>
			</trkpt>
			<trkpt lat="28.5362227" lon="77.2674977">
				<ele>179.453857421875</ele>
				<time>2026-08-09T17:46:52Z</time>
				<extensions>
					<speed>0.6000000238418579</speed>
				</extensions>
			</trkpt>
			<trkpt lat="28.53622205" lon="77.26750484">
				<ele>179.68603515625</ele>
				<time>2026-08-09T17:46:53Z</time>
				<extensions>
					<speed>0.6800000071525574</speed>
				</extensions>
			</trkpt>
			<trkpt lat="28.53622009" lon="77.26751156">
				<ele>179.6309814453125</ele>
				<time>2026-08-09T17:46:54Z</time>
				<extensions>
					<speed>0.6299999952316284</speed>
				</extensions>
			</trkpt>
			<trkpt lat="28.53621931" lon="77.26751927">
				<ele>179.96533203125</ele>
				<time>2026-08-09T17:46:55Z</time>
				<extensions>
					<speed>0.8399999737739563</speed>
				</extensions>
			</trkpt>
			<trkpt lat="28.5362187" lon="77.26752556">
				<ele>180.3985595703125</ele>
				<time>2026-08-09T17:46:56Z</time>
				<extensions>
					<speed>0.5199999809265137</speed>
				</extensions>
			</trkpt>
			<trkpt lat="28.53621759" lon="77.26752741">
				<ele>180.5069580078125</ele>
				<time>2026-08-09T17:46:57Z</time>
				<extensions>
					<speed>0.0</speed>
				</extensions>
			</trkpt>
			<trkpt lat="28.53621215" lon="77.26753438">
				<ele>180.974365234375</ele>
				<time>2026-08-09T17:46:58Z</time>
				<extensions>
					<speed>0.9300000071525574</speed>
				</extensions>
			</trkpt>
			<trkpt lat="28.53620956" lon="77.26753639">
				<ele>180.86248779296875</ele>
				<time>2026-08-09T17:46:59Z</time>
				<extensions>
					<speed>0.20000000298023224</speed>
				</extensions>
			</trkpt>
			<trkpt lat="28.53620906" lon="77.26753587">
				<ele>180.966064453125</ele>
				<time>2026-08-09T17:47:00Z</time>
				<extensions>
					<speed>0.0</speed>
				</extensions>
			</trkpt>
			<trkpt lat="28.53620894" lon="77.26753571">
				<ele>180.96575927734375</ele>
				<time>2026-08-09T17:47:01Z</time>
				<extensions>
					<speed>0.0</speed>
				</extensions>
			</trkpt>
			<trkpt lat="28.5362089" lon="77.26753569">
				<ele>180.97113037109375</ele>
				<time>2026-08-09T17:47:02Z</time>
				<extensions>
					<speed>0.0</speed>
				</extensions>
			</trkpt>
			<trkpt lat="28.53620886" lon="77.2675357">
				<ele>180.97406005859375</ele>
				<time>2026-08-09T17:47:03Z</time>
				<extensions>
					<speed>0.0</speed>
				</extensions>
			</trkpt>
			<trkpt lat="28.53620881" lon="77.26753571">
				<ele>180.97900390625</ele>
				<time>2026-08-09T17:47:04Z</time>
				<extensions>
					<speed>0.0</speed>
				</extensions>
			</trkpt>
			<trkpt lat="28.53620877" lon="77.26753572">
				<ele>180.98388671875</ele>
				<time>2026-08-09T17:47:05Z</time>
				<extensions>
					<speed>0.0</speed>
				</extensions>
			</trkpt>
			<trkpt lat="28.53620872" lon="77.26753572">
				<ele>180.98638916015625</ele>
				<time>2026-08-09T17:47:06Z</time>
				<extensions>
					<speed>0.0</speed>
				</extensions>
			</trkpt>
			<trkpt lat="28.53620869" lon="77.26753572">
				<ele>180.98748779296875</ele>
				<time>2026-08-09T17:47:07Z</time>
				<extensions>
					<speed>0.0</speed>
				</extensions>
			</trkpt>
			<trkpt lat="28.53620866" lon="77.26753573">
				<ele>180.9896240234375</ele>
				<time>2026-08-09T17:47:08Z</time>
				<extensions>
					<speed>0.0</speed>
				</extensions>
			</trkpt>
			<trkpt lat="28.53620864" lon="77.26753573">
				<ele>180.9930419921875</ele>
				<time>2026-08-09T17:47:09Z</time>
				<extensions>
					<speed>0.0</speed>
				</extensions>
			</trkpt>
			<trkpt lat="28.53620861" lon="77.26753573">
				<ele>180.9925537109375</ele>
				<time>2026-08-09T17:47:10Z</time>
				<extensions>
					<speed>0.0</speed>
				</extensions>
			</trkpt>
			<trkpt lat="28.536208" lon="77.26754011">
				<ele>180.9404296875</ele>
				<time>2026-08-09T17:47:11Z</time>
				<extensions>
					<speed>0.47999998927116394</speed>
				</extensions>
			</trkpt>
			<trkpt lat="28.53620869" lon="77.26754103">
				<ele>181.024658203125</ele>
				<time>2026-08-09T17:47:12Z</time>
				<extensions>
					<speed>0.0</speed>
				</extensions>
			</trkpt>
			<trkpt lat="28.53620898" lon="77.26754134">
				<ele>181.0855712890625</ele>
				<time>2026-08-09T17:47:13Z</time>
				<extensions>
					<speed>0.0</speed>
				</extensions>
			</trkpt>
			<trkpt lat="28.53620913" lon="77.26754178">
				<ele>181.14862060546875</ele>
				<time>2026-08-09T17:47:14Z</time>
				<extensions>
					<speed>0.0</speed>
				</extensions>
			</trkpt>
			<trkpt lat="28.53620921" lon="77.26754205">
				<ele>181.180419921875</ele>
				<time>2026-08-09T17:47:15Z</time>
				<extensions>
					<speed>0.0</speed>
				</extensions>
			</trkpt>
			<trkpt lat="28.53620934" lon="77.26754245">
				<ele>181.23388671875</ele>
				<time>2026-08-09T17:47:16Z</time>
				<extensions>
					<speed>0.0</speed>
				</extensions>
			</trkpt>
			<trkpt lat="28.53620948" lon="77.26754286">
				<ele>181.2884521484375</ele>
				<time>2026-08-09T17:47:17Z</time>
				<extensions>
					<speed>0.0</speed>
				</extensions>
			</trkpt>
			<trkpt lat="28.5362096" lon="77.26754333">
				<ele>181.34820556640625</ele>
				<time>2026-08-09T17:47:18Z</time>
				<extensions>
					<speed>0.0</speed>
				</extensions>
			</trkpt>
			<trkpt lat="28.53620972" lon="77.2675438">
				<ele>181.4063720703125</ele>
				<time>2026-08-09T17:47:19Z</time>
				<extensions>
					<speed>0.0</speed>
				</extensions>
			</trkpt>
			<trkpt lat="28.53620984" lon="77.26754423">
				<ele>181.4647216796875</ele>
				<time>2026-08-09T17:47:20Z</time>
				<extensions>
					<speed>0.0</speed>
				</extensions>
			</trkpt>
			<trkpt lat="28.53620996" lon="77.26754467">
				<ele>181.5242919921875</ele>
				<time>2026-08-09T17:47:21Z</time>
				<extensions>
					<speed>0.0</speed>
				</extensions>
			</trkpt>
			<trkpt lat="28.53621007" lon="77.26754515">
				<ele>181.5865478515625</ele>
				<time>2026-08-09T17:47:22Z</time>
				<extensions>
					<speed>0.0</speed>
				</extensions>
			</trkpt>
			<trkpt lat="28.53621015" lon="77.26754558">
				<ele>181.6412353515625</ele>
				<time>2026-08-09T17:47:23Z</time>
				<extensions>
					<speed>0.0</speed>
				</extensions>
			</trkpt>
			<trkpt lat="28.53621026" lon="77.26754601">
				<ele>181.69537353515625</ele>
				<time>2026-08-09T17:47:24Z</time>
				<extensions>
					<speed>0.0</speed>
				</extensions>
			</trkpt>
			<trkpt lat="28.53621031" lon="77.26754628">
				<ele>181.7210693359375</ele>
				<time>2026-08-09T17:47:25Z</time>
				<extensions>
					<speed>0.0</speed>
				</extensions>
			</trkpt>
			<trkpt lat="28.53621034" lon="77.26754635">
				<ele>181.7222900390625</ele>
				<time>2026-08-09T17:47:26Z</time>
				<extensions>
					<speed>0.0</speed>
				</extensions>
			</trkpt>
			<trkpt lat="28.53621045" lon="77.26754674">
				<ele>181.7777099609375</ele>
				<time>2026-08-09T17:47:27Z</time>
				<extensions>
					<speed>0.0</speed>
				</extensions>
			</trkpt>
			<trkpt lat="28.53621059" lon="77.26754713">
				<ele>181.8321533203125</ele>
				<time>2026-08-09T17:47:28Z</time>
				<extensions>
					<speed>0.0</speed>
				</extensions>
			</trkpt>
			<trkpt lat="28.53621073" lon="77.26754754">
				<ele>181.8851318359375</ele>
				<time>2026-08-09T17:47:29Z</time>
				<extensions>
					<speed>0.0</speed>
				</extensions>
			</trkpt>
			<trkpt lat="28.53621087" lon="77.26754797">
				<ele>181.93634033203125</ele>
				<time>2026-08-09T17:47:30Z</time>
				<extensions>
					<speed>0.0</speed>
				</extensions>
			</trkpt>
			<trkpt lat="28.536211" lon="77.26754844">
				<ele>181.99090576171875</ele>
				<time>2026-08-09T17:47:31Z</time>
				<extensions>
					<speed>0.0</speed>
				</extensions>
			</trkpt>
			<trkpt lat="28.53621114" lon="77.26754891">
				<ele>182.04583740234375</ele>
				<time>2026-08-09T17:47:32Z</time>
				<extensions>
					<speed>0.0</speed>
				</extensions>
			</trkpt>
			<trkpt lat="28.53621128" lon="77.26754937">
				<ele>182.1007080078125</ele>
				<time>2026-08-09T17:47:33Z</time>
				<extensions>
					<speed>0.0</speed>
				</extensions>
			</trkpt>
			<trkpt lat="28.53621141" lon="77.26754981">
				<ele>182.1541748046875</ele>
				<time>2026-08-09T17:47:34Z</time>
				<extensions>
					<speed>0.0</speed>
				</extensions>
			</trkpt>
			<trkpt lat="28.53621154" lon="77.26755027">
				<ele>182.20745849609375</ele>
				<time>2026-08-09T17:47:35Z</time>
				<extensions>
					<speed>0.0</speed>
				</extensions>
			</trkpt>
			<trkpt lat="28.53621169" lon="77.26755075">
				<ele>182.2652587890625</ele>
				<time>2026-08-09T17:47:36Z</time>
				<extensions>
					<speed>0.0</speed>
				</extensions>
			</trkpt>
			<trkpt lat="28.53621177" lon="77.26755094">
				<ele>182.28594970703125</ele>
				<time>2026-08-09T17:47:37Z</time>
				<extensions>
					<speed>0.0</speed>
				</extensions>
			</trkpt>
			<trkpt lat="28.53621188" lon="77.26755127">
				<ele>182.333984375</ele>
				<time>2026-08-09T17:47:38Z</time>
				<extensions>
					<speed>0.0</speed>
				</extensions>
			</trkpt>
			<trkpt lat="28.53621192" lon="77.26755136">
				<ele>182.3331298828125</ele>
				<time>2026-08-09T17:47:39Z</time>
				<extensions>
					<speed>0.0</speed>
				</extensions>
			</trkpt>
			<trkpt lat="28.53621191" lon="77.26755316">
				<ele>182.3546142578125</ele>
				<time>2026-08-09T17:47:40Z</time>
				<extensions>
					<speed>0.18000000715255737</speed>
				</extensions>
			</trkpt>
			<trkpt lat="28.5362118" lon="77.26755487">
				<ele>182.424560546875</ele>
				<time>2026-08-09T17:47:41Z</time>
				<extensions>
					<speed>0.0</speed>
				</extensions>
			</trkpt>
			<trkpt lat="28.5362132" lon="77.26755981">
				<ele>183.032470703125</ele>
				<time>2026-08-09T17:47:42Z</time>
				<extensions>
					<speed>0.0</speed>
				</extensions>
			</trkpt>
			<trkpt lat="28.53621381" lon="77.26756135">
				<ele>183.0343017578125</ele>
				<time>2026-08-09T17:47:43Z</time>
				<extensions>
					<speed>0.0</speed>
				</extensions>
			</trkpt>
			<trkpt lat="28.53621402" lon="77.26756199">
				<ele>183.084716796875</ele>
				<time>2026-08-09T17:47:44Z</time>
				<extensions>
					<speed>0.0</speed>
				</extensions>
			</trkpt>
			<trkpt lat="28.53621421" lon="77.26756291">
				<ele>183.22296142578125</ele>
				<time>2026-08-09T17:47:45Z</time>
				<extensions>
					<speed>0.0</speed>
				</extensions>
			</trkpt>
			<trkpt lat="28.5362144" lon="77.26756398">
				<ele>183.3624267578125</ele>
				<time>2026-08-09T17:47:46Z</time>
				<extensions>
					<speed>0.0</speed>
				</extensions>
			</trkpt>
			<trkpt lat="28.53621447" lon="77.26756437">
				<ele>183.3817138671875</ele>
				<time>2026-08-09T17:47:47Z</time>
				<extensions>
					<speed>0.0</speed>
				</extensions>
			</trkpt>
			<trkpt lat="28.53621452" lon="77.26756459">
				<ele>183.4029541015625</ele>
				<time>2026-08-09T17:47:48Z</time>
				<extensions>
					<speed>0.0</speed>
				</extensions>
			</trkpt>
			<trkpt lat="28.53621506" lon="77.26756654">
				<ele>183.80670166015625</ele>
				<time>2026-08-09T17:47:49Z</time>
				<extensions>
					<speed>0.0</speed>
				</extensions>
			</trkpt>
			<trkpt lat="28.53621498" lon="77.26756759">
				<ele>183.88507080078125</ele>
				<time>2026-08-09T17:47:50Z</time>
				<extensions>
					<speed>0.0</speed>
				</extensions>
			</trkpt>
			<trkpt lat="28.53621494" lon="77.26756793">
				<ele>183.90350341796875</ele>
				<time>2026-08-09T17:47:51Z</time>
				<extensions>
					<speed>0.0</speed>
				</extensions>
			</trkpt>
			<trkpt lat="28.53621493" lon="77.26756802">
				<ele>183.90240478515625</ele>
				<time>2026-08-09T17:47:52Z</time>
				<extensions>
					<speed>0.0</speed>
				</extensions>
			</trkpt>
			<trkpt lat="28.53621493" lon="77.26756804">
				<ele>183.90399169921875</ele>
				<time>2026-08-09T17:47:53Z</time>
				<extensions>
					<speed>0.0</speed>
				</extensions>
			</trkpt>
			<trkpt lat="28.53621493" lon="77.26756804">
				<ele>183.9036865234375</ele>
				<time>2026-08-09T17:47:54Z</time>
				<extensions>
					<speed>0.0</speed>
				</extensions>
			</trkpt>
			<trkpt lat="28.53621493" lon="77.26756803">
				<ele>183.90545654296875</ele>
				<time>2026-08-09T17:47:55Z</time>
				<extensions>
					<speed>0.0</speed>
				</extensions>
			</trkpt>
			<trkpt lat="28.53621493" lon="77.26756804">
				<ele>183.90728759765625</ele>
				<time>2026-08-09T17:47:56Z</time>
				<extensions>
					<speed>0.0</speed>
				</extensions>
			</trkpt>
			<trkpt lat="28.53621492" lon="77.26756802">
				<ele>183.90618896484375</ele>
				<time>2026-08-09T17:47:57Z</time>
				<extensions>
					<speed>0.0</speed>
				</extensions>
			</trkpt>
			<trkpt lat="28.5362153" lon="77.26756902">
				<ele>184.25384521484375</ele>
				<time>2026-08-09T17:47:58Z</time>
				<extensions>
					<speed>0.0</speed>
				</extensions>
			</trkpt>
			<trkpt lat="28.53621531" lon="77.26756928">
				<ele>184.25762939453125</ele>
				<time>2026-08-09T17:47:59Z</time>
				<extensions>
					<speed>0.0</speed>
				</extensions>
			</trkpt>
			<trkpt lat="28.53621528" lon="77.26756932">
				<ele>184.25787353515625</ele>
				<time>2026-08-09T17:48:00Z</time>
				<extensions>
					<speed>0.0</speed>
				</extensions>
			</trkpt>
			<trkpt lat="28.53620493" lon="77.2675763">
				<ele>184.9241943359375</ele>
				<time>2026-08-09T17:48:01Z</time>
				<extensions>
					<speed>1.3200000524520874</speed>
				</extensions>
			</trkpt>
			<trkpt lat="28.5362035" lon="77.26757884">
				<ele>184.94580078125</ele>
				<time>2026-08-09T17:48:02Z</time>
				<extensions>
					<speed>0.0</speed>
				</extensions>
			</trkpt>
			<trkpt lat="28.53620329" lon="77.26757897">
				<ele>184.74359130859375</ele>
				<time>2026-08-09T17:48:03Z</time>
				<extensions>
					<speed>0.0</speed>
				</extensions>
			</trkpt>
			<trkpt lat="28.53620348" lon="77.26757925">
				<ele>184.7769775390625</ele>
				<time>2026-08-09T17:48:04Z</time>
				<extensions>
					<speed>0.0</speed>
				</extensions>
			</trkpt>
			<trkpt lat="28.53620405" lon="77.26757928">
				<ele>184.77587890625</ele>
				<time>2026-08-09T17:48:05Z</time>
				<extensions>
					<speed>0.0</speed>
				</extensions>
			</trkpt>
			<trkpt lat="28.53620417" lon="77.2675793">
				<ele>184.7779541015625</ele>
				<time>2026-08-09T17:48:06Z</time>
				<extensions>
					<speed>0.0</speed>
				</extensions>
			</trkpt>
			<trkpt lat="28.53620418" lon="77.2675793">
				<ele>184.781982421875</ele>
				<time>2026-08-09T17:48:07Z</time>
				<extensions>
					<speed>0.0</speed>
				</extensions>
			</trkpt>
			<trkpt lat="28.53620416" lon="77.26757929">
				<ele>184.78118896484375</ele>
				<time>2026-08-09T17:48:08Z</time>
				<extensions>
					<speed>0.0</speed>
				</extensions>
			</trkpt>
			<trkpt lat="28.53620414" lon="77.26757929">
				<ele>184.7822265625</ele>
				<time>2026-08-09T17:48:09Z</time>
				<extensions>
					<speed>0.0</speed>
				</extensions>
			</trkpt>
			<trkpt lat="28.53620412" lon="77.26757928">
				<ele>184.78662109375</ele>
				<time>2026-08-09T17:48:10Z</time>
				<extensions>
					<speed>0.0</speed>
				</extensions>
			</trkpt>
			<trkpt lat="28.53620421" lon="77.26758011">
				<ele>184.93927001953125</ele>
				<time>2026-08-09T17:48:11Z</time>
				<extensions>
					<speed>0.0</speed>
				</extensions>
			</trkpt>
			<trkpt lat="28.53620426" lon="77.26758028">
				<ele>184.93890380859375</ele>
				<time>2026-08-09T17:48:12Z</time>
				<extensions>
					<speed>0.0</speed>
				</extensions>
			</trkpt>
			<trkpt lat="28.53620429" lon="77.26758045">
				<ele>184.959228515625</ele>
				<time>2026-08-09T17:48:13Z</time>
				<extensions>
					<speed>0.0</speed>
				</extensions>
			</trkpt>
			<trkpt lat="28.5361982" lon="77.26757148">
				<ele>184.713134765625</ele>
				<time>2026-08-09T17:48:14Z</time>
				<extensions>
					<speed>1.25</speed>
				</extensions>
			</trkpt>
			<trkpt lat="28.53619802" lon="77.26757025">
				<ele>184.65478515625</ele>
				<time>2026-08-09T17:48:15Z</time>
				<extensions>
					<speed>0.0</speed>
				</extensions>
			</trkpt>
			<trkpt lat="28.53619786" lon="77.26756973">
				<ele>184.6396484375</ele>
				<time>2026-08-09T17:48:16Z</time>
				<extensions>
					<speed>0.15000000596046448</speed>
				</extensions>
			</trkpt>
			<trkpt lat="28.53620144" lon="77.26756897">
				<ele>183.83941650390625</ele>
				<time>2026-08-09T17:48:17Z</time>
				<extensions>
					<speed>0.6200000047683716</speed>
				</extensions>
			</trkpt>
			<trkpt lat="28.53620456" lon="77.26756884">
				<ele>183.758056640625</ele>
				<time>2026-08-09T17:48:18Z</time>
				<extensions>
					<speed>0.0</speed>
				</extensions>
			</trkpt>
			<trkpt lat="28.53620505" lon="77.26756879">
				<ele>183.75811767578125</ele>
				<time>2026-08-09T17:48:19Z</time>
				<extensions>
					<speed>0.0</speed>
				</extensions>
			</trkpt>
			<trkpt lat="28.53620517" lon="77.26756878">
				<ele>183.75830078125</ele>
				<time>2026-08-09T17:48:20Z</time>
				<extensions>
					<speed>0.0</speed>
				</extensions>
			</trkpt>
			<trkpt lat="28.53620519" lon="77.26756876">
				<ele>183.75701904296875</ele>
				<time>2026-08-09T17:48:21Z</time>
				<extensions>
					<speed>0.0</speed>
				</extensions>
			</trkpt>
			<trkpt lat="28.5362052" lon="77.26756874">
				<ele>183.7564697265625</ele>
				<time>2026-08-09T17:48:22Z</time>
				<extensions>
					<speed>0.0</speed>
				</extensions>
			</trkpt>
			<trkpt lat="28.53620521" lon="77.26756874">
				<ele>183.757080078125</ele>
				<time>2026-08-09T17:48:23Z</time>
				<extensions>
					<speed>0.0</speed>
				</extensions>
			</trkpt>
			<trkpt lat="28.53620514" lon="77.26756866">
				<ele>183.889892578125</ele>
				<time>2026-08-09T17:48:24Z</time>
				<extensions>
					<speed>0.0</speed>
				</extensions>
			</trkpt>
			<trkpt lat="28.53620467" lon="77.26756844">
				<ele>183.9053955078125</ele>
				<time>2026-08-09T17:48:25Z</time>
				<extensions>
					<speed>0.0</speed>
				</extensions>
			</trkpt>
			<trkpt lat="28.53620454" lon="77.26756838">
				<ele>183.9091796875</ele>
				<time>2026-08-09T17:48:26Z</time>
				<extensions>
					<speed>0.0</speed>
				</extensions>
			</trkpt>
			<trkpt lat="28.53620453" lon="77.2675685">
				<ele>183.9349365234375</ele>
				<time>2026-08-09T17:48:27Z</time>
				<extensions>
					<speed>0.0</speed>
				</extensions>
			</trkpt>
			<trkpt lat="28.53620453" lon="77.26756853">
				<ele>183.935546875</ele>
				<time>2026-08-09T17:48:28Z</time>
				<extensions>
					<speed>0.0</speed>
				</extensions>
			</trkpt>
			<trkpt lat="28.53620451" lon="77.26756852">
				<ele>183.935302734375</ele>
				<time>2026-08-09T17:48:29Z</time>
				<extensions>
					<speed>0.0</speed>
				</extensions>
			</trkpt>
			<trkpt lat="28.5362045" lon="77.26756852">
				<ele>183.9356689453125</ele>
				<time>2026-08-09T17:48:30Z</time>
				<extensions>
					<speed>0.0</speed>
				</extensions>
			</trkpt>
			<trkpt lat="28.53620451" lon="77.26756868">
				<ele>183.96075439453125</ele>
				<time>2026-08-09T17:48:31Z</time>
				<extensions>
					<speed>0.0</speed>
				</extensions>
			</trkpt>
			<trkpt lat="28.53620452" lon="77.26756877">
				<ele>183.9649658203125</ele>
				<time>2026-08-09T17:48:32Z</time>
				<extensions>
					<speed>0.0</speed>
				</extensions>
			</trkpt>
			<trkpt lat="28.53620449" lon="77.26756882">
				<ele>183.967529296875</ele>
				<time>2026-08-09T17:48:33Z</time>
				<extensions>
					<speed>0.0</speed>
				</extensions>
			</trkpt>
			<trkpt lat="28.53620445" lon="77.26756885">
				<ele>183.9681396484375</ele>
				<time>2026-08-09T17:48:34Z</time>
				<extensions>
					<speed>0.0</speed>
				</extensions>
			</trkpt>
			<trkpt lat="28.53620444" lon="77.26756891">
				<ele>183.97210693359375</ele>
				<time>2026-08-09T17:48:35Z</time>
				<extensions>
					<speed>0.0</speed>
				</extensions>
			</trkpt>
			<trkpt lat="28.53620442" lon="77.26756892">
				<ele>183.971435546875</ele>
				<time>2026-08-09T17:48:36Z</time>
				<extensions>
					<speed>0.0</speed>
				</extensions>
			</trkpt>
			<trkpt lat="28.53620441" lon="77.26756894">
				<ele>183.9722900390625</ele>
				<time>2026-08-09T17:48:37Z</time>
				<extensions>
					<speed>0.0</speed>
				</extensions>
			</trkpt>
			<trkpt lat="28.53620441" lon="77.26756894">
				<ele>183.9722900390625</ele>
				<time>2026-08-09T17:48:38Z</time>
				<extensions>
					<speed>0.0</speed>
				</extensions>
			</trkpt>
			<trkpt lat="28.53620442" lon="77.26756895">
				<ele>183.9710693359375</ele>
				<time>2026-08-09T17:48:39Z</time>
				<extensions>
					<speed>0.0</speed>
				</extensions>
			</trkpt>
			<trkpt lat="28.53620442" lon="77.267569">
				<ele>183.97430419921875</ele>
				<time>2026-08-09T17:48:40Z</time>
				<extensions>
					<speed>0.0</speed>
				</extensions>
			</trkpt>
			<trkpt lat="28.53620443" lon="77.26756912">
				<ele>183.9893798828125</ele>
				<time>2026-08-09T17:48:41Z</time>
				<extensions>
					<speed>0.0</speed>
				</extensions>
			</trkpt>
			<trkpt lat="28.53620448" lon="77.26756947">
				<ele>184.0311279296875</ele>
				<time>2026-08-09T17:48:42Z</time>
				<extensions>
					<speed>0.0</speed>
				</extensions>
			</trkpt>
			<trkpt lat="28.53620454" lon="77.26756989">
				<ele>184.0791015625</ele>
				<time>2026-08-09T17:48:43Z</time>
				<extensions>
					<speed>0.0</speed>
				</extensions>
			</trkpt>
			<trkpt lat="28.53620459" lon="77.26757005">
				<ele>184.083984375</ele>
				<time>2026-08-09T17:48:44Z</time>
				<extensions>
					<speed>0.0</speed>
				</extensions>
			</trkpt>
			<trkpt lat="28.53620477" lon="77.26757123">
				<ele>184.37701416015625</ele>
				<time>2026-08-09T17:48:45Z</time>
				<extensions>
					<speed>0.20000000298023224</speed>
				</extensions>
			</trkpt>
			<trkpt lat="28.53620418" lon="77.26757184">
				<ele>184.41180419921875</ele>
				<time>2026-08-09T17:48:46Z</time>
				<extensions>
					<speed>0.0</speed>
				</extensions>
			</trkpt>
			<trkpt lat="28.53620409" lon="77.26757243">
				<ele>184.47418212890625</ele>
				<time>2026-08-09T17:48:47Z</time>
				<extensions>
					<speed>0.0</speed>
				</extensions>
			</trkpt>
			<trkpt lat="28.53620505" lon="77.26757108">
				<ele>184.5225830078125</ele>
				<time>2026-08-09T17:48:48Z</time>
				<extensions>
					<speed>0.27000001072883606</speed>
				</extensions>
			</trkpt>
			<trkpt lat="28.53621168" lon="77.26756631">
				<ele>184.34814453125</ele>
				<time>2026-08-09T17:48:49Z</time>
				<extensions>
					<speed>0.36000001430511475</speed>
				</extensions>
			</trkpt>
			<trkpt lat="28.53621426" lon="77.26756412">
				<ele>185.1380615234375</ele>
				<time>2026-08-09T17:48:50Z</time>
				<extensions>
					<speed>0.1899999976158142</speed>
				</extensions>
			</trkpt>
			<trkpt lat="28.53621562" lon="77.26756105">
				<ele>185.119140625</ele>
				<time>2026-08-09T17:48:51Z</time>
				<extensions>
					<speed>0.0</speed>
				</extensions>
			</trkpt>
			<trkpt lat="28.53621589" lon="77.26756053">
				<ele>185.14752197265625</ele>
				<time>2026-08-09T17:48:52Z</time>
				<extensions>
					<speed>0.0</speed>
				</extensions>
			</trkpt>
			<trkpt lat="28.53621596" lon="77.26756071">
				<ele>185.19573974609375</ele>
				<time>2026-08-09T17:48:53Z</time>
				<extensions>
					<speed>0.0</speed>
				</extensions>
			</trkpt>
			<trkpt lat="28.53621599" lon="77.26756095">
				<ele>185.2237548828125</ele>
				<time>2026-08-09T17:48:54Z</time>
				<extensions>
					<speed>0.0</speed>
				</extensions>
			</trkpt>
			<trkpt lat="28.53621601" lon="77.26756124">
				<ele>185.2545166015625</ele>
				<time>2026-08-09T17:48:55Z</time>
				<extensions>
					<speed>0.0</speed>
				</extensions>
			</trkpt>
			<trkpt lat="28.53621603" lon="77.26756155">
				<ele>185.28497314453125</ele>
				<time>2026-08-09T17:48:56Z</time>
				<extensions>
					<speed>0.0</speed>
				</extensions>
			</trkpt>
			<trkpt lat="28.53621604" lon="77.26756182">
				<ele>185.314208984375</ele>
				<time>2026-08-09T17:48:57Z</time>
				<extensions>
					<speed>0.0</speed>
				</extensions>
			</trkpt>
			<trkpt lat="28.53621608" lon="77.26756233">
				<ele>185.37591552734375</ele>
				<time>2026-08-09T17:48:58Z</time>
				<extensions>
					<speed>0.0</speed>
				</extensions>
			</trkpt>
			<trkpt lat="28.53621614" lon="77.26756288">
				<ele>185.43524169921875</ele>
				<time>2026-08-09T17:48:59Z</time>
				<extensions>
					<speed>0.0</speed>
				</extensions>
			</trkpt>
			<trkpt lat="28.53621628" lon="77.26756346">
				<ele>185.49102783203125</ele>
				<time>2026-08-09T17:49:00Z</time>
				<extensions>
					<speed>0.0</speed>
				</extensions>
			</trkpt>
			<trkpt lat="28.53621561" lon="77.26756413">
				<ele>185.8385009765625</ele>
				<time>2026-08-09T17:49:01Z</time>
				<extensions>
					<speed>0.0</speed>
				</extensions>
			</trkpt>
			<trkpt lat="28.53621502" lon="77.26756606">
				<ele>185.93902587890625</ele>
				<time>2026-08-09T17:49:02Z</time>
				<extensions>
					<speed>0.0</speed>
				</extensions>
			</trkpt>
			<trkpt lat="28.53621548" lon="77.26756459">
				<ele>186.482177734375</ele>
				<time>2026-08-09T17:49:03Z</time>
				<extensions>
					<speed>0.25</speed>
				</extensions>
			</trkpt>
			<trkpt lat="28.53621702" lon="77.26756422">
				<ele>186.56793212890625</ele>
				<time>2026-08-09T17:49:04Z</time>
				<extensions>
					<speed>0.0</speed>
				</extensions>
			</trkpt>
			<trkpt lat="28.53621753" lon="77.26756443">
				<ele>186.6033935546875</ele>
				<time>2026-08-09T17:49:05Z</time>
				<extensions>
					<speed>0.0</speed>
				</extensions>
			</trkpt>
			<trkpt lat="28.53621646" lon="77.26756366">
				<ele>186.93109130859375</ele>
				<time>2026-08-09T17:49:06Z</time>
				<extensions>
					<speed>0.20000000298023224</speed>
				</extensions>
			</trkpt>
			<trkpt lat="28.53621542" lon="77.26756456">
				<ele>187.0235595703125</ele>
				<time>2026-08-09T17:49:07Z</time>
				<extensions>
					<speed>0.0</speed>
				</extensions>
			</trkpt>
			<trkpt lat="28.53621525" lon="77.26756545">
				<ele>187.10491943359375</ele>
				<time>2026-08-09T17:49:08Z</time>
				<extensions>
					<speed>0.0</speed>
				</extensions>
			</trkpt>
			<trkpt lat="28.53621526" lon="77.26756621">
				<ele>187.1810302734375</ele>
				<time>2026-08-09T17:49:09Z</time>
				<extensions>
					<speed>0.0</speed>
				</extensions>
			</trkpt>
			<trkpt lat="28.5362153" lon="77.26756677">
				<ele>187.231201171875</ele>
				<time>2026-08-09T17:49:10Z</time>
				<extensions>
					<speed>0.0</speed>
				</extensions>
			</trkpt>
			<trkpt lat="28.53621479" lon="77.26756706">
				<ele>187.656494140625</ele>
				<time>2026-08-09T17:49:11Z</time>
				<extensions>
					<speed>0.1899999976158142</speed>
				</extensions>
			</trkpt>
			<trkpt lat="28.53621496" lon="77.26756827">
				<ele>187.6531982421875</ele>
				<time>2026-08-09T17:49:12Z</time>
				<extensions>
					<speed>0.0</speed>
				</extensions>
			</trkpt>
			<trkpt lat="28.53621502" lon="77.26756862">
				<ele>187.65533447265625</ele>
				<time>2026-08-09T17:49:13Z</time>
				<extensions>
					<speed>0.0</speed>
				</extensions>
			</trkpt>
			<trkpt lat="28.53621505" lon="77.26756906">
				<ele>187.70135498046875</ele>
				<time>2026-08-09T17:49:14Z</time>
				<extensions>
					<speed>0.0</speed>
				</extensions>
			</trkpt>
			<trkpt lat="28.53621509" lon="77.26756945">
				<ele>187.73876953125</ele>
				<time>2026-08-09T17:49:15Z</time>
				<extensions>
					<speed>0.0</speed>
				</extensions>
			</trkpt>
			<trkpt lat="28.53621514" lon="77.26757005">
				<ele>187.80926513671875</ele>
				<time>2026-08-09T17:49:16Z</time>
				<extensions>
					<speed>0.0</speed>
				</extensions>
			</trkpt>
			<trkpt lat="28.53621517" lon="77.26757049">
				<ele>187.84930419921875</ele>
				<time>2026-08-09T17:49:17Z</time>
				<extensions>
					<speed>0.0</speed>
				</extensions>
			</trkpt>
			<trkpt lat="28.53621526" lon="77.2675712">
				<ele>187.9383544921875</ele>
				<time>2026-08-09T17:49:18Z</time>
				<extensions>
					<speed>0.0</speed>
				</extensions>
			</trkpt>
			<trkpt lat="28.53621538" lon="77.26757175">
				<ele>187.988525390625</ele>
				<time>2026-08-09T17:49:19Z</time>
				<extensions>
					<speed>0.0</speed>
				</extensions>
			</trkpt>
			<trkpt lat="28.53621543" lon="77.26757218">
				<ele>188.03076171875</ele>
				<time>2026-08-09T17:49:20Z</time>
				<extensions>
					<speed>0.0</speed>
				</extensions>
			</trkpt>
			<trkpt lat="28.53621546" lon="77.26757239">
				<ele>188.05072021484375</ele>
				<time>2026-08-09T17:49:21Z</time>
				<extensions>
					<speed>0.0</speed>
				</extensions>
			</trkpt>
			<trkpt lat="28.53621549" lon="77.26757255">
				<ele>188.06640625</ele>
				<time>2026-08-09T17:49:22Z</time>
				<extensions>
					<speed>0.0</speed>
				</extensions>
			</trkpt>
			<trkpt lat="28.5362157" lon="77.26757585">
				<ele>188.397705078125</ele>
				<time>2026-08-09T17:49:23Z</time>
				<extensions>
					<speed>0.20000000298023224</speed>
				</extensions>
			</trkpt>
			<trkpt lat="28.53621635" lon="77.26757713">
				<ele>188.44110107421875</ele>
				<time>2026-08-09T17:49:24Z</time>
				<extensions>
					<speed>0.0</speed>
				</extensions>
			</trkpt>
			<trkpt lat="28.53621647" lon="77.26757752">
				<ele>188.80487060546875</ele>
				<time>2026-08-09T17:49:25Z</time>
				<extensions>
					<speed>0.0</speed>
				</extensions>
			</trkpt>
			<trkpt lat="28.53621681" lon="77.26758029">
				<ele>188.5797119140625</ele>
				<time>2026-08-09T17:49:26Z</time>
				<extensions>
					<speed>0.27000001072883606</speed>
				</extensions>
			</trkpt>
			<trkpt lat="28.53621618" lon="77.26758282">
				<ele>188.300537109375</ele>
				<time>2026-08-09T17:49:27Z</time>
				<extensions>
					<speed>0.25</speed>
				</extensions>
			</trkpt>
			<trkpt lat="28.53621491" lon="77.26758672">
				<ele>188.30584716796875</ele>
				<time>2026-08-09T17:49:28Z</time>
				<extensions>
					<speed>0.41999998688697815</speed>
				</extensions>
			</trkpt>
			<trkpt lat="28.53621386" lon="77.26759278">
				<ele>188.3121337890625</ele>
				<time>2026-08-09T17:49:29Z</time>
				<extensions>
					<speed>0.5699999928474426</speed>
				</extensions>
			</trkpt>
			<trkpt lat="28.53621215" lon="77.2675994">
				<ele>188.3587646484375</ele>
				<time>2026-08-09T17:49:30Z</time>
				<extensions>
					<speed>0.6200000047683716</speed>
				</extensions>
			</trkpt>
			<trkpt lat="28.53620995" lon="77.26760599">
				<ele>188.281982421875</ele>
				<time>2026-08-09T17:49:31Z</time>
				<extensions>
					<speed>0.6100000143051147</speed>
				</extensions>
			</trkpt>
			<trkpt lat="28.53620718" lon="77.26761399">
				<ele>188.46649169921875</ele>
				<time>2026-08-09T17:49:32Z</time>
				<extensions>
					<speed>0.7599999904632568</speed>
				</extensions>
			</trkpt>
			<trkpt lat="28.53620442" lon="77.26762167">
				<ele>189.00830078125</ele>
				<time>2026-08-09T17:49:33Z</time>
				<extensions>
					<speed>0.7400000095367432</speed>
				</extensions>
			</trkpt>
			<trkpt lat="28.53620305" lon="77.26762643">
				<ele>189.38104248046875</ele>
				<time>2026-08-09T17:49:34Z</time>
				<extensions>
					<speed>0.0</speed>
				</extensions>
			</trkpt>
			<trkpt lat="28.53620245" lon="77.26762929">
				<ele>189.36114501953125</ele>
				<time>2026-08-09T17:49:35Z</time>
				<extensions>
					<speed>0.0</speed>
				</extensions>
			</trkpt>
			<trkpt lat="28.53620234" lon="77.26763011">
				<ele>189.38824462890625</ele>
				<time>2026-08-09T17:49:36Z</time>
				<extensions>
					<speed>0.0</speed>
				</extensions>
			</trkpt>
			<trkpt lat="28.53620235" lon="77.26763056">
				<ele>189.4268798828125</ele>
				<time>2026-08-09T17:49:37Z</time>
				<extensions>
					<speed>0.0</speed>
				</extensions>
			</trkpt>
			<trkpt lat="28.53620238" lon="77.26763085">
				<ele>189.4599609375</ele>
				<time>2026-08-09T17:49:38Z</time>
				<extensions>
					<speed>0.0</speed>
				</extensions>
			</trkpt>
			<trkpt lat="28.5362024" lon="77.26763111">
				<ele>189.492919921875</ele>
				<time>2026-08-09T17:49:39Z</time>
				<extensions>
					<speed>0.0</speed>
				</extensions>
			</trkpt>
			<trkpt lat="28.53620243" lon="77.26763142">
				<ele>189.53216552734375</ele>
				<time>2026-08-09T17:49:40Z</time>
				<extensions>
					<speed>0.0</speed>
				</extensions>
			</trkpt>
			<trkpt lat="28.53620248" lon="77.26763172">
				<ele>189.56903076171875</ele>
				<time>2026-08-09T17:49:41Z</time>
				<extensions>
					<speed>0.0</speed>
				</extensions>
			</trkpt>
			<trkpt lat="28.53620252" lon="77.267632">
				<ele>189.6015625</ele>
				<time>2026-08-09T17:49:42Z</time>
				<extensions>
					<speed>0.0</speed>
				</extensions>
			</trkpt>
			<trkpt lat="28.53620254" lon="77.26763231">
				<ele>189.64117431640625</ele>
				<time>2026-08-09T17:49:43Z</time>
				<extensions>
					<speed>0.0</speed>
				</extensions>
			</trkpt>
			<trkpt lat="28.53620259" lon="77.26763261">
				<ele>189.6778564453125</ele>
				<time>2026-08-09T17:49:44Z</time>
				<extensions>
					<speed>0.0</speed>
				</extensions>
			</trkpt>
			<trkpt lat="28.53620264" lon="77.26763286">
				<ele>189.7081298828125</ele>
				<time>2026-08-09T17:49:45Z</time>
				<extensions>
					<speed>0.0</speed>
				</extensions>
			</trkpt>
			<trkpt lat="28.53620267" lon="77.26763307">
				<ele>189.73590087890625</ele>
				<time>2026-08-09T17:49:46Z</time>
				<extensions>
					<speed>0.0</speed>
				</extensions>
			</trkpt>
			<trkpt lat="28.53620268" lon="77.26763333">
				<ele>189.77252197265625</ele>
				<time>2026-08-09T17:49:47Z</time>
				<extensions>
					<speed>0.0</speed>
				</extensions>
			</trkpt>
			<trkpt lat="28.53620271" lon="77.26763355">
				<ele>189.80242919921875</ele>
				<time>2026-08-09T17:49:48Z</time>
				<extensions>
					<speed>0.0</speed>
				</extensions>
			</trkpt>
			<trkpt lat="28.53620275" lon="77.2676338">
				<ele>189.8404541015625</ele>
				<time>2026-08-09T17:49:49Z</time>
				<extensions>
					<speed>0.0</speed>
				</extensions>
			</trkpt>
			<trkpt lat="28.53620278" lon="77.26763398">
				<ele>189.865234375</ele>
				<time>2026-08-09T17:49:50Z</time>
				<extensions>
					<speed>0.0</speed>
				</extensions>
			</trkpt>
			<trkpt lat="28.53620281" lon="77.26763412">
				<ele>189.886962890625</ele>
				<time>2026-08-09T17:49:51Z</time>
				<extensions>
					<speed>0.0</speed>
				</extensions>
			</trkpt>
			<trkpt lat="28.53620285" lon="77.26763423">
				<ele>189.9014892578125</ele>
				<time>2026-08-09T17:49:52Z</time>
				<extensions>
					<speed>0.0</speed>
				</extensions>
			</trkpt>
			<trkpt lat="28.53620287" lon="77.26763435">
				<ele>189.92010498046875</ele>
				<time>2026-08-09T17:49:53Z</time>
				<extensions>
					<speed>0.0</speed>
				</extensions>
			</trkpt>
			<trkpt lat="28.53620292" lon="77.26763452">
				<ele>189.94873046875</ele>
				<time>2026-08-09T17:49:54Z</time>
				<extensions>
					<speed>0.0</speed>
				</extensions>
			</trkpt>
			<trkpt lat="28.53620295" lon="77.26763468">
				<ele>189.9716796875</ele>
				<time>2026-08-09T17:49:55Z</time>
				<extensions>
					<speed>0.0</speed>
				</extensions>
			</trkpt>
			<trkpt lat="28.53620299" lon="77.26763485">
				<ele>189.991455078125</ele>
				<time>2026-08-09T17:49:56Z</time>
				<extensions>
					<speed>0.0</speed>
				</extensions>
			</trkpt>
			<trkpt lat="28.53620301" lon="77.26763507">
				<ele>190.0186767578125</ele>
				<time>2026-08-09T17:49:57Z</time>
				<extensions>
					<speed>0.0</speed>
				</extensions>
			</trkpt>
			<trkpt lat="28.53620303" lon="77.26763526">
				<ele>190.04437255859375</ele>
				<time>2026-08-09T17:49:58Z</time>
				<extensions>
					<speed>0.0</speed>
				</extensions>
			</trkpt>
			<trkpt lat="28.53620304" lon="77.26763539">
				<ele>190.05694580078125</ele>
				<time>2026-08-09T17:49:59Z</time>
				<extensions>
					<speed>0.0</speed>
				</extensions>
			</trkpt>
			<trkpt lat="28.53620307" lon="77.26763558">
				<ele>190.085205078125</ele>
				<time>2026-08-09T17:50:00Z</time>
				<extensions>
					<speed>0.0</speed>
				</extensions>
			</trkpt>
			<trkpt lat="28.53620308" lon="77.26763577">
				<ele>190.1072998046875</ele>
				<time>2026-08-09T17:50:01Z</time>
				<extensions>
					<speed>0.0</speed>
				</extensions>
			</trkpt>
			<trkpt lat="28.53620143" lon="77.26763556">
				<ele>190.68896484375</ele>
				<time>2026-08-09T17:50:02Z</time>
				<extensions>
					<speed>0.18000000715255737</speed>
				</extensions>
			</trkpt>
			<trkpt lat="28.53620057" lon="77.26763455">
				<ele>190.74530029296875</ele>
				<time>2026-08-09T17:50:03Z</time>
				<extensions>
					<speed>0.0</speed>
				</extensions>
			</trkpt>
			<trkpt lat="28.53620044" lon="77.26763438">
				<ele>190.76446533203125</ele>
				<time>2026-08-09T17:50:04Z</time>
				<extensions>
					<speed>0.0</speed>
				</extensions>
			</trkpt>
			<trkpt lat="28.53620042" lon="77.26763448">
				<ele>190.7869873046875</ele>
				<time>2026-08-09T17:50:05Z</time>
				<extensions>
					<speed>0.0</speed>
				</extensions>
			</trkpt>
			<trkpt lat="28.53620043" lon="77.26763472">
				<ele>190.8214111328125</ele>
				<time>2026-08-09T17:50:06Z</time>
				<extensions>
					<speed>0.0</speed>
				</extensions>
			</trkpt>
			<trkpt lat="28.53620046" lon="77.26763502">
				<ele>190.85888671875</ele>
				<time>2026-08-09T17:50:07Z</time>
				<extensions>
					<speed>0.0</speed>
				</extensions>
			</trkpt>
			<trkpt lat="28.53620051" lon="77.26763452">
				<ele>190.95281982421875</ele>
				<time>2026-08-09T17:50:08Z</time>
				<extensions>
					<speed>0.0</speed>
				</extensions>
			</trkpt>
			<trkpt lat="28.53620205" lon="77.26763217">
				<ele>190.4027099609375</ele>
				<time>2026-08-09T17:50:09Z</time>
				<extensions>
					<speed>0.0</speed>
				</extensions>
			</trkpt>
			<trkpt lat="28.5362025" lon="77.26762976">
				<ele>190.2392578125</ele>
				<time>2026-08-09T17:50:10Z</time>
				<extensions>
					<speed>0.0</speed>
				</extensions>
			</trkpt>
			<trkpt lat="28.53620202" lon="77.26762609">
				<ele>190.278564453125</ele>
				<time>2026-08-09T17:50:11Z</time>
				<extensions>
					<speed>0.0</speed>
				</extensions>
			</trkpt>
			<trkpt lat="28.53620193" lon="77.26762536">
				<ele>190.30841064453125</ele>
				<time>2026-08-09T17:50:12Z</time>
				<extensions>
					<speed>0.0</speed>
				</extensions>
			</trkpt>
			<trkpt lat="28.53620189" lon="77.26762538">
				<ele>190.340087890625</ele>
				<time>2026-08-09T17:50:13Z</time>
				<extensions>
					<speed>0.0</speed>
				</extensions>
			</trkpt>
			<trkpt lat="28.53619923" lon="77.26762178">
				<ele>190.41888427734375</ele>
				<time>2026-08-09T17:50:14Z</time>
				<extensions>
					<speed>0.38999998569488525</speed>
				</extensions>
			</trkpt>
			<trkpt lat="28.53619872" lon="77.26762036">
				<ele>190.4344482421875</ele>
				<time>2026-08-09T17:50:15Z</time>
				<extensions>
					<speed>0.0</speed>
				</extensions>
			</trkpt>
			<trkpt lat="28.53619857" lon="77.26762011">
				<ele>190.4420166015625</ele>
				<time>2026-08-09T17:50:16Z</time>
				<extensions>
					<speed>0.0</speed>
				</extensions>
			</trkpt>
			<trkpt lat="28.53619845" lon="77.26762">
				<ele>190.44537353515625</ele>
				<time>2026-08-09T17:50:17Z</time>
				<extensions>
					<speed>0.0</speed>
				</extensions>
			</trkpt>
			<trkpt lat="28.53619837" lon="77.26761995">
				<ele>190.447265625</ele>
				<time>2026-08-09T17:50:18Z</time>
				<extensions>
					<speed>0.0</speed>
				</extensions>
			</trkpt>
			<trkpt lat="28.53619833" lon="77.26762006">
				<ele>190.4696044921875</ele>
				<time>2026-08-09T17:50:19Z</time>
				<extensions>
					<speed>0.0</speed>
				</extensions>
			</trkpt>
			<trkpt lat="28.5361983" lon="77.26762019">
				<ele>190.4927978515625</ele>
				<time>2026-08-09T17:50:20Z</time>
				<extensions>
					<speed>0.0</speed>
				</extensions>
			</trkpt>
			<trkpt lat="28.53619828" lon="77.26762034">
				<ele>190.5079345703125</ele>
				<time>2026-08-09T17:50:21Z</time>
				<extensions>
					<speed>0.0</speed>
				</extensions>
			</trkpt>
			<trkpt lat="28.53619826" lon="77.26762045">
				<ele>190.5198974609375</ele>
				<time>2026-08-09T17:50:22Z</time>
				<extensions>
					<speed>0.0</speed>
				</extensions>
			</trkpt>
			<trkpt lat="28.53619825" lon="77.26762057">
				<ele>190.536865234375</ele>
				<time>2026-08-09T17:50:23Z</time>
				<extensions>
					<speed>0.0</speed>
				</extensions>
			</trkpt>
			<trkpt lat="28.53619824" lon="77.26762069">
				<ele>190.5537109375</ele>
				<time>2026-08-09T17:50:24Z</time>
				<extensions>
					<speed>0.0</speed>
				</extensions>
			</trkpt>
			<trkpt lat="28.53619823" lon="77.26762082">
				<ele>190.57379150390625</ele>
				<time>2026-08-09T17:50:25Z</time>
				<extensions>
					<speed>0.0</speed>
				</extensions>
			</trkpt>
			<trkpt lat="28.53619822" lon="77.26762095">
				<ele>190.5963134765625</ele>
				<time>2026-08-09T17:50:26Z</time>
				<extensions>
					<speed>0.0</speed>
				</extensions>
			</trkpt>
			<trkpt lat="28.5361982" lon="77.26762099">
				<ele>190.5989990234375</ele>
				<time>2026-08-09T17:50:27Z</time>
				<extensions>
					<speed>0.0</speed>
				</extensions>
			</trkpt>
			<trkpt lat="28.53619821" lon="77.26762114">
				<ele>190.62042236328125</ele>
				<time>2026-08-09T17:50:28Z</time>
				<extensions>
					<speed>0.0</speed>
				</extensions>
			</trkpt>
			<trkpt lat="28.53619821" lon="77.26762119">
				<ele>190.61944580078125</ele>
				<time>2026-08-09T17:50:29Z</time>
				<extensions>
					<speed>0.0</speed>
				</extensions>
			</trkpt>
			<trkpt lat="28.5361982" lon="77.26762126">
				<ele>190.63018798828125</ele>
				<time>2026-08-09T17:50:30Z</time>
				<extensions>
					<speed>0.0</speed>
				</extensions>
			</trkpt>
			<trkpt lat="28.53619817" lon="77.26762128">
				<ele>190.629638671875</ele>
				<time>2026-08-09T17:50:31Z</time>
				<extensions>
					<speed>0.0</speed>
				</extensions>
			</trkpt>
			<trkpt lat="28.53619813" lon="77.26762126">
				<ele>190.6314697265625</ele>
				<time>2026-08-09T17:50:32Z</time>
				<extensions>
					<speed>0.0</speed>
				</extensions>
			</trkpt>
			<trkpt lat="28.53619809" lon="77.26762123">
				<ele>190.6295166015625</ele>
				<time>2026-08-09T17:50:33Z</time>
				<extensions>
					<speed>0.0</speed>
				</extensions>
			</trkpt>
			<trkpt lat="28.53619803" lon="77.26762121">
				<ele>190.6287841796875</ele>
				<time>2026-08-09T17:50:34Z</time>
				<extensions>
					<speed>0.0</speed>
				</extensions>
			</trkpt>
			<trkpt lat="28.536198" lon="77.2676212">
				<ele>190.627685546875</ele>
				<time>2026-08-09T17:50:35Z</time>
				<extensions>
					<speed>0.0</speed>
				</extensions>
			</trkpt>
			<trkpt lat="28.53619797" lon="77.26762123">
				<ele>190.6259765625</ele>
				<time>2026-08-09T17:50:36Z</time>
				<extensions>
					<speed>0.0</speed>
				</extensions>
			</trkpt>
			<trkpt lat="28.53619794" lon="77.26762125">
				<ele>190.624755859375</ele>
				<time>2026-08-09T17:50:37Z</time>
				<extensions>
					<speed>0.0</speed>
				</extensions>
			</trkpt>
			<trkpt lat="28.53619791" lon="77.26762128">
				<ele>190.62255859375</ele>
				<time>2026-08-09T17:50:38Z</time>
				<extensions>
					<speed>0.0</speed>
				</extensions>
			</trkpt>
			<trkpt lat="28.53619787" lon="77.26762128">
				<ele>190.62127685546875</ele>
				<time>2026-08-09T17:50:39Z</time>
				<extensions>
					<speed>0.0</speed>
				</extensions>
			</trkpt>
			<trkpt lat="28.53619786" lon="77.2676213">
				<ele>190.6180419921875</ele>
				<time>2026-08-09T17:50:40Z</time>
				<extensions>
					<speed>0.0</speed>
				</extensions>
			</trkpt>
			<trkpt lat="28.53619781" lon="77.26762132">
				<ele>190.61370849609375</ele>
				<time>2026-08-09T17:50:41Z</time>
				<extensions>
					<speed>0.0</speed>
				</extensions>
			</trkpt>
			<trkpt lat="28.53619778" lon="77.26762133">
				<ele>190.61517333984375</ele>
				<time>2026-08-09T17:50:42Z</time>
				<extensions>
					<speed>0.0</speed>
				</extensions>
			</trkpt>
			<trkpt lat="28.53619622" lon="77.26761937">
				<ele>190.25738525390625</ele>
				<time>2026-08-09T17:50:43Z</time>
				<extensions>
					<speed>0.2800000011920929</speed>
				</extensions>
			</trkpt>
			<trkpt lat="28.53619609" lon="77.26761831">
				<ele>190.16595458984375</ele>
				<time>2026-08-09T17:50:44Z</time>
				<extensions>
					<speed>0.0</speed>
				</extensions>
			</trkpt>
			<trkpt lat="28.53619754" lon="77.26761669">
				<ele>189.83831787109375</ele>
				<time>2026-08-09T17:50:45Z</time>
				<extensions>
					<speed>0.0</speed>
				</extensions>
			</trkpt>
			<trkpt lat="28.53619772" lon="77.26761639">
				<ele>189.84332275390625</ele>
				<time>2026-08-09T17:50:46Z</time>
				<extensions>
					<speed>0.0</speed>
				</extensions>
			</trkpt>
			<trkpt lat="28.53619773" lon="77.26761634">
				<ele>189.8433837890625</ele>
				<time>2026-08-09T17:50:47Z</time>
				<extensions>
					<speed>0.0</speed>
				</extensions>
			</trkpt>
			<trkpt lat="28.5361977" lon="77.26761632">
				<ele>189.84405517578125</ele>
				<time>2026-08-09T17:50:48Z</time>
				<extensions>
					<speed>0.0</speed>
				</extensions>
			</trkpt>
			<trkpt lat="28.53619766" lon="77.26761633">
				<ele>189.84326171875</ele>
				<time>2026-08-09T17:50:49Z</time>
				<extensions>
					<speed>0.0</speed>
				</extensions>
			</trkpt>
			<trkpt lat="28.53619763" lon="77.26761635">
				<ele>189.842041015625</ele>
				<time>2026-08-09T17:50:50Z</time>
				<extensions>
					<speed>0.0</speed>
				</extensions>
			</trkpt>
			<trkpt lat="28.53619761" lon="77.26761637">
				<ele>189.8397216796875</ele>
				<time>2026-08-09T17:50:51Z</time>
				<extensions>
					<speed>0.0</speed>
				</extensions>
			</trkpt>
			<trkpt lat="28.53619759" lon="77.26761649">
				<ele>189.85400390625</ele>
				<time>2026-08-09T17:50:52Z</time>
				<extensions>
					<speed>0.0</speed>
				</extensions>
			</trkpt>
			<trkpt lat="28.53619756" lon="77.26761654">
				<ele>189.85430908203125</ele>
				<time>2026-08-09T17:50:53Z</time>
				<extensions>
					<speed>0.0</speed>
				</extensions>
			</trkpt>
			<trkpt lat="28.53619754" lon="77.26761659">
				<ele>189.854736328125</ele>
				<time>2026-08-09T17:50:54Z</time>
				<extensions>
					<speed>0.0</speed>
				</extensions>
			</trkpt>
			<trkpt lat="28.53619753" lon="77.26761662">
				<ele>189.85369873046875</ele>
				<time>2026-08-09T17:50:55Z</time>
				<extensions>
					<speed>0.0</speed>
				</extensions>
			</trkpt>
			<trkpt lat="28.53619753" lon="77.26761667">
				<ele>189.850341796875</ele>
				<time>2026-08-09T17:50:56Z</time>
				<extensions>
					<speed>0.0</speed>
				</extensions>
			</trkpt>
			<trkpt lat="28.53619753" lon="77.2676167">
				<ele>189.850830078125</ele>
				<time>2026-08-09T17:50:57Z</time>
				<extensions>
					<speed>0.0</speed>
				</extensions>
			</trkpt>
			<trkpt lat="28.53619754" lon="77.26761688">
				<ele>189.873291015625</ele>
				<time>2026-08-09T17:50:58Z</time>
				<extensions>
					<speed>0.0</speed>
				</extensions>
			</trkpt>
			<trkpt lat="28.53619756" lon="77.26761696">
				<ele>189.87371826171875</ele>
				<time>2026-08-09T17:50:59Z</time>
				<extensions>
					<speed>0.0</speed>
				</extensions>
			</trkpt>
			<trkpt lat="28.53619757" lon="77.26761701">
				<ele>189.87811279296875</ele>
				<time>2026-08-09T17:51:00Z</time>
				<extensions>
					<speed>0.0</speed>
				</extensions>
			</trkpt>
			<trkpt lat="28.53619757" lon="77.26761703">
				<ele>189.87884521484375</ele>
				<time>2026-08-09T17:51:01Z</time>
				<extensions>
					<speed>0.0</speed>
				</extensions>
			</trkpt>
			<trkpt lat="28.53619755" lon="77.26761704">
				<ele>189.87677001953125</ele>
				<time>2026-08-09T17:51:02Z</time>
				<extensions>
					<speed>0.0</speed>
				</extensions>
			</trkpt>
			<trkpt lat="28.53619754" lon="77.26761704">
				<ele>189.874267578125</ele>
				<time>2026-08-09T17:51:03Z</time>
				<extensions>
					<speed>0.0</speed>
				</extensions>
			</trkpt>
			<trkpt lat="28.53619752" lon="77.26761704">
				<ele>189.8736572265625</ele>
				<time>2026-08-09T17:51:04Z</time>
				<extensions>
					<speed>0.0</speed>
				</extensions>
			</trkpt>
			<trkpt lat="28.53619675" lon="77.26761464">
				<ele>189.5616455078125</ele>
				<time>2026-08-09T17:51:05Z</time>
				<extensions>
					<speed>0.28999999165534973</speed>
				</extensions>
			</trkpt>
			<trkpt lat="28.536196" lon="77.26761459">
				<ele>189.566650390625</ele>
				<time>2026-08-09T17:51:06Z</time>
				<extensions>
					<speed>0.0</speed>
				</extensions>
			</trkpt>
			<trkpt lat="28.53619583" lon="77.26761472">
				<ele>189.565673828125</ele>
				<time>2026-08-09T17:51:07Z</time>
				<extensions>
					<speed>0.0</speed>
				</extensions>
			</trkpt>
			<trkpt lat="28.53619576" lon="77.26761476">
				<ele>189.5645751953125</ele>
				<time>2026-08-09T17:51:08Z</time>
				<extensions>
					<speed>0.0</speed>
				</extensions>
			</trkpt>
			<trkpt lat="28.53619571" lon="77.26761477">
				<ele>189.5621337890625</ele>
				<time>2026-08-09T17:51:09Z</time>
				<extensions>
					<speed>0.0</speed>
				</extensions>
			</trkpt>
			<trkpt lat="28.53619567" lon="77.26761476">
				<ele>189.56121826171875</ele>
				<time>2026-08-09T17:51:10Z</time>
				<extensions>
					<speed>0.0</speed>
				</extensions>
			</trkpt>
			<trkpt lat="28.53619565" lon="77.26761477">
				<ele>189.56005859375</ele>
				<time>2026-08-09T17:51:11Z</time>
				<extensions>
					<speed>0.0</speed>
				</extensions>
			</trkpt>
			<trkpt lat="28.53619563" lon="77.26761476">
				<ele>189.5582275390625</ele>
				<time>2026-08-09T17:51:12Z</time>
				<extensions>
					<speed>0.0</speed>
				</extensions>
			</trkpt>
			<trkpt lat="28.5361956" lon="77.26761478">
				<ele>189.5579833984375</ele>
				<time>2026-08-09T17:51:13Z</time>
				<extensions>
					<speed>0.0</speed>
				</extensions>
			</trkpt>
			<trkpt lat="28.53619557" lon="77.26761479">
				<ele>189.556396484375</ele>
				<time>2026-08-09T17:51:14Z</time>
				<extensions>
					<speed>0.0</speed>
				</extensions>
			</trkpt>
			<trkpt lat="28.53619556" lon="77.26761494">
				<ele>189.57635498046875</ele>
				<time>2026-08-09T17:51:15Z</time>
				<extensions>
					<speed>0.0</speed>
				</extensions>
			</trkpt>
			<trkpt lat="28.53619556" lon="77.26761512">
				<ele>189.59466552734375</ele>
				<time>2026-08-09T17:51:16Z</time>
				<extensions>
					<speed>0.0</speed>
				</extensions>
			</trkpt>
			<trkpt lat="28.53619556" lon="77.26761517">
				<ele>189.59283447265625</ele>
				<time>2026-08-09T17:51:17Z</time>
				<extensions>
					<speed>0.0</speed>
				</extensions>
			</trkpt>
			<trkpt lat="28.53619558" lon="77.26761542">
				<ele>189.62286376953125</ele>
				<time>2026-08-09T17:51:18Z</time>
				<extensions>
					<speed>0.0</speed>
				</extensions>
			</trkpt>
			<trkpt lat="28.5361956" lon="77.26761566">
				<ele>189.6480712890625</ele>
				<time>2026-08-09T17:51:19Z</time>
				<extensions>
					<speed>0.0</speed>
				</extensions>
			</trkpt>
			<trkpt lat="28.53619635" lon="77.26761467">
				<ele>189.170166015625</ele>
				<time>2026-08-09T17:51:20Z</time>
				<extensions>
					<speed>0.0</speed>
				</extensions>
			</trkpt>
			<trkpt lat="28.53619716" lon="77.26761514">
				<ele>189.1654052734375</ele>
				<time>2026-08-09T17:51:21Z</time>
				<extensions>
					<speed>0.0</speed>
				</extensions>
			</trkpt>
			<trkpt lat="28.53619733" lon="77.26761543">
				<ele>189.181884765625</ele>
				<time>2026-08-09T17:51:22Z</time>
				<extensions>
					<speed>0.0</speed>
				</extensions>
			</trkpt>
			<trkpt lat="28.53619658" lon="77.26761602">
				<ele>189.443115234375</ele>
				<time>2026-08-09T17:51:23Z</time>
				<extensions>
					<speed>0.17000000178813934</speed>
				</extensions>
			</trkpt>
			<trkpt lat="28.53619534" lon="77.26761666">
				<ele>189.4593505859375</ele>
				<time>2026-08-09T17:51:24Z</time>
				<extensions>
					<speed>0.0</speed>
				</extensions>
			</trkpt>
			<trkpt lat="28.53619505" lon="77.26761691">
				<ele>189.4735107421875</ele>
				<time>2026-08-09T17:51:25Z</time>
				<extensions>
					<speed>0.0</speed>
				</extensions>
			</trkpt>
			<trkpt lat="28.53619495" lon="77.26761697">
				<ele>189.47454833984375</ele>
				<time>2026-08-09T17:51:26Z</time>
				<extensions>
					<speed>0.0</speed>
				</extensions>
			</trkpt>
			<trkpt lat="28.53619362" lon="77.26761543">
				<ele>189.764892578125</ele>
				<time>2026-08-09T17:51:27Z</time>
				<extensions>
					<speed>0.17000000178813934</speed>
				</extensions>
			</trkpt>
			<trkpt lat="28.53619523" lon="77.26761131">
				<ele>190.0430908203125</ele>
				<time>2026-08-09T17:51:28Z</time>
				<extensions>
					<speed>0.4099999964237213</speed>
				</extensions>
			</trkpt>
			<trkpt lat="28.53619669" lon="77.26761096">
				<ele>190.086181640625</ele>
				<time>2026-08-09T17:51:29Z</time>
				<extensions>
					<speed>0.0</speed>
				</extensions>
			</trkpt>
			<trkpt lat="28.53619681" lon="77.26761037">
				<ele>189.99053955078125</ele>
				<time>2026-08-09T17:51:30Z</time>
				<extensions>
					<speed>0.0</speed>
				</extensions>
			</trkpt>
			<trkpt lat="28.53619658" lon="77.26761058">
				<ele>189.86444091796875</ele>
				<time>2026-08-09T17:51:31Z</time>
				<extensions>
					<speed>0.15000000596046448</speed>
				</extensions>
			</trkpt>
			<trkpt lat="28.53619528" lon="77.26761058">
				<ele>190.0068359375</ele>
				<time>2026-08-09T17:51:32Z</time>
				<extensions>
					<speed>0.1599999964237213</speed>
				</extensions>
			</trkpt>
			<trkpt lat="28.53619225" lon="77.26760943">
				<ele>190.504638671875</ele>
				<time>2026-08-09T17:51:33Z</time>
				<extensions>
					<speed>0.20000000298023224</speed>
				</extensions>
			</trkpt>
			<trkpt lat="28.53618616" lon="77.26760971">
				<ele>190.833251953125</ele>
				<time>2026-08-09T17:51:34Z</time>
				<extensions>
					<speed>0.3700000047683716</speed>
				</extensions>
			</trkpt>
			<trkpt lat="28.53617323" lon="77.26761371">
				<ele>190.5635986328125</ele>
				<time>2026-08-09T17:51:35Z</time>
				<extensions>
					<speed>1.2699999809265137</speed>
				</extensions>
			</trkpt>
			<trkpt lat="28.53616824" lon="77.26761399">
				<ele>190.454833984375</ele>
				<time>2026-08-09T17:51:36Z</time>
				<extensions>
					<speed>0.38999998569488525</speed>
				</extensions>
			</trkpt>
			<trkpt lat="28.53616906" lon="77.26761223">
				<ele>190.6444091796875</ele>
				<time>2026-08-09T17:51:37Z</time>
				<extensions>
					<speed>0.0</speed>
				</extensions>
			</trkpt>
			<trkpt lat="28.53616946" lon="77.2676117">
				<ele>190.64154052734375</ele>
				<time>2026-08-09T17:51:38Z</time>
				<extensions>
					<speed>0.0</speed>
				</extensions>
			</trkpt>
			<trkpt lat="28.53617402" lon="77.26759976">
				<ele>190.5135498046875</ele>
				<time>2026-08-09T17:51:39Z</time>
				<extensions>
					<speed>1.3799999952316284</speed>
				</extensions>
			</trkpt>
			<trkpt lat="28.53617759" lon="77.26759897">
				<ele>190.543212890625</ele>
				<time>2026-08-09T17:51:40Z</time>
				<extensions>
					<speed>0.0</speed>
				</extensions>
			</trkpt>
			<trkpt lat="28.53617824" lon="77.26759936">
				<ele>190.5421142578125</ele>
				<time>2026-08-09T17:51:41Z</time>
				<extensions>
					<speed>0.0</speed>
				</extensions>
			</trkpt>
			<trkpt lat="28.53617844" lon="77.26759941">
				<ele>190.54193115234375</ele>
				<time>2026-08-09T17:51:42Z</time>
				<extensions>
					<speed>0.0</speed>
				</extensions>
			</trkpt>
			<trkpt lat="28.5361785" lon="77.26759937">
				<ele>190.5391845703125</ele>
				<time>2026-08-09T17:51:43Z</time>
				<extensions>
					<speed>0.0</speed>
				</extensions>
			</trkpt>
			<trkpt lat="28.53617853" lon="77.26759957">
				<ele>190.5833740234375</ele>
				<time>2026-08-09T17:51:44Z</time>
				<extensions>
					<speed>0.0</speed>
				</extensions>
			</trkpt>
			<trkpt lat="28.53618038" lon="77.26760021">
				<ele>190.69598388671875</ele>
				<time>2026-08-09T17:51:45Z</time>
				<extensions>
					<speed>0.20000000298023224</speed>
				</extensions>
			</trkpt>
			<trkpt lat="28.53618206" lon="77.26759859">
				<ele>190.4632568359375</ele>
				<time>2026-08-09T17:51:46Z</time>
				<extensions>
					<speed>0.1899999976158142</speed>
				</extensions>
			</trkpt>
			<trkpt lat="28.53618242" lon="77.26759838">
				<ele>190.44793701171875</ele>
				<time>2026-08-09T17:51:47Z</time>
				<extensions>
					<speed>0.0</speed>
				</extensions>
			</trkpt>
			<trkpt lat="28.53618242" lon="77.26759836">
				<ele>190.44775390625</ele>
				<time>2026-08-09T17:51:48Z</time>
				<extensions>
					<speed>0.0</speed>
				</extensions>
			</trkpt>
			<trkpt lat="28.53618241" lon="77.26759835">
				<ele>190.447265625</ele>
				<time>2026-08-09T17:51:49Z</time>
				<extensions>
					<speed>0.0</speed>
				</extensions>
			</trkpt>
			<trkpt lat="28.5361824" lon="77.26759834">
				<ele>190.4481201171875</ele>
				<time>2026-08-09T17:51:50Z</time>
				<extensions>
					<speed>0.0</speed>
				</extensions>
			</trkpt>
			<trkpt lat="28.5361824" lon="77.26759832">
				<ele>190.4443359375</ele>
				<time>2026-08-09T17:51:51Z</time>
				<extensions>
					<speed>0.0</speed>
				</extensions>
			</trkpt>
			<trkpt lat="28.53618239" lon="77.2675983">
				<ele>190.4422607421875</ele>
				<time>2026-08-09T17:51:52Z</time>
				<extensions>
					<speed>0.0</speed>
				</extensions>
			</trkpt>
			<trkpt lat="28.5361739" lon="77.26760663">
				<ele>190.2589111328125</ele>
				<time>2026-08-09T17:51:53Z</time>
				<extensions>
					<speed>1.7200000286102295</speed>
				</extensions>
			</trkpt>
			<trkpt lat="28.53617069" lon="77.26760954">
				<ele>190.25982666015625</ele>
				<time>2026-08-09T17:51:54Z</time>
				<extensions>
					<speed>0.0</speed>
				</extensions>
			</trkpt>
			<trkpt lat="28.53617046" lon="77.26760966">
				<ele>190.25823974609375</ele>
				<time>2026-08-09T17:51:55Z</time>
				<extensions>
					<speed>0.0</speed>
				</extensions>
			</trkpt>
			<trkpt lat="28.53617038" lon="77.26760967">
				<ele>190.25634765625</ele>
				<time>2026-08-09T17:51:56Z</time>
				<extensions>
					<speed>0.0</speed>
				</extensions>
			</trkpt>
			<trkpt lat="28.5361713" lon="77.26760854">
				<ele>190.269775390625</ele>
				<time>2026-08-09T17:51:57Z</time>
				<extensions>
					<speed>0.23000000417232513</speed>
				</extensions>
			</trkpt>
			<trkpt lat="28.53617863" lon="77.26760503">
				<ele>190.00830078125</ele>
				<time>2026-08-09T17:51:58Z</time>
				<extensions>
					<speed>0.8299999833106995</speed>
				</extensions>
			</trkpt>
			<trkpt lat="28.53619125" lon="77.2676005">
				<ele>189.8148193359375</ele>
				<time>2026-08-09T17:51:59Z</time>
				<extensions>
					<speed>1.2799999713897705</speed>
				</extensions>
			</trkpt>
			<trkpt lat="28.53620216" lon="77.26759748">
				<ele>190.107421875</ele>
				<time>2026-08-09T17:52:00Z</time>
				<extensions>
					<speed>1.100000023841858</speed>
				</extensions>
			</trkpt>
			<trkpt lat="28.53622005" lon="77.26759415">
				<ele>190.17083740234375</ele>
				<time>2026-08-09T17:52:01Z</time>
				<extensions>
					<speed>1.9299999475479126</speed>
				</extensions>
			</trkpt>
			<trkpt lat="28.53624112" lon="77.26758844">
				<ele>189.8333740234375</ele>
				<time>2026-08-09T17:52:02Z</time>
				<extensions>
					<speed>2.2699999809265137</speed>
				</extensions>
			</trkpt>
			<trkpt lat="28.5362579" lon="77.26758154">
				<ele>189.42205810546875</ele>
				<time>2026-08-09T17:52:03Z</time>
				<extensions>
					<speed>1.7200000286102295</speed>
				</extensions>
			</trkpt>
			<trkpt lat="28.53627144" lon="77.26757493">
				<ele>189.254150390625</ele>
				<time>2026-08-09T17:52:04Z</time>
				<extensions>
					<speed>1.350000023841858</speed>
				</extensions>
			</trkpt>
			<trkpt lat="28.53628369" lon="77.26756824">
				<ele>189.2760009765625</ele>
				<time>2026-08-09T17:52:05Z</time>
				<extensions>
					<speed>1.1399999856948853</speed>
				</extensions>
			</trkpt>
			<trkpt lat="28.53630123" lon="77.26755902">
				<ele>188.7015380859375</ele>
				<time>2026-08-09T17:52:06Z</time>
				<extensions>
					<speed>1.8899999856948853</speed>
				</extensions>
			</trkpt>
			<trkpt lat="28.53633336" lon="77.26754673">
				<ele>188.7239990234375</ele>
				<time>2026-08-09T17:52:07Z</time>
				<extensions>
					<speed>3.6600000858306885</speed>
				</extensions>
			</trkpt>
			<trkpt lat="28.53638586" lon="77.26752783">
				<ele>187.959716796875</ele>
				<time>2026-08-09T17:52:08Z</time>
				<extensions>
					<speed>5.840000152587891</speed>
				</extensions>
			</trkpt>
			<trkpt lat="28.53645839" lon="77.26750244">
				<ele>187.4886474609375</ele>
				<time>2026-08-09T17:52:09Z</time>
				<extensions>
					<speed>8.0600004196167</speed>
				</extensions>
			</trkpt>
			<trkpt lat="28.53653825" lon="77.26747287">
				<ele>187.0841064453125</ele>
				<time>2026-08-09T17:52:10Z</time>
				<extensions>
					<speed>8.819999694824219</speed>
				</extensions>
			</trkpt>
			<trkpt lat="28.53663877" lon="77.26743659">
				<ele>187.17926025390625</ele>
				<time>2026-08-09T17:52:11Z</time>
				<extensions>
					<speed>10.319999694824219</speed>
				</extensions>
			</trkpt>
			<trkpt lat="28.53673718" lon="77.2673911">
				<ele>185.38897705078125</ele>
				<time>2026-08-09T17:52:12Z</time>
				<extensions>
					<speed>11.229999542236328</speed>
				</extensions>
			</trkpt>
			<trkpt lat="28.53683326" lon="77.26734768">
				<ele>185.0330810546875</ele>
				<time>2026-08-09T17:52:13Z</time>
				<extensions>
					<speed>11.640000343322754</speed>
				</extensions>
			</trkpt>
			<trkpt lat="28.53694014" lon="77.26731412">
				<ele>184.6942138671875</ele>
				<time>2026-08-09T17:52:14Z</time>
				<extensions>
					<speed>12.109999656677246</speed>
				</extensions>
			</trkpt>
			<trkpt lat="28.53704466" lon="77.26728721">
				<ele>184.373046875</ele>
				<time>2026-08-09T17:52:15Z</time>
				<extensions>
					<speed>11.920000076293945</speed>
				</extensions>
			</trkpt>
			<trkpt lat="28.53714221" lon="77.26725691">
				<ele>184.258544921875</ele>
				<time>2026-08-09T17:52:16Z</time>
				<extensions>
					<speed>11.369999885559082</speed>
				</extensions>
			</trkpt>
			<trkpt lat="28.53723836" lon="77.26722641">
				<ele>183.81060791015625</ele>
				<time>2026-08-09T17:52:17Z</time>
				<extensions>
					<speed>10.779999732971191</speed>
				</extensions>
			</trkpt>
			<trkpt lat="28.5373328" lon="77.2671908">
				<ele>183.6248779296875</ele>
				<time>2026-08-09T17:52:18Z</time>
				<extensions>
					<speed>10.949999809265137</speed>
				</extensions>
			</trkpt>
			<trkpt lat="28.5374278" lon="77.26714662">
				<ele>183.268798828125</ele>
				<time>2026-08-09T17:52:19Z</time>
				<extensions>
					<speed>10.970000267028809</speed>
				</extensions>
			</trkpt>
			<trkpt lat="28.53751322" lon="77.26710983">
				<ele>183.4599609375</ele>
				<time>2026-08-09T17:52:20Z</time>
				<extensions>
					<speed>9.869999885559082</speed>
				</extensions>
			</trkpt>
			<trkpt lat="28.53760013" lon="77.26706241">
				<ele>183.26708984375</ele>
				<time>2026-08-09T17:52:21Z</time>
				<extensions>
					<speed>10.569999694824219</speed>
				</extensions>
			</trkpt>
			<trkpt lat="28.53769742" lon="77.26701025">
				<ele>183.32086181640625</ele>
				<time>2026-08-09T17:52:22Z</time>
				<extensions>
					<speed>11.859999656677246</speed>
				</extensions>
			</trkpt>
			<trkpt lat="28.53780851" lon="77.26696023">
				<ele>183.087158203125</ele>
				<time>2026-08-09T17:52:23Z</time>
				<extensions>
					<speed>12.989999771118164</speed>
				</extensions>
			</trkpt>
			<trkpt lat="28.53791821" lon="77.2669106">
				<ele>183.1483154296875</ele>
				<time>2026-08-09T17:52:24Z</time>
				<extensions>
					<speed>13.229999542236328</speed>
				</extensions>
			</trkpt>
			<trkpt lat="28.5380237" lon="77.26686981">
				<ele>182.284423828125</ele>
				<time>2026-08-09T17:52:25Z</time>
				<extensions>
					<speed>12.220000267028809</speed>
				</extensions>
			</trkpt>
			<trkpt lat="28.53812368" lon="77.26681895">
				<ele>182.4647216796875</ele>
				<time>2026-08-09T17:52:26Z</time>
				<extensions>
					<speed>11.819999694824219</speed>
				</extensions>
			</trkpt>
			<trkpt lat="28.53819239" lon="77.26680232">
				<ele>182.95733642578125</ele>
				<time>2026-08-09T17:52:27Z</time>
				<extensions>
					<speed>9.140000343322754</speed>
				</extensions>
			</trkpt>
			<trkpt lat="28.53826157" lon="77.266778">
				<ele>181.93768310546875</ele>
				<time>2026-08-09T17:52:28Z</time>
				<extensions>
					<speed>8.069999694824219</speed>
				</extensions>
			</trkpt>
			<trkpt lat="28.5383195" lon="77.26675724">
				<ele>182.07586669921875</ele>
				<time>2026-08-09T17:52:29Z</time>
				<extensions>
					<speed>6.78000020980835</speed>
				</extensions>
			</trkpt>
			<trkpt lat="28.53837202" lon="77.26673631">
				<ele>181.62335205078125</ele>
				<time>2026-08-09T17:52:30Z</time>
				<extensions>
					<speed>5.519999980926514</speed>
				</extensions>
			</trkpt>
			<trkpt lat="28.53841861" lon="77.26671909">
				<ele>181.42169189453125</ele>
				<time>2026-08-09T17:52:31Z</time>
				<extensions>
					<speed>5.050000190734863</speed>
				</extensions>
			</trkpt>
			<trkpt lat="28.53847049" lon="77.26670048">
				<ele>180.9322509765625</ele>
				<time>2026-08-09T17:52:32Z</time>
				<extensions>
					<speed>5.300000190734863</speed>
				</extensions>
			</trkpt>
			<trkpt lat="28.53851678" lon="77.26668398">
				<ele>180.2147216796875</ele>
				<time>2026-08-09T17:52:33Z</time>
				<extensions>
					<speed>5.179999828338623</speed>
				</extensions>
			</trkpt>
			<trkpt lat="28.53857282" lon="77.26666084">
				<ele>179.85870361328125</ele>
				<time>2026-08-09T17:52:34Z</time>
				<extensions>
					<speed>6.25</speed>
				</extensions>
			</trkpt>
			<trkpt lat="28.53863484" lon="77.26663573">
				<ele>179.3602294921875</ele>
				<time>2026-08-09T17:52:35Z</time>
				<extensions>
					<speed>7.070000171661377</speed>
				</extensions>
			</trkpt>
			<trkpt lat="28.53869493" lon="77.26661234">
				<ele>179.40655517578125</ele>
				<time>2026-08-09T17:52:36Z</time>
				<extensions>
					<speed>7.090000152587891</speed>
				</extensions>
			</trkpt>
			<trkpt lat="28.53875266" lon="77.26658997">
				<ele>179.180419921875</ele>
				<time>2026-08-09T17:52:37Z</time>
				<extensions>
					<speed>6.989999771118164</speed>
				</extensions>
			</trkpt>
			<trkpt lat="28.53881294" lon="77.26656965">
				<ele>179.19879150390625</ele>
				<time>2026-08-09T17:52:38Z</time>
				<extensions>
					<speed>6.960000038146973</speed>
				</extensions>
			</trkpt>
			<trkpt lat="28.53887602" lon="77.26654524">
				<ele>178.85894775390625</ele>
				<time>2026-08-09T17:52:39Z</time>
				<extensions>
					<speed>7.420000076293945</speed>
				</extensions>
			</trkpt>
			<trkpt lat="28.53893927" lon="77.26651547">
				<ele>178.86688232421875</ele>
				<time>2026-08-09T17:52:40Z</time>
				<extensions>
					<speed>7.570000171661377</speed>
				</extensions>
			</trkpt>
			<trkpt lat="28.53900246" lon="77.26648761">
				<ele>178.890869140625</ele>
				<time>2026-08-09T17:52:41Z</time>
				<extensions>
					<speed>7.630000114440918</speed>
				</extensions>
			</trkpt>
			<trkpt lat="28.53907836" lon="77.26645927">
				<ele>178.6959228515625</ele>
				<time>2026-08-09T17:52:42Z</time>
				<extensions>
					<speed>8.489999771118164</speed>
				</extensions>
			</trkpt>
			<trkpt lat="28.53915713" lon="77.26643142">
				<ele>178.6876220703125</ele>
				<time>2026-08-09T17:52:43Z</time>
				<extensions>
					<speed>9.25</speed>
				</extensions>
			</trkpt>
			<trkpt lat="28.53923694" lon="77.26640005">
				<ele>178.7005615234375</ele>
				<time>2026-08-09T17:52:44Z</time>
				<extensions>
					<speed>9.329999923706055</speed>
				</extensions>
			</trkpt>
			<trkpt lat="28.53931973" lon="77.26636304">
				<ele>178.62518310546875</ele>
				<time>2026-08-09T17:52:45Z</time>
				<extensions>
					<speed>9.699999809265137</speed>
				</extensions>
			</trkpt>
			<trkpt lat="28.53940704" lon="77.26632972">
				<ele>178.30133056640625</ele>
				<time>2026-08-09T17:52:46Z</time>
				<extensions>
					<speed>10.220000267028809</speed>
				</extensions>
			</trkpt>
			<trkpt lat="28.53950143" lon="77.26629466">
				<ele>178.146728515625</ele>
				<time>2026-08-09T17:52:47Z</time>
				<extensions>
					<speed>10.859999656677246</speed>
				</extensions>
			</trkpt>
			<trkpt lat="28.53960176" lon="77.26625558">
				<ele>177.96875</ele>
				<time>2026-08-09T17:52:48Z</time>
				<extensions>
					<speed>11.579999923706055</speed>
				</extensions>
			</trkpt>
			<trkpt lat="28.53970765" lon="77.26621364">
				<ele>178.111328125</ele>
				<time>2026-08-09T17:52:49Z</time>
				<extensions>
					<speed>12.119999885559082</speed>
				</extensions>
			</trkpt>
			<trkpt lat="28.53980846" lon="77.26616881">
				<ele>177.41021728515625</ele>
				<time>2026-08-09T17:52:50Z</time>
				<extensions>
					<speed>12.279999732971191</speed>
				</extensions>
			</trkpt>
			<trkpt lat="28.53991177" lon="77.26612352">
				<ele>177.198974609375</ele>
				<time>2026-08-09T17:52:51Z</time>
				<extensions>
					<speed>12.34000015258789</speed>
				</extensions>
			</trkpt>
			<trkpt lat="28.54001593" lon="77.26607621">
				<ele>176.4698486328125</ele>
				<time>2026-08-09T17:52:52Z</time>
				<extensions>
					<speed>12.229999542236328</speed>
				</extensions>
			</trkpt>
			<trkpt lat="28.54011556" lon="77.26603369">
				<ele>176.12664794921875</ele>
				<time>2026-08-09T17:52:53Z</time>
				<extensions>
					<speed>11.84000015258789</speed>
				</extensions>
			</trkpt>
			<trkpt lat="28.5402135" lon="77.26599179">
				<ele>175.890869140625</ele>
				<time>2026-08-09T17:52:54Z</time>
				<extensions>
					<speed>11.600000381469727</speed>
				</extensions>
			</trkpt>
			<trkpt lat="28.5403137" lon="77.2659488">
				<ele>175.84320068359375</ele>
				<time>2026-08-09T17:52:55Z</time>
				<extensions>
					<speed>11.8100004196167</speed>
				</extensions>
			</trkpt>
			<trkpt lat="28.54040849" lon="77.26590729">
				<ele>175.65771484375</ele>
				<time>2026-08-09T17:52:56Z</time>
				<extensions>
					<speed>11.420000076293945</speed>
				</extensions>
			</trkpt>
			<trkpt lat="28.54049777" lon="77.26587199">
				<ele>175.66644287109375</ele>
				<time>2026-08-09T17:52:57Z</time>
				<extensions>
					<speed>10.510000228881836</speed>
				</extensions>
			</trkpt>
			<trkpt lat="28.54058938" lon="77.26584031">
				<ele>175.48004150390625</ele>
				<time>2026-08-09T17:52:58Z</time>
				<extensions>
					<speed>10.449999809265137</speed>
				</extensions>
			</trkpt>
			<trkpt lat="28.54068529" lon="77.26580455">
				<ele>175.103271484375</ele>
				<time>2026-08-09T17:52:59Z</time>
				<extensions>
					<speed>10.890000343322754</speed>
				</extensions>
			</trkpt>
			<trkpt lat="28.54078197" lon="77.26576712">
				<ele>174.96337890625</ele>
				<time>2026-08-09T17:53:00Z</time>
				<extensions>
					<speed>11.369999885559082</speed>
				</extensions>
			</trkpt>
			<trkpt lat="28.54087602" lon="77.26572569">
				<ele>174.6285400390625</ele>
				<time>2026-08-09T17:53:01Z</time>
				<extensions>
					<speed>11.329999923706055</speed>
				</extensions>
			</trkpt>
			<trkpt lat="28.54097531" lon="77.26568493">
				<ele>175.01031494140625</ele>
				<time>2026-08-09T17:53:02Z</time>
				<extensions>
					<speed>11.649999618530273</speed>
				</extensions>
			</trkpt>
			<trkpt lat="28.54106453" lon="77.26564791">
				<ele>175.00732421875</ele>
				<time>2026-08-09T17:53:03Z</time>
				<extensions>
					<speed>10.270000457763672</speed>
				</extensions>
			</trkpt>
			<trkpt lat="28.54113647" lon="77.26561737">
				<ele>174.876220703125</ele>
				<time>2026-08-09T17:53:04Z</time>
				<extensions>
					<speed>8.710000038146973</speed>
				</extensions>
			</trkpt>
			<trkpt lat="28.54120814" lon="77.2655842">
				<ele>174.7950439453125</ele>
				<time>2026-08-09T17:53:05Z</time>
				<extensions>
					<speed>8.800000190734863</speed>
				</extensions>
			</trkpt>
			<trkpt lat="28.5412944" lon="77.26555257">
				<ele>174.64715576171875</ele>
				<time>2026-08-09T17:53:06Z</time>
				<extensions>
					<speed>9.979999542236328</speed>
				</extensions>
			</trkpt>
			<trkpt lat="28.54138763" lon="77.26551092">
				<ele>174.3057861328125</ele>
				<time>2026-08-09T17:53:07Z</time>
				<extensions>
					<speed>11.029999732971191</speed>
				</extensions>
			</trkpt>
			<trkpt lat="28.541486" lon="77.26546958">
				<ele>174.1622314453125</ele>
				<time>2026-08-09T17:53:08Z</time>
				<extensions>
					<speed>11.649999618530273</speed>
				</extensions>
			</trkpt>
			<trkpt lat="28.54158426" lon="77.2654265">
				<ele>174.204833984375</ele>
				<time>2026-08-09T17:53:09Z</time>
				<extensions>
					<speed>11.850000381469727</speed>
				</extensions>
			</trkpt>
			<trkpt lat="28.54168862" lon="77.26538657">
				<ele>174.14312744140625</ele>
				<time>2026-08-09T17:53:10Z</time>
				<extensions>
					<speed>12.15999984741211</speed>
				</extensions>
			</trkpt>
			<trkpt lat="28.54179422" lon="77.26534793">
				<ele>174.4051513671875</ele>
				<time>2026-08-09T17:53:11Z</time>
				<extensions>
					<speed>12.270000457763672</speed>
				</extensions>
			</trkpt>
			<trkpt lat="28.54189937" lon="77.26530824">
				<ele>174.46844482421875</ele>
				<time>2026-08-09T17:53:12Z</time>
				<extensions>
					<speed>12.430000305175781</speed>
				</extensions>
			</trkpt>
			<trkpt lat="28.54200809" lon="77.26526249">
				<ele>174.58251953125</ele>
				<time>2026-08-09T17:53:13Z</time>
				<extensions>
					<speed>13.0</speed>
				</extensions>
			</trkpt>
			<trkpt lat="28.54213041" lon="77.26521417">
				<ele>173.322021484375</ele>
				<time>2026-08-09T17:53:14Z</time>
				<extensions>
					<speed>13.779999732971191</speed>
				</extensions>
			</trkpt>
			<trkpt lat="28.54223798" lon="77.26516581">
				<ele>174.2392578125</ele>
				<time>2026-08-09T17:53:15Z</time>
				<extensions>
					<speed>13.529999732971191</speed>
				</extensions>
			</trkpt>
			<trkpt lat="28.54234454" lon="77.26511803">
				<ele>174.5472412109375</ele>
				<time>2026-08-09T17:53:16Z</time>
				<extensions>
					<speed>12.5600004196167</speed>
				</extensions>
			</trkpt>
			<trkpt lat="28.54245101" lon="77.26507685">
				<ele>175.00726318359375</ele>
				<time>2026-08-09T17:53:17Z</time>
				<extensions>
					<speed>11.630000114440918</speed>
				</extensions>
			</trkpt>
			<trkpt lat="28.54256189" lon="77.26503868">
				<ele>174.6964111328125</ele>
				<time>2026-08-09T17:53:18Z</time>
				<extensions>
					<speed>12.229999542236328</speed>
				</extensions>
			</trkpt>
			<trkpt lat="28.54265104" lon="77.26500112">
				<ele>175.48095703125</ele>
				<time>2026-08-09T17:53:19Z</time>
				<extensions>
					<speed>10.800000190734863</speed>
				</extensions>
			</trkpt>
			<trkpt lat="28.54273218" lon="77.26496521">
				<ele>175.32427978515625</ele>
				<time>2026-08-09T17:53:20Z</time>
				<extensions>
					<speed>9.479999542236328</speed>
				</extensions>
			</trkpt>
			<trkpt lat="28.54282372" lon="77.26493157">
				<ele>175.16815185546875</ele>
				<time>2026-08-09T17:53:21Z</time>
				<extensions>
					<speed>10.59000015258789</speed>
				</extensions>
			</trkpt>
			<trkpt lat="28.54291024" lon="77.264894">
				<ele>175.1099853515625</ele>
				<time>2026-08-09T17:53:22Z</time>
				<extensions>
					<speed>10.170000076293945</speed>
				</extensions>
			</trkpt>
			<trkpt lat="28.54299658" lon="77.26484918">
				<ele>174.3831787109375</ele>
				<time>2026-08-09T17:53:23Z</time>
				<extensions>
					<speed>10.619999885559082</speed>
				</extensions>
			</trkpt>
			<trkpt lat="28.54308373" lon="77.26479574">
				<ele>174.7686767578125</ele>
				<time>2026-08-09T17:53:24Z</time>
				<extensions>
					<speed>10.729999542236328</speed>
				</extensions>
			</trkpt>
			<trkpt lat="28.54317081" lon="77.26475286">
				<ele>174.964111328125</ele>
				<time>2026-08-09T17:53:25Z</time>
				<extensions>
					<speed>10.520000457763672</speed>
				</extensions>
			</trkpt>
			<trkpt lat="28.54325212" lon="77.26471085">
				<ele>175.67236328125</ele>
				<time>2026-08-09T17:53:26Z</time>
				<extensions>
					<speed>10.960000038146973</speed>
				</extensions>
			</trkpt>
			<trkpt lat="28.54334454" lon="77.26467743">
				<ele>175.0584716796875</ele>
				<time>2026-08-09T17:53:27Z</time>
				<extensions>
					<speed>9.680000305175781</speed>
				</extensions>
			</trkpt>
			<trkpt lat="28.54342819" lon="77.2646512">
				<ele>175.361328125</ele>
				<time>2026-08-09T17:53:28Z</time>
				<extensions>
					<speed>9.850000381469727</speed>
				</extensions>
			</trkpt>
			<trkpt lat="28.54351137" lon="77.26461669">
				<ele>175.7432861328125</ele>
				<time>2026-08-09T17:53:29Z</time>
				<extensions>
					<speed>9.710000038146973</speed>
				</extensions>
			</trkpt>
			<trkpt lat="28.54358043" lon="77.26458397">
				<ele>175.4512939453125</ele>
				<time>2026-08-09T17:53:30Z</time>
				<extensions>
					<speed>8.289999961853027</speed>
				</extensions>
			</trkpt>
			<trkpt lat="28.54364197" lon="77.2645521">
				<ele>175.32769775390625</ele>
				<time>2026-08-09T17:53:31Z</time>
				<extensions>
					<speed>7.630000114440918</speed>
				</extensions>
			</trkpt>
			<trkpt lat="28.54371233" lon="77.26451905">
				<ele>175.0457763671875</ele>
				<time>2026-08-09T17:53:32Z</time>
				<extensions>
					<speed>8.109999656677246</speed>
				</extensions>
			</trkpt>
			<trkpt lat="28.54379811" lon="77.26447468">
				<ele>175.0980224609375</ele>
				<time>2026-08-09T17:53:33Z</time>
				<extensions>
					<speed>9.779999732971191</speed>
				</extensions>
			</trkpt>
			<trkpt lat="28.54387813" lon="77.26444953">
				<ele>174.7203369140625</ele>
				<time>2026-08-09T17:53:34Z</time>
				<extensions>
					<speed>9.579999923706055</speed>
				</extensions>
			</trkpt>
			<trkpt lat="28.54396857" lon="77.26440817">
				<ele>173.46820068359375</ele>
				<time>2026-08-09T17:53:35Z</time>
				<extensions>
					<speed>10.220000267028809</speed>
				</extensions>
			</trkpt>
			<trkpt lat="28.54406102" lon="77.26437532">
				<ele>173.28326416015625</ele>
				<time>2026-08-09T17:53:36Z</time>
				<extensions>
					<speed>11.140000343322754</speed>
				</extensions>
			</trkpt>
			<trkpt lat="28.5441543" lon="77.26434247">
				<ele>173.6676025390625</ele>
				<time>2026-08-09T17:53:37Z</time>
				<extensions>
					<speed>11.399999618530273</speed>
				</extensions>
			</trkpt>
			<trkpt lat="28.54425301" lon="77.26430209">
				<ele>173.59423828125</ele>
				<time>2026-08-09T17:53:38Z</time>
				<extensions>
					<speed>11.970000267028809</speed>
				</extensions>
			</trkpt>
			<trkpt lat="28.54435971" lon="77.26425824">
				<ele>173.7239990234375</ele>
				<time>2026-08-09T17:53:39Z</time>
				<extensions>
					<speed>12.390000343322754</speed>
				</extensions>
			</trkpt>
			<trkpt lat="28.5444576" lon="77.26422426">
				<ele>173.766845703125</ele>
				<time>2026-08-09T17:53:40Z</time>
				<extensions>
					<speed>12.029999732971191</speed>
				</extensions>
			</trkpt>
			<trkpt lat="28.5445812" lon="77.26417486">
				<ele>173.66339111328125</ele>
				<time>2026-08-09T17:53:41Z</time>
				<extensions>
					<speed>13.270000457763672</speed>
				</extensions>
			</trkpt>
			<trkpt lat="28.54470089" lon="77.26413767">
				<ele>173.89501953125</ele>
				<time>2026-08-09T17:53:42Z</time>
				<extensions>
					<speed>13.470000267028809</speed>
				</extensions>
			</trkpt>
			<trkpt lat="28.54483641" lon="77.26404406">
				<ele>173.693603515625</ele>
				<time>2026-08-09T17:53:43Z</time>
				<extensions>
					<speed>14.819999694824219</speed>
				</extensions>
			</trkpt>
			<trkpt lat="28.54496131" lon="77.26399462">
				<ele>173.66961669921875</ele>
				<time>2026-08-09T17:53:44Z</time>
				<extensions>
					<speed>14.850000381469727</speed>
				</extensions>
			</trkpt>
			<trkpt lat="28.54508345" lon="77.26396709">
				<ele>172.74481201171875</ele>
				<time>2026-08-09T17:53:45Z</time>
				<extensions>
					<speed>15.40999984741211</speed>
				</extensions>
			</trkpt>
			<trkpt lat="28.54521241" lon="77.26392918">
				<ele>171.44287109375</ele>
				<time>2026-08-09T17:53:46Z</time>
				<extensions>
					<speed>15.960000038146973</speed>
				</extensions>
			</trkpt>
			<trkpt lat="28.54535204" lon="77.26387417">
				<ele>171.64349365234375</ele>
				<time>2026-08-09T17:53:47Z</time>
				<extensions>
					<speed>16.440000534057617</speed>
				</extensions>
			</trkpt>
			<trkpt lat="28.54550047" lon="77.26381945">
				<ele>171.21612548828125</ele>
				<time>2026-08-09T17:53:48Z</time>
				<extensions>
					<speed>16.56999969482422</speed>
				</extensions>
			</trkpt>
			<trkpt lat="28.54564719" lon="77.26376345">
				<ele>171.0594482421875</ele>
				<time>2026-08-09T17:53:49Z</time>
				<extensions>
					<speed>16.510000228881836</speed>
				</extensions>
			</trkpt>
			<trkpt lat="28.54579064" lon="77.26368426">
				<ele>170.08929443359375</ele>
				<time>2026-08-09T17:53:50Z</time>
				<extensions>
					<speed>15.8100004196167</speed>
				</extensions>
			</trkpt>
			<trkpt lat="28.54591325" lon="77.26362985">
				<ele>169.015380859375</ele>
				<time>2026-08-09T17:53:51Z</time>
				<extensions>
					<speed>13.899999618530273</speed>
				</extensions>
			</trkpt>
			<trkpt lat="28.54602033" lon="77.26357958">
				<ele>169.154052734375</ele>
				<time>2026-08-09T17:53:52Z</time>
				<extensions>
					<speed>12.720000267028809</speed>
				</extensions>
			</trkpt>
			<trkpt lat="28.54612528" lon="77.26353164">
				<ele>170.12078857421875</ele>
				<time>2026-08-09T17:53:53Z</time>
				<extensions>
					<speed>12.40999984741211</speed>
				</extensions>
			</trkpt>
			<trkpt lat="28.54623012" lon="77.26348701">
				<ele>170.84783935546875</ele>
				<time>2026-08-09T17:53:54Z</time>
				<extensions>
					<speed>12.289999961853027</speed>
				</extensions>
			</trkpt>
			<trkpt lat="28.54634352" lon="77.26344837">
				<ele>171.606689453125</ele>
				<time>2026-08-09T17:53:55Z</time>
				<extensions>
					<speed>12.770000457763672</speed>
				</extensions>
			</trkpt>
			<trkpt lat="28.54645964" lon="77.26340234">
				<ele>171.280029296875</ele>
				<time>2026-08-09T17:53:56Z</time>
				<extensions>
					<speed>13.359999656677246</speed>
				</extensions>
			</trkpt>
			<trkpt lat="28.54656765" lon="77.26336426">
				<ele>171.20574951171875</ele>
				<time>2026-08-09T17:53:57Z</time>
				<extensions>
					<speed>13.930000305175781</speed>
				</extensions>
			</trkpt>
			<trkpt lat="28.5466965" lon="77.26332271">
				<ele>170.4083251953125</ele>
				<time>2026-08-09T17:53:58Z</time>
				<extensions>
					<speed>14.680000305175781</speed>
				</extensions>
			</trkpt>
			<trkpt lat="28.54683145" lon="77.26327284">
				<ele>169.79632568359375</ele>
				<time>2026-08-09T17:53:59Z</time>
				<extensions>
					<speed>15.399999618530273</speed>
				</extensions>
			</trkpt>
			<trkpt lat="28.54696976" lon="77.2632231">
				<ele>170.148681640625</ele>
				<time>2026-08-09T17:54:00Z</time>
				<extensions>
					<speed>16.290000915527344</speed>
				</extensions>
			</trkpt>
			<trkpt lat="28.54711219" lon="77.26317302">
				<ele>169.74176025390625</ele>
				<time>2026-08-09T17:54:01Z</time>
				<extensions>
					<speed>16.3700008392334</speed>
				</extensions>
			</trkpt>
			<trkpt lat="28.54723876" lon="77.26312682">
				<ele>169.7064208984375</ele>
				<time>2026-08-09T17:54:02Z</time>
				<extensions>
					<speed>14.680000305175781</speed>
				</extensions>
			</trkpt>
			<trkpt lat="28.54735278" lon="77.26308136">
				<ele>169.74774169921875</ele>
				<time>2026-08-09T17:54:03Z</time>
				<extensions>
					<speed>13.380000114440918</speed>
				</extensions>
			</trkpt>
			<trkpt lat="28.54746175" lon="77.26304251">
				<ele>170.1483154296875</ele>
				<time>2026-08-09T17:54:04Z</time>
				<extensions>
					<speed>13.020000457763672</speed>
				</extensions>
			</trkpt>
			<trkpt lat="28.54757883" lon="77.2629956">
				<ele>170.31951904296875</ele>
				<time>2026-08-09T17:54:05Z</time>
				<extensions>
					<speed>13.859999656677246</speed>
				</extensions>
			</trkpt>
			<trkpt lat="28.54769083" lon="77.26294775">
				<ele>170.2919921875</ele>
				<time>2026-08-09T17:54:06Z</time>
				<extensions>
					<speed>13.600000381469727</speed>
				</extensions>
			</trkpt>
			<trkpt lat="28.54780699" lon="77.26289633">
				<ele>170.38165283203125</ele>
				<time>2026-08-09T17:54:07Z</time>
				<extensions>
					<speed>14.399999618530273</speed>
				</extensions>
			</trkpt>
			<trkpt lat="28.54794713" lon="77.26283046">
				<ele>171.591064453125</ele>
				<time>2026-08-09T17:54:08Z</time>
				<extensions>
					<speed>14.930000305175781</speed>
				</extensions>
			</trkpt>
			<trkpt lat="28.54808036" lon="77.2627738">
				<ele>171.959716796875</ele>
				<time>2026-08-09T17:54:09Z</time>
				<extensions>
					<speed>15.59000015258789</speed>
				</extensions>
			</trkpt>
			<trkpt lat="28.54821405" lon="77.26271778">
				<ele>172.338623046875</ele>
				<time>2026-08-09T17:54:10Z</time>
				<extensions>
					<speed>15.9399995803833</speed>
				</extensions>
			</trkpt>
			<trkpt lat="28.54833943" lon="77.26265478">
				<ele>172.491943359375</ele>
				<time>2026-08-09T17:54:11Z</time>
				<extensions>
					<speed>15.539999961853027</speed>
				</extensions>
			</trkpt>
			<trkpt lat="28.54846287" lon="77.2626033">
				<ele>172.5460205078125</ele>
				<time>2026-08-09T17:54:12Z</time>
				<extensions>
					<speed>14.760000228881836</speed>
				</extensions>
			</trkpt>
			<trkpt lat="28.54857537" lon="77.26253945">
				<ele>172.4483642578125</ele>
				<time>2026-08-09T17:54:13Z</time>
				<extensions>
					<speed>13.890000343322754</speed>
				</extensions>
			</trkpt>
			<trkpt lat="28.54866682" lon="77.26249017">
				<ele>173.182861328125</ele>
				<time>2026-08-09T17:54:14Z</time>
				<extensions>
					<speed>11.970000267028809</speed>
				</extensions>
			</trkpt>
			<trkpt lat="28.54875598" lon="77.26243327">
				<ele>173.6727294921875</ele>
				<time>2026-08-09T17:54:15Z</time>
				<extensions>
					<speed>11.479999542236328</speed>
				</extensions>
			</trkpt>
			<trkpt lat="28.54883665" lon="77.26235442">
				<ele>173.33154296875</ele>
				<time>2026-08-09T17:54:16Z</time>
				<extensions>
					<speed>10.9399995803833</speed>
				</extensions>
			</trkpt>
			<trkpt lat="28.54891212" lon="77.26227479">
				<ele>172.496826171875</ele>
				<time>2026-08-09T17:54:17Z</time>
				<extensions>
					<speed>10.960000038146973</speed>
				</extensions>
			</trkpt>
			<trkpt lat="28.54896422" lon="77.26218162">
				<ele>173.34814453125</ele>
				<time>2026-08-09T17:54:18Z</time>
				<extensions>
					<speed>10.84000015258789</speed>
				</extensions>
			</trkpt>
			<trkpt lat="28.54900676" lon="77.26207667">
				<ele>172.974365234375</ele>
				<time>2026-08-09T17:54:19Z</time>
				<extensions>
					<speed>10.569999694824219</speed>
				</extensions>
			</trkpt>
			<trkpt lat="28.54903255" lon="77.26197101">
				<ele>173.21966552734375</ele>
				<time>2026-08-09T17:54:20Z</time>
				<extensions>
					<speed>10.5</speed>
				</extensions>
			</trkpt>
			<trkpt lat="28.5490431" lon="77.26185995">
				<ele>173.79022216796875</ele>
				<time>2026-08-09T17:54:21Z</time>
				<extensions>
					<speed>10.869999885559082</speed>
				</extensions>
			</trkpt>
			<trkpt lat="28.54903543" lon="77.26174588">
				<ele>174.76031494140625</ele>
				<time>2026-08-09T17:54:22Z</time>
				<extensions>
					<speed>11.119999885559082</speed>
				</extensions>
			</trkpt>
			<trkpt lat="28.54902696" lon="77.26163217">
				<ele>174.57183837890625</ele>
				<time>2026-08-09T17:54:23Z</time>
				<extensions>
					<speed>11.270000457763672</speed>
				</extensions>
			</trkpt>
			<trkpt lat="28.5490105" lon="77.26151797">
				<ele>174.75469970703125</ele>
				<time>2026-08-09T17:54:24Z</time>
				<extensions>
					<speed>11.550000190734863</speed>
				</extensions>
			</trkpt>
			<trkpt lat="28.54898619" lon="77.26140763">
				<ele>174.8768310546875</ele>
				<time>2026-08-09T17:54:25Z</time>
				<extensions>
					<speed>11.25</speed>
				</extensions>
			</trkpt>
			<trkpt lat="28.54896926" lon="77.26129258">
				<ele>174.712158203125</ele>
				<time>2026-08-09T17:54:26Z</time>
				<extensions>
					<speed>11.489999771118164</speed>
				</extensions>
			</trkpt>
			<trkpt lat="28.5489463" lon="77.26117477">
				<ele>174.8175048828125</ele>
				<time>2026-08-09T17:54:27Z</time>
				<extensions>
					<speed>11.979999542236328</speed>
				</extensions>
			</trkpt>
			<trkpt lat="28.54891949" lon="77.26105599">
				<ele>174.66131591796875</ele>
				<time>2026-08-09T17:54:28Z</time>
				<extensions>
					<speed>12.369999885559082</speed>
				</extensions>
			</trkpt>
			<trkpt lat="28.54888992" lon="77.26093398">
				<ele>174.2059326171875</ele>
				<time>2026-08-09T17:54:29Z</time>
				<extensions>
					<speed>12.770000457763672</speed>
				</extensions>
			</trkpt>
			<trkpt lat="28.5488521" lon="77.26080488">
				<ele>174.10174560546875</ele>
				<time>2026-08-09T17:54:30Z</time>
				<extensions>
					<speed>13.140000343322754</speed>
				</extensions>
			</trkpt>
			<trkpt lat="28.54881839" lon="77.26067482">
				<ele>174.12255859375</ele>
				<time>2026-08-09T17:54:31Z</time>
				<extensions>
					<speed>13.170000076293945</speed>
				</extensions>
			</trkpt>
			<trkpt lat="28.54878774" lon="77.26054526">
				<ele>174.00506591796875</ele>
				<time>2026-08-09T17:54:32Z</time>
				<extensions>
					<speed>13.510000228881836</speed>
				</extensions>
			</trkpt>
			<trkpt lat="28.54876337" lon="77.26041104">
				<ele>174.01263427734375</ele>
				<time>2026-08-09T17:54:33Z</time>
				<extensions>
					<speed>13.359999656677246</speed>
				</extensions>
			</trkpt>
			<trkpt lat="28.54874721" lon="77.2602744">
				<ele>173.59442138671875</ele>
				<time>2026-08-09T17:54:34Z</time>
				<extensions>
					<speed>13.220000267028809</speed>
				</extensions>
			</trkpt>
			<trkpt lat="28.54874261" lon="77.26014818">
				<ele>173.8280029296875</ele>
				<time>2026-08-09T17:54:35Z</time>
				<extensions>
					<speed>12.520000457763672</speed>
				</extensions>
			</trkpt>
			<trkpt lat="28.54873909" lon="77.26000962">
				<ele>173.79364013671875</ele>
				<time>2026-08-09T17:54:36Z</time>
				<extensions>
					<speed>12.880000114440918</speed>
				</extensions>
			</trkpt>
			<trkpt lat="28.54873766" lon="77.2598729">
				<ele>174.33843994140625</ele>
				<time>2026-08-09T17:54:37Z</time>
				<extensions>
					<speed>13.289999961853027</speed>
				</extensions>
			</trkpt>
			<trkpt lat="28.54873347" lon="77.2597338">
				<ele>175.71551513671875</ele>
				<time>2026-08-09T17:54:38Z</time>
				<extensions>
					<speed>13.59000015258789</speed>
				</extensions>
			</trkpt>
			<trkpt lat="28.5487321" lon="77.25959271">
				<ele>175.815673828125</ele>
				<time>2026-08-09T17:54:39Z</time>
				<extensions>
					<speed>13.989999771118164</speed>
				</extensions>
			</trkpt>
			<trkpt lat="28.54872722" lon="77.25944638">
				<ele>176.3046875</ele>
				<time>2026-08-09T17:54:40Z</time>
				<extensions>
					<speed>14.470000267028809</speed>
				</extensions>
			</trkpt>
			<trkpt lat="28.54872191" lon="77.25929132">
				<ele>176.363525390625</ele>
				<time>2026-08-09T17:54:41Z</time>
				<extensions>
					<speed>14.970000267028809</speed>
				</extensions>
			</trkpt>
			<trkpt lat="28.54871743" lon="77.2591437">
				<ele>176.59100341796875</ele>
				<time>2026-08-09T17:54:42Z</time>
				<extensions>
					<speed>15.34000015258789</speed>
				</extensions>
			</trkpt>
			<trkpt lat="28.54870782" lon="77.25898475">
				<ele>177.1588134765625</ele>
				<time>2026-08-09T17:54:43Z</time>
				<extensions>
					<speed>15.739999771118164</speed>
				</extensions>
			</trkpt>
			<trkpt lat="28.54870711" lon="77.25882946">
				<ele>176.8663330078125</ele>
				<time>2026-08-09T17:54:44Z</time>
				<extensions>
					<speed>15.510000228881836</speed>
				</extensions>
			</trkpt>
			<trkpt lat="28.54870389" lon="77.25865915">
				<ele>177.37481689453125</ele>
				<time>2026-08-09T17:54:45Z</time>
				<extensions>
					<speed>15.880000114440918</speed>
				</extensions>
			</trkpt>
			<trkpt lat="28.54870175" lon="77.25849477">
				<ele>177.669677734375</ele>
				<time>2026-08-09T17:54:46Z</time>
				<extensions>
					<speed>16.280000686645508</speed>
				</extensions>
			</trkpt>
			<trkpt lat="28.54869996" lon="77.25832679">
				<ele>178.01800537109375</ele>
				<time>2026-08-09T17:54:47Z</time>
				<extensions>
					<speed>16.649999618530273</speed>
				</extensions>
			</trkpt>
			<trkpt lat="28.54869388" lon="77.25815096">
				<ele>178.26971435546875</ele>
				<time>2026-08-09T17:54:48Z</time>
				<extensions>
					<speed>16.920000076293945</speed>
				</extensions>
			</trkpt>
			<trkpt lat="28.54868131" lon="77.25797225">
				<ele>178.3929443359375</ele>
				<time>2026-08-09T17:54:49Z</time>
				<extensions>
					<speed>17.31999969482422</speed>
				</extensions>
			</trkpt>
			<trkpt lat="28.54867773" lon="77.25779495">
				<ele>178.79779052734375</ele>
				<time>2026-08-09T17:54:50Z</time>
				<extensions>
					<speed>17.5</speed>
				</extensions>
			</trkpt>
			<trkpt lat="28.54867325" lon="77.25761767">
				<ele>179.31744384765625</ele>
				<time>2026-08-09T17:54:51Z</time>
				<extensions>
					<speed>17.059999465942383</speed>
				</extensions>
			</trkpt>
			<trkpt lat="28.54866067" lon="77.25744645">
				<ele>179.439697265625</ele>
				<time>2026-08-09T17:54:52Z</time>
				<extensions>
					<speed>16.549999237060547</speed>
				</extensions>
			</trkpt>
			<trkpt lat="28.54863665" lon="77.25728154">
				<ele>179.06640625</ele>
				<time>2026-08-09T17:54:53Z</time>
				<extensions>
					<speed>16.8799991607666</speed>
				</extensions>
			</trkpt>
			<trkpt lat="28.54860171" lon="77.25711001">
				<ele>179.3980712890625</ele>
				<time>2026-08-09T17:54:54Z</time>
				<extensions>
					<speed>17.40999984741211</speed>
				</extensions>
			</trkpt>
			<trkpt lat="28.54855473" lon="77.25693875">
				<ele>179.041015625</ele>
				<time>2026-08-09T17:54:55Z</time>
				<extensions>
					<speed>17.899999618530273</speed>
				</extensions>
			</trkpt>
			<trkpt lat="28.54850022" lon="77.25675936">
				<ele>179.16265869140625</ele>
				<time>2026-08-09T17:54:56Z</time>
				<extensions>
					<speed>18.56999969482422</speed>
				</extensions>
			</trkpt>
			<trkpt lat="28.54843669" lon="77.25657465">
				<ele>179.6767578125</ele>
				<time>2026-08-09T17:54:57Z</time>
				<extensions>
					<speed>18.90999984741211</speed>
				</extensions>
			</trkpt>
			<trkpt lat="28.54837536" lon="77.25638993">
				<ele>179.5416259765625</ele>
				<time>2026-08-09T17:54:58Z</time>
				<extensions>
					<speed>19.049999237060547</speed>
				</extensions>
			</trkpt>
			<trkpt lat="28.54831236" lon="77.25621779">
				<ele>179.50384521484375</ele>
				<time>2026-08-09T17:54:59Z</time>
				<extensions>
					<speed>18.6299991607666</speed>
				</extensions>
			</trkpt>
			<trkpt lat="28.54824411" lon="77.25604385">
				<ele>179.22137451171875</ele>
				<time>2026-08-09T17:55:00Z</time>
				<extensions>
					<speed>18.610000610351562</speed>
				</extensions>
			</trkpt>
			<trkpt lat="28.54817921" lon="77.25587846">
				<ele>179.37432861328125</ele>
				<time>2026-08-09T17:55:01Z</time>
				<extensions>
					<speed>17.6299991607666</speed>
				</extensions>
			</trkpt>
			<trkpt lat="28.54811718" lon="77.25572396">
				<ele>179.5765380859375</ele>
				<time>2026-08-09T17:55:02Z</time>
				<extensions>
					<speed>16.229999542236328</speed>
				</extensions>
			</trkpt>
			<trkpt lat="28.54805696" lon="77.25557002">
				<ele>180.02996826171875</ele>
				<time>2026-08-09T17:55:03Z</time>
				<extensions>
					<speed>16.549999237060547</speed>
				</extensions>
			</trkpt>
			<trkpt lat="28.54799789" lon="77.25541166">
				<ele>179.63360595703125</ele>
				<time>2026-08-09T17:55:04Z</time>
				<extensions>
					<speed>17.25</speed>
				</extensions>
			</trkpt>
			<trkpt lat="28.54792729" lon="77.25524496">
				<ele>179.129150390625</ele>
				<time>2026-08-09T17:55:05Z</time>
				<extensions>
					<speed>18.059999465942383</speed>
				</extensions>
			</trkpt>
			<trkpt lat="28.54785688" lon="77.25507348">
				<ele>177.93487548828125</ele>
				<time>2026-08-09T17:55:06Z</time>
				<extensions>
					<speed>18.809999465942383</speed>
				</extensions>
			</trkpt>
			<trkpt lat="28.5477833" lon="77.25489593">
				<ele>177.42877197265625</ele>
				<time>2026-08-09T17:55:07Z</time>
				<extensions>
					<speed>19.100000381469727</speed>
				</extensions>
			</trkpt>
			<trkpt lat="28.54770717" lon="77.25472073">
				<ele>177.16412353515625</ele>
				<time>2026-08-09T17:55:08Z</time>
				<extensions>
					<speed>18.950000762939453</speed>
				</extensions>
			</trkpt>
			<trkpt lat="28.54763851" lon="77.25454536">
				<ele>176.94708251953125</ele>
				<time>2026-08-09T17:55:09Z</time>
				<extensions>
					<speed>18.8700008392334</speed>
				</extensions>
			</trkpt>
			<trkpt lat="28.54756568" lon="77.2543713">
				<ele>176.4100341796875</ele>
				<time>2026-08-09T17:55:10Z</time>
				<extensions>
					<speed>19.079999923706055</speed>
				</extensions>
			</trkpt>
			<trkpt lat="28.54749593" lon="77.25419806">
				<ele>176.07867431640625</ele>
				<time>2026-08-09T17:55:11Z</time>
				<extensions>
					<speed>18.610000610351562</speed>
				</extensions>
			</trkpt>
			<trkpt lat="28.54742313" lon="77.25402179">
				<ele>175.92376708984375</ele>
				<time>2026-08-09T17:55:12Z</time>
				<extensions>
					<speed>18.639999389648438</speed>
				</extensions>
			</trkpt>
			<trkpt lat="28.5473591" lon="77.25385784">
				<ele>175.949951171875</ele>
				<time>2026-08-09T17:55:13Z</time>
				<extensions>
					<speed>17.850000381469727</speed>
				</extensions>
			</trkpt>
			<trkpt lat="28.54729043" lon="77.25370854">
				<ele>175.9136962890625</ele>
				<time>2026-08-09T17:55:14Z</time>
				<extensions>
					<speed>16.299999237060547</speed>
				</extensions>
			</trkpt>
			<trkpt lat="28.54722807" lon="77.25355393">
				<ele>175.58612060546875</ele>
				<time>2026-08-09T17:55:15Z</time>
				<extensions>
					<speed>15.569999694824219</speed>
				</extensions>
			</trkpt>
			<trkpt lat="28.54716774" lon="77.25341184">
				<ele>175.7930908203125</ele>
				<time>2026-08-09T17:55:16Z</time>
				<extensions>
					<speed>14.760000228881836</speed>
				</extensions>
			</trkpt>
			<trkpt lat="28.54711361" lon="77.25327743">
				<ele>175.7183837890625</ele>
				<time>2026-08-09T17:55:17Z</time>
				<extensions>
					<speed>13.84000015258789</speed>
				</extensions>
			</trkpt>
			<trkpt lat="28.54706245" lon="77.25314404">
				<ele>176.0103759765625</ele>
				<time>2026-08-09T17:55:18Z</time>
				<extensions>
					<speed>13.300000190734863</speed>
				</extensions>
			</trkpt>
			<trkpt lat="28.54701351" lon="77.25301873">
				<ele>176.0369873046875</ele>
				<time>2026-08-09T17:55:19Z</time>
				<extensions>
					<speed>13.640000343322754</speed>
				</extensions>
			</trkpt>
			<trkpt lat="28.54696387" lon="77.25289279">
				<ele>175.983642578125</ele>
				<time>2026-08-09T17:55:20Z</time>
				<extensions>
					<speed>13.390000343322754</speed>
				</extensions>
			</trkpt>
			<trkpt lat="28.54691628" lon="77.2527636">
				<ele>176.3289794921875</ele>
				<time>2026-08-09T17:55:21Z</time>
				<extensions>
					<speed>13.399999618530273</speed>
				</extensions>
			</trkpt>
			<trkpt lat="28.54686729" lon="77.25262964">
				<ele>176.6363525390625</ele>
				<time>2026-08-09T17:55:22Z</time>
				<extensions>
					<speed>13.890000343322754</speed>
				</extensions>
			</trkpt>
			<trkpt lat="28.54681807" lon="77.2524939">
				<ele>176.86981201171875</ele>
				<time>2026-08-09T17:55:23Z</time>
				<extensions>
					<speed>14.399999618530273</speed>
				</extensions>
			</trkpt>
			<trkpt lat="28.54676279" lon="77.25235978">
				<ele>177.98663330078125</ele>
				<time>2026-08-09T17:55:24Z</time>
				<extensions>
					<speed>14.350000381469727</speed>
				</extensions>
			</trkpt>
			<trkpt lat="28.54671518" lon="77.25221969">
				<ele>178.0550537109375</ele>
				<time>2026-08-09T17:55:25Z</time>
				<extensions>
					<speed>14.75</speed>
				</extensions>
			</trkpt>
			<trkpt lat="28.54665828" lon="77.25208114">
				<ele>178.3753662109375</ele>
				<time>2026-08-09T17:55:26Z</time>
				<extensions>
					<speed>14.9399995803833</speed>
				</extensions>
			</trkpt>
			<trkpt lat="28.54659873" lon="77.25195008">
				<ele>179.13507080078125</ele>
				<time>2026-08-09T17:55:27Z</time>
				<extensions>
					<speed>14.069999694824219</speed>
				</extensions>
			</trkpt>
			<trkpt lat="28.54654194" lon="77.25181317">
				<ele>179.5242919921875</ele>
				<time>2026-08-09T17:55:28Z</time>
				<extensions>
					<speed>14.800000190734863</speed>
				</extensions>
			</trkpt>
			<trkpt lat="28.54647959" lon="77.25166359">
				<ele>180.0989990234375</ele>
				<time>2026-08-09T17:55:29Z</time>
				<extensions>
					<speed>15.949999809265137</speed>
				</extensions>
			</trkpt>
			<trkpt lat="28.54642321" lon="77.25151569">
				<ele>180.8699951171875</ele>
				<time>2026-08-09T17:55:30Z</time>
				<extensions>
					<speed>16.239999771118164</speed>
				</extensions>
			</trkpt>
			<trkpt lat="28.54636399" lon="77.25136555">
				<ele>181.49017333984375</ele>
				<time>2026-08-09T17:55:31Z</time>
				<extensions>
					<speed>16.059999465942383</speed>
				</extensions>
			</trkpt>
			<trkpt lat="28.5463108" lon="77.25120623">
				<ele>182.240234375</ele>
				<time>2026-08-09T17:55:32Z</time>
				<extensions>
					<speed>16.6200008392334</speed>
				</extensions>
			</trkpt>
			<trkpt lat="28.5462579" lon="77.25104758">
				<ele>182.794677734375</ele>
				<time>2026-08-09T17:55:33Z</time>
				<extensions>
					<speed>16.65999984741211</speed>
				</extensions>
			</trkpt>
			<trkpt lat="28.5462025" lon="77.25088088">
				<ele>183.54388427734375</ele>
				<time>2026-08-09T17:55:34Z</time>
				<extensions>
					<speed>17.260000228881836</speed>
				</extensions>
			</trkpt>
			<trkpt lat="28.54614873" lon="77.2507179">
				<ele>184.3175048828125</ele>
				<time>2026-08-09T17:55:35Z</time>
				<extensions>
					<speed>16.979999542236328</speed>
				</extensions>
			</trkpt>
			<trkpt lat="28.54609272" lon="77.25056718">
				<ele>184.5721435546875</ele>
				<time>2026-08-09T17:55:36Z</time>
				<extensions>
					<speed>16.3799991607666</speed>
				</extensions>
			</trkpt>
			<trkpt lat="28.54604066" lon="77.2504084">
				<ele>184.0047607421875</ele>
				<time>2026-08-09T17:55:37Z</time>
				<extensions>
					<speed>16.93000030517578</speed>
				</extensions>
			</trkpt>
			<trkpt lat="28.54599198" lon="77.25024971">
				<ele>184.2601318359375</ele>
				<time>2026-08-09T17:55:38Z</time>
				<extensions>
					<speed>16.809999465942383</speed>
				</extensions>
			</trkpt>
			<trkpt lat="28.54593614" lon="77.25008313">
				<ele>183.3619384765625</ele>
				<time>2026-08-09T17:55:39Z</time>
				<extensions>
					<speed>17.729999542236328</speed>
				</extensions>
			</trkpt>
			<trkpt lat="28.54587354" lon="77.24991028">
				<ele>183.4927978515625</ele>
				<time>2026-08-09T17:55:40Z</time>
				<extensions>
					<speed>17.950000762939453</speed>
				</extensions>
			</trkpt>
			<trkpt lat="28.5458113" lon="77.24973767">
				<ele>182.83624267578125</ele>
				<time>2026-08-09T17:55:41Z</time>
				<extensions>
					<speed>18.06999969482422</speed>
				</extensions>
			</trkpt>
			<trkpt lat="28.5457513" lon="77.24956118">
				<ele>182.50811767578125</ele>
				<time>2026-08-09T17:55:42Z</time>
				<extensions>
					<speed>18.719999313354492</speed>
				</extensions>
			</trkpt>
			<trkpt lat="28.54569214" lon="77.24938268">
				<ele>180.24725341796875</ele>
				<time>2026-08-09T17:55:43Z</time>
				<extensions>
					<speed>18.389999389648438</speed>
				</extensions>
			</trkpt>
			<trkpt lat="28.5456249" lon="77.24921098">
				<ele>179.64361572265625</ele>
				<time>2026-08-09T17:55:44Z</time>
				<extensions>
					<speed>18.610000610351562</speed>
				</extensions>
			</trkpt>
			<trkpt lat="28.54555558" lon="77.24903556">
				<ele>179.41925048828125</ele>
				<time>2026-08-09T17:55:45Z</time>
				<extensions>
					<speed>19.15999984741211</speed>
				</extensions>
			</trkpt>
			<trkpt lat="28.54548184" lon="77.2488516">
				<ele>179.17864990234375</ele>
				<time>2026-08-09T17:55:46Z</time>
				<extensions>
					<speed>19.690000534057617</speed>
				</extensions>
			</trkpt>
			<trkpt lat="28.54540904" lon="77.24866565">
				<ele>178.36322021484375</ele>
				<time>2026-08-09T17:55:47Z</time>
				<extensions>
					<speed>20.309999465942383</speed>
				</extensions>
			</trkpt>
			<trkpt lat="28.54534065" lon="77.24847602">
				<ele>177.8951416015625</ele>
				<time>2026-08-09T17:55:48Z</time>
				<extensions>
					<speed>20.3799991607666</speed>
				</extensions>
			</trkpt>
			<trkpt lat="28.54527256" lon="77.24828184">
				<ele>177.8109130859375</ele>
				<time>2026-08-09T17:55:49Z</time>
				<extensions>
					<speed>20.260000228881836</speed>
				</extensions>
			</trkpt>
			<trkpt lat="28.54520626" lon="77.24809779">
				<ele>177.3170166015625</ele>
				<time>2026-08-09T17:55:50Z</time>
				<extensions>
					<speed>19.360000610351562</speed>
				</extensions>
			</trkpt>
			<trkpt lat="28.54514947" lon="77.24792293">
				<ele>177.0491943359375</ele>
				<time>2026-08-09T17:55:51Z</time>
				<extensions>
					<speed>17.899999618530273</speed>
				</extensions>
			</trkpt>
			<trkpt lat="28.54508576" lon="77.24775957">
				<ele>176.386474609375</ele>
				<time>2026-08-09T17:55:52Z</time>
				<extensions>
					<speed>17.329999923706055</speed>
				</extensions>
			</trkpt>
			<trkpt lat="28.54502606" lon="77.24760523">
				<ele>175.73388671875</ele>
				<time>2026-08-09T17:55:53Z</time>
				<extensions>
					<speed>16.959999084472656</speed>
				</extensions>
			</trkpt>
			<trkpt lat="28.54497719" lon="77.24746906">
				<ele>176.210205078125</ele>
				<time>2026-08-09T17:55:54Z</time>
				<extensions>
					<speed>14.130000114440918</speed>
				</extensions>
			</trkpt>
			<trkpt lat="28.54493342" lon="77.24736756">
				<ele>175.83428955078125</ele>
				<time>2026-08-09T17:55:55Z</time>
				<extensions>
					<speed>10.899999618530273</speed>
				</extensions>
			</trkpt>
			<trkpt lat="28.54489978" lon="77.24729625">
				<ele>176.00360107421875</ele>
				<time>2026-08-09T17:55:56Z</time>
				<extensions>
					<speed>7.670000076293945</speed>
				</extensions>
			</trkpt>
			<trkpt lat="28.54487191" lon="77.24723536">
				<ele>176.33465576171875</ele>
				<time>2026-08-09T17:55:57Z</time>
				<extensions>
					<speed>6.610000133514404</speed>
				</extensions>
			</trkpt>
			<trkpt lat="28.54484294" lon="77.24717605">
				<ele>176.719970703125</ele>
				<time>2026-08-09T17:55:58Z</time>
				<extensions>
					<speed>6.460000038146973</speed>
				</extensions>
			</trkpt>
			<trkpt lat="28.54481369" lon="77.24712112">
				<ele>175.80084228515625</ele>
				<time>2026-08-09T17:55:59Z</time>
				<extensions>
					<speed>7.760000228881836</speed>
				</extensions>
			</trkpt>
			<trkpt lat="28.54478743" lon="77.24704499">
				<ele>175.403076171875</ele>
				<time>2026-08-09T17:56:00Z</time>
				<extensions>
					<speed>8.59000015258789</speed>
				</extensions>
			</trkpt>
			<trkpt lat="28.54475812" lon="77.24696673">
				<ele>176.0247802734375</ele>
				<time>2026-08-09T17:56:01Z</time>
				<extensions>
					<speed>8.579999923706055</speed>
				</extensions>
			</trkpt>
			<trkpt lat="28.54472346" lon="77.24688123">
				<ele>176.45941162109375</ele>
				<time>2026-08-09T17:56:02Z</time>
				<extensions>
					<speed>9.760000228881836</speed>
				</extensions>
			</trkpt>
			<trkpt lat="28.54468868" lon="77.24679294">
				<ele>175.8349609375</ele>
				<time>2026-08-09T17:56:03Z</time>
				<extensions>
					<speed>10.489999771118164</speed>
				</extensions>
			</trkpt>
			<trkpt lat="28.54464857" lon="77.24670283">
				<ele>175.639404296875</ele>
				<time>2026-08-09T17:56:04Z</time>
				<extensions>
					<speed>10.520000457763672</speed>
				</extensions>
			</trkpt>
			<trkpt lat="28.54461024" lon="77.24660205">
				<ele>175.6549072265625</ele>
				<time>2026-08-09T17:56:05Z</time>
				<extensions>
					<speed>11.0</speed>
				</extensions>
			</trkpt>
			<trkpt lat="28.54456616" lon="77.24649145">
				<ele>175.42626953125</ele>
				<time>2026-08-09T17:56:06Z</time>
				<extensions>
					<speed>11.699999809265137</speed>
				</extensions>
			</trkpt>
			<trkpt lat="28.54451882" lon="77.24637289">
				<ele>175.2559814453125</ele>
				<time>2026-08-09T17:56:07Z</time>
				<extensions>
					<speed>12.520000457763672</speed>
				</extensions>
			</trkpt>
			<trkpt lat="28.54446965" lon="77.24625038">
				<ele>175.32574462890625</ele>
				<time>2026-08-09T17:56:08Z</time>
				<extensions>
					<speed>13.289999961853027</speed>
				</extensions>
			</trkpt>
			<trkpt lat="28.54441696" lon="77.2461165">
				<ele>175.6143798828125</ele>
				<time>2026-08-09T17:56:09Z</time>
				<extensions>
					<speed>13.9399995803833</speed>
				</extensions>
			</trkpt>
			<trkpt lat="28.54436637" lon="77.24597675">
				<ele>175.01910400390625</ele>
				<time>2026-08-09T17:56:10Z</time>
				<extensions>
					<speed>14.800000190734863</speed>
				</extensions>
			</trkpt>
			<trkpt lat="28.54431286" lon="77.24583199">
				<ele>175.18231201171875</ele>
				<time>2026-08-09T17:56:11Z</time>
				<extensions>
					<speed>15.40999984741211</speed>
				</extensions>
			</trkpt>
			<trkpt lat="28.54427567" lon="77.24568524">
				<ele>175.133056640625</ele>
				<time>2026-08-09T17:56:12Z</time>
				<extensions>
					<speed>15.399999618530273</speed>
				</extensions>
			</trkpt>
			<trkpt lat="28.54422057" lon="77.24554645">
				<ele>174.9718017578125</ele>
				<time>2026-08-09T17:56:13Z</time>
				<extensions>
					<speed>14.8100004196167</speed>
				</extensions>
			</trkpt>
			<trkpt lat="28.5441711" lon="77.24542772">
				<ele>174.49957275390625</ele>
				<time>2026-08-09T17:56:14Z</time>
				<extensions>
					<speed>12.569999694824219</speed>
				</extensions>
			</trkpt>
			<trkpt lat="28.54412384" lon="77.24530301">
				<ele>174.31195068359375</ele>
				<time>2026-08-09T17:56:15Z</time>
				<extensions>
					<speed>13.220000267028809</speed>
				</extensions>
			</trkpt>
			<trkpt lat="28.54407181" lon="77.2451818">
				<ele>174.43792724609375</ele>
				<time>2026-08-09T17:56:16Z</time>
				<extensions>
					<speed>12.84000015258789</speed>
				</extensions>
			</trkpt>
			<trkpt lat="28.54402343" lon="77.24505679">
				<ele>171.63507080078125</ele>
				<time>2026-08-09T17:56:17Z</time>
				<extensions>
					<speed>12.949999809265137</speed>
				</extensions>
			</trkpt>
			<trkpt lat="28.54397915" lon="77.24494486">
				<ele>172.1536865234375</ele>
				<time>2026-08-09T17:56:18Z</time>
				<extensions>
					<speed>11.420000076293945</speed>
				</extensions>
			</trkpt>
			<trkpt lat="28.54394313" lon="77.24483891">
				<ele>171.77337646484375</ele>
				<time>2026-08-09T17:56:19Z</time>
				<extensions>
					<speed>10.630000114440918</speed>
				</extensions>
			</trkpt>
			<trkpt lat="28.54390356" lon="77.2447477">
				<ele>171.52154541015625</ele>
				<time>2026-08-09T17:56:20Z</time>
				<extensions>
					<speed>10.029999732971191</speed>
				</extensions>
			</trkpt>
			<trkpt lat="28.5438702" lon="77.24465467">
				<ele>171.579345703125</ele>
				<time>2026-08-09T17:56:21Z</time>
				<extensions>
					<speed>9.289999961853027</speed>
				</extensions>
			</trkpt>
			<trkpt lat="28.54381354" lon="77.24456721">
				<ele>171.9677734375</ele>
				<time>2026-08-09T17:56:22Z</time>
				<extensions>
					<speed>8.75</speed>
				</extensions>
			</trkpt>
			<trkpt lat="28.54377846" lon="77.24449152">
				<ele>171.383056640625</ele>
				<time>2026-08-09T17:56:23Z</time>
				<extensions>
					<speed>8.90999984741211</speed>
				</extensions>
			</trkpt>
			<trkpt lat="28.54373307" lon="77.24439047">
				<ele>172.5098876953125</ele>
				<time>2026-08-09T17:56:24Z</time>
				<extensions>
					<speed>10.8100004196167</speed>
				</extensions>
			</trkpt>
			<trkpt lat="28.54370768" lon="77.24428999">
				<ele>172.2606201171875</ele>
				<time>2026-08-09T17:56:25Z</time>
				<extensions>
					<speed>10.880000114440918</speed>
				</extensions>
			</trkpt>
			<trkpt lat="28.54366185" lon="77.2441864">
				<ele>173.134521484375</ele>
				<time>2026-08-09T17:56:26Z</time>
				<extensions>
					<speed>11.5600004196167</speed>
				</extensions>
			</trkpt>
			<trkpt lat="28.5436148" lon="77.24407357">
				<ele>173.29876708984375</ele>
				<time>2026-08-09T17:56:27Z</time>
				<extensions>
					<speed>12.130000114440918</speed>
				</extensions>
			</trkpt>
			<trkpt lat="28.54357855" lon="77.24395579">
				<ele>172.38629150390625</ele>
				<time>2026-08-09T17:56:28Z</time>
				<extensions>
					<speed>12.880000114440918</speed>
				</extensions>
			</trkpt>
			<trkpt lat="28.54353944" lon="77.24383358">
				<ele>171.3858642578125</ele>
				<time>2026-08-09T17:56:29Z</time>
				<extensions>
					<speed>12.8100004196167</speed>
				</extensions>
			</trkpt>
			<trkpt lat="28.54350883" lon="77.24371063">
				<ele>170.016357421875</ele>
				<time>2026-08-09T17:56:30Z</time>
				<extensions>
					<speed>13.1899995803833</speed>
				</extensions>
			</trkpt>
			<trkpt lat="28.54346095" lon="77.24359015">
				<ele>169.6112060546875</ele>
				<time>2026-08-09T17:56:31Z</time>
				<extensions>
					<speed>13.3100004196167</speed>
				</extensions>
			</trkpt>
			<trkpt lat="28.54340767" lon="77.24346603">
				<ele>170.9383544921875</ele>
				<time>2026-08-09T17:56:32Z</time>
				<extensions>
					<speed>12.979999542236328</speed>
				</extensions>
			</trkpt>
			<trkpt lat="28.54335714" lon="77.24334304">
				<ele>170.03582763671875</ele>
				<time>2026-08-09T17:56:33Z</time>
				<extensions>
					<speed>12.789999961853027</speed>
				</extensions>
			</trkpt>
			<trkpt lat="28.54331466" lon="77.24323835">
				<ele>170.41790771484375</ele>
				<time>2026-08-09T17:56:34Z</time>
				<extensions>
					<speed>11.930000305175781</speed>
				</extensions>
			</trkpt>
			<trkpt lat="28.5432712" lon="77.24312763">
				<ele>170.3106689453125</ele>
				<time>2026-08-09T17:56:35Z</time>
				<extensions>
					<speed>11.90999984741211</speed>
				</extensions>
			</trkpt>
			<trkpt lat="28.54322705" lon="77.24301767">
				<ele>170.59197998046875</ele>
				<time>2026-08-09T17:56:36Z</time>
				<extensions>
					<speed>12.0</speed>
				</extensions>
			</trkpt>
			<trkpt lat="28.54317992" lon="77.24290086">
				<ele>171.936767578125</ele>
				<time>2026-08-09T17:56:37Z</time>
				<extensions>
					<speed>12.550000190734863</speed>
				</extensions>
			</trkpt>
			<trkpt lat="28.54314534" lon="77.24277234">
				<ele>172.8856201171875</ele>
				<time>2026-08-09T17:56:38Z</time>
				<extensions>
					<speed>12.880000114440918</speed>
				</extensions>
			</trkpt>
			<trkpt lat="28.5430973" lon="77.24263841">
				<ele>172.00689697265625</ele>
				<time>2026-08-09T17:56:39Z</time>
				<extensions>
					<speed>13.59000015258789</speed>
				</extensions>
			</trkpt>
			<trkpt lat="28.54305296" lon="77.2425039">
				<ele>172.52764892578125</ele>
				<time>2026-08-09T17:56:40Z</time>
				<extensions>
					<speed>14.210000038146973</speed>
				</extensions>
			</trkpt>
			<trkpt lat="28.54300357" lon="77.24236869">
				<ele>173.109130859375</ele>
				<time>2026-08-09T17:56:41Z</time>
				<extensions>
					<speed>13.75</speed>
				</extensions>
			</trkpt>
			<trkpt lat="28.54296242" lon="77.24224363">
				<ele>172.4005126953125</ele>
				<time>2026-08-09T17:56:42Z</time>
				<extensions>
					<speed>13.899999618530273</speed>
				</extensions>
			</trkpt>
			<trkpt lat="28.54291567" lon="77.24210463">
				<ele>172.4000244140625</ele>
				<time>2026-08-09T17:56:43Z</time>
				<extensions>
					<speed>14.479999542236328</speed>
				</extensions>
			</trkpt>
			<trkpt lat="28.54287063" lon="77.241958">
				<ele>171.75244140625</ele>
				<time>2026-08-09T17:56:44Z</time>
				<extensions>
					<speed>14.65999984741211</speed>
				</extensions>
			</trkpt>
			<trkpt lat="28.54281744" lon="77.24180843">
				<ele>171.66790771484375</ele>
				<time>2026-08-09T17:56:45Z</time>
				<extensions>
					<speed>15.449999809265137</speed>
				</extensions>
			</trkpt>
			<trkpt lat="28.5427606" lon="77.24166649">
				<ele>172.814208984375</ele>
				<time>2026-08-09T17:56:46Z</time>
				<extensions>
					<speed>15.34000015258789</speed>
				</extensions>
			</trkpt>
			<trkpt lat="28.54269985" lon="77.24150815">
				<ele>172.945556640625</ele>
				<time>2026-08-09T17:56:47Z</time>
				<extensions>
					<speed>16.06999969482422</speed>
				</extensions>
			</trkpt>
			<trkpt lat="28.54264363" lon="77.241358">
				<ele>172.8570556640625</ele>
				<time>2026-08-09T17:56:48Z</time>
				<extensions>
					<speed>16.239999771118164</speed>
				</extensions>
			</trkpt>
			<trkpt lat="28.54258426" lon="77.24121561">
				<ele>173.7120361328125</ele>
				<time>2026-08-09T17:56:49Z</time>
				<extensions>
					<speed>15.430000305175781</speed>
				</extensions>
			</trkpt>
			<trkpt lat="28.54252196" lon="77.24106625">
				<ele>175.13720703125</ele>
				<time>2026-08-09T17:56:50Z</time>
				<extensions>
					<speed>15.880000114440918</speed>
				</extensions>
			</trkpt>
			<trkpt lat="28.54246426" lon="77.24091725">
				<ele>175.17431640625</ele>
				<time>2026-08-09T17:56:51Z</time>
				<extensions>
					<speed>15.039999961853027</speed>
				</extensions>
			</trkpt>
			<trkpt lat="28.54241071" lon="77.24078076">
				<ele>175.42315673828125</ele>
				<time>2026-08-09T17:56:52Z</time>
				<extensions>
					<speed>14.4399995803833</speed>
				</extensions>
			</trkpt>
			<trkpt lat="28.54235998" lon="77.24064458">
				<ele>176.99871826171875</ele>
				<time>2026-08-09T17:56:53Z</time>
				<extensions>
					<speed>14.210000038146973</speed>
				</extensions>
			</trkpt>
			<trkpt lat="28.54230898" lon="77.24050788">
				<ele>177.57470703125</ele>
				<time>2026-08-09T17:56:54Z</time>
				<extensions>
					<speed>14.40999984741211</speed>
				</extensions>
			</trkpt>
			<trkpt lat="28.5422609" lon="77.24037581">
				<ele>178.43658447265625</ele>
				<time>2026-08-09T17:56:55Z</time>
				<extensions>
					<speed>13.630000114440918</speed>
				</extensions>
			</trkpt>
			<trkpt lat="28.54222109" lon="77.24025822">
				<ele>178.9393310546875</ele>
				<time>2026-08-09T17:56:56Z</time>
				<extensions>
					<speed>11.220000267028809</speed>
				</extensions>
			</trkpt>
			<trkpt lat="28.54218229" lon="77.24014699">
				<ele>179.0987548828125</ele>
				<time>2026-08-09T17:56:57Z</time>
				<extensions>
					<speed>11.390000343322754</speed>
				</extensions>
			</trkpt>
			<trkpt lat="28.54214445" lon="77.24003956">
				<ele>179.92877197265625</ele>
				<time>2026-08-09T17:56:58Z</time>
				<extensions>
					<speed>11.489999771118164</speed>
				</extensions>
			</trkpt>
			<trkpt lat="28.54209969" lon="77.23992818">
				<ele>180.79296875</ele>
				<time>2026-08-09T17:56:59Z</time>
				<extensions>
					<speed>11.779999732971191</speed>
				</extensions>
			</trkpt>
			<trkpt lat="28.54205032" lon="77.23981174">
				<ele>180.0802001953125</ele>
				<time>2026-08-09T17:57:00Z</time>
				<extensions>
					<speed>12.140000343322754</speed>
				</extensions>
			</trkpt>
			<trkpt lat="28.54200503" lon="77.23969281">
				<ele>179.95556640625</ele>
				<time>2026-08-09T17:57:01Z</time>
				<extensions>
					<speed>12.449999809265137</speed>
				</extensions>
			</trkpt>
			<trkpt lat="28.54196477" lon="77.23958613">
				<ele>179.4483642578125</ele>
				<time>2026-08-09T17:57:02Z</time>
				<extensions>
					<speed>11.5600004196167</speed>
				</extensions>
			</trkpt>
			<trkpt lat="28.54193113" lon="77.23950177">
				<ele>179.674560546875</ele>
				<time>2026-08-09T17:57:03Z</time>
				<extensions>
					<speed>8.6899995803833</speed>
				</extensions>
			</trkpt>
			<trkpt lat="28.54190203" lon="77.23941922">
				<ele>180.108154296875</ele>
				<time>2026-08-09T17:57:04Z</time>
				<extensions>
					<speed>8.430000305175781</speed>
				</extensions>
			</trkpt>
			<trkpt lat="28.54187304" lon="77.23933936">
				<ele>179.999755859375</ele>
				<time>2026-08-09T17:57:05Z</time>
				<extensions>
					<speed>8.399999618530273</speed>
				</extensions>
			</trkpt>
			<trkpt lat="28.54184408" lon="77.23926422">
				<ele>179.72894287109375</ele>
				<time>2026-08-09T17:57:06Z</time>
				<extensions>
					<speed>8.100000381469727</speed>
				</extensions>
			</trkpt>
			<trkpt lat="28.54181684" lon="77.23919457">
				<ele>179.7650146484375</ele>
				<time>2026-08-09T17:57:07Z</time>
				<extensions>
					<speed>7.389999866485596</speed>
				</extensions>
			</trkpt>
			<trkpt lat="28.54178901" lon="77.23912518">
				<ele>179.228271484375</ele>
				<time>2026-08-09T17:57:08Z</time>
				<extensions>
					<speed>8.020000457763672</speed>
				</extensions>
			</trkpt>
			<trkpt lat="28.54175649" lon="77.23904046">
				<ele>178.9215087890625</ele>
				<time>2026-08-09T17:57:09Z</time>
				<extensions>
					<speed>9.140000343322754</speed>
				</extensions>
			</trkpt>
			<trkpt lat="28.54172992" lon="77.23896803">
				<ele>178.2469482421875</ele>
				<time>2026-08-09T17:57:10Z</time>
				<extensions>
					<speed>7.610000133514404</speed>
				</extensions>
			</trkpt>
			<trkpt lat="28.54170492" lon="77.23890792">
				<ele>178.23272705078125</ele>
				<time>2026-08-09T17:57:11Z</time>
				<extensions>
					<speed>6.179999828338623</speed>
				</extensions>
			</trkpt>
			<trkpt lat="28.54168475" lon="77.23884954">
				<ele>178.12042236328125</ele>
				<time>2026-08-09T17:57:12Z</time>
				<extensions>
					<speed>6.230000019073486</speed>
				</extensions>
			</trkpt>
			<trkpt lat="28.54165772" lon="77.23877794">
				<ele>177.9720458984375</ele>
				<time>2026-08-09T17:57:13Z</time>
				<extensions>
					<speed>8.010000228881836</speed>
				</extensions>
			</trkpt>
			<trkpt lat="28.54162037" lon="77.23869182">
				<ele>177.93438720703125</ele>
				<time>2026-08-09T17:57:14Z</time>
				<extensions>
					<speed>9.319999694824219</speed>
				</extensions>
			</trkpt>
			<trkpt lat="28.54158059" lon="77.23859556">
				<ele>177.59637451171875</ele>
				<time>2026-08-09T17:57:15Z</time>
				<extensions>
					<speed>10.100000381469727</speed>
				</extensions>
			</trkpt>
			<trkpt lat="28.54153595" lon="77.23848876">
				<ele>177.10260009765625</ele>
				<time>2026-08-09T17:57:16Z</time>
				<extensions>
					<speed>11.260000228881836</speed>
				</extensions>
			</trkpt>
			<trkpt lat="28.54149183" lon="77.23837159">
				<ele>176.5989990234375</ele>
				<time>2026-08-09T17:57:17Z</time>
				<extensions>
					<speed>12.5600004196167</speed>
				</extensions>
			</trkpt>
			<trkpt lat="28.54144386" lon="77.23824756">
				<ele>175.4427490234375</ele>
				<time>2026-08-09T17:57:18Z</time>
				<extensions>
					<speed>13.930000305175781</speed>
				</extensions>
			</trkpt>
			<trkpt lat="28.54139233" lon="77.23811738">
				<ele>174.84375</ele>
				<time>2026-08-09T17:57:19Z</time>
				<extensions>
					<speed>14.25</speed>
				</extensions>
			</trkpt>
			<trkpt lat="28.54133482" lon="77.23797688">
				<ele>174.35491943359375</ele>
				<time>2026-08-09T17:57:20Z</time>
				<extensions>
					<speed>15.0600004196167</speed>
				</extensions>
			</trkpt>
			<trkpt lat="28.54128131" lon="77.23783467">
				<ele>173.85467529296875</ele>
				<time>2026-08-09T17:57:21Z</time>
				<extensions>
					<speed>15.460000038146973</speed>
				</extensions>
			</trkpt>
			<trkpt lat="28.54122366" lon="77.2376955">
				<ele>173.73974609375</ele>
				<time>2026-08-09T17:57:22Z</time>
				<extensions>
					<speed>14.949999809265137</speed>
				</extensions>
			</trkpt>
			<trkpt lat="28.54116624" lon="77.23757404">
				<ele>173.6497802734375</ele>
				<time>2026-08-09T17:57:23Z</time>
				<extensions>
					<speed>13.5600004196167</speed>
				</extensions>
			</trkpt>
			<trkpt lat="28.54111069" lon="77.23745088">
				<ele>173.5623779296875</ele>
				<time>2026-08-09T17:57:24Z</time>
				<extensions>
					<speed>13.4399995803833</speed>
				</extensions>
			</trkpt>
			<trkpt lat="28.54105948" lon="77.23732049">
				<ele>173.65380859375</ele>
				<time>2026-08-09T17:57:25Z</time>
				<extensions>
					<speed>13.880000114440918</speed>
				</extensions>
			</trkpt>
			<trkpt lat="28.54101203" lon="77.23718826">
				<ele>173.90911865234375</ele>
				<time>2026-08-09T17:57:26Z</time>
				<extensions>
					<speed>14.329999923706055</speed>
				</extensions>
			</trkpt>
			<trkpt lat="28.54095524" lon="77.23706093">
				<ele>174.37310791015625</ele>
				<time>2026-08-09T17:57:27Z</time>
				<extensions>
					<speed>14.279999732971191</speed>
				</extensions>
			</trkpt>
			<trkpt lat="28.54090228" lon="77.23693729">
				<ele>174.1473388671875</ele>
				<time>2026-08-09T17:57:28Z</time>
				<extensions>
					<speed>13.930000305175781</speed>
				</extensions>
			</trkpt>
			<trkpt lat="28.54084783" lon="77.23681369">
				<ele>174.1558837890625</ele>
				<time>2026-08-09T17:57:29Z</time>
				<extensions>
					<speed>13.300000190734863</speed>
				</extensions>
			</trkpt>
			<trkpt lat="28.54080256" lon="77.23668955">
				<ele>174.1185302734375</ele>
				<time>2026-08-09T17:57:30Z</time>
				<extensions>
					<speed>12.979999542236328</speed>
				</extensions>
			</trkpt>
			<trkpt lat="28.54076098" lon="77.23656388">
				<ele>174.26226806640625</ele>
				<time>2026-08-09T17:57:31Z</time>
				<extensions>
					<speed>12.869999885559082</speed>
				</extensions>
			</trkpt>
			<trkpt lat="28.54073302" lon="77.2364363">
				<ele>174.7657470703125</ele>
				<time>2026-08-09T17:57:32Z</time>
				<extensions>
					<speed>12.539999961853027</speed>
				</extensions>
			</trkpt>
			<trkpt lat="28.54071035" lon="77.23631241">
				<ele>174.758056640625</ele>
				<time>2026-08-09T17:57:33Z</time>
				<extensions>
					<speed>12.510000228881836</speed>
				</extensions>
			</trkpt>
			<trkpt lat="28.54069264" lon="77.23618849">
				<ele>174.8865966796875</ele>
				<time>2026-08-09T17:57:34Z</time>
				<extensions>
					<speed>12.239999771118164</speed>
				</extensions>
			</trkpt>
			<trkpt lat="28.54068038" lon="77.23606978">
				<ele>174.41058349609375</ele>
				<time>2026-08-09T17:57:35Z</time>
				<extensions>
					<speed>11.640000343322754</speed>
				</extensions>
			</trkpt>
			<trkpt lat="28.54066771" lon="77.23595279">
				<ele>174.5953369140625</ele>
				<time>2026-08-09T17:57:36Z</time>
				<extensions>
					<speed>11.5</speed>
				</extensions>
			</trkpt>
			<trkpt lat="28.54065909" lon="77.23584061">
				<ele>174.36749267578125</ele>
				<time>2026-08-09T17:57:37Z</time>
				<extensions>
					<speed>11.15999984741211</speed>
				</extensions>
			</trkpt>
			<trkpt lat="28.54065111" lon="77.23572072">
				<ele>174.494384765625</ele>
				<time>2026-08-09T17:57:38Z</time>
				<extensions>
					<speed>11.449999809265137</speed>
				</extensions>
			</trkpt>
			<trkpt lat="28.54064583" lon="77.2355997">
				<ele>174.64215087890625</ele>
				<time>2026-08-09T17:57:39Z</time>
				<extensions>
					<speed>11.920000076293945</speed>
				</extensions>
			</trkpt>
			<trkpt lat="28.54064486" lon="77.23547431">
				<ele>174.9482421875</ele>
				<time>2026-08-09T17:57:40Z</time>
				<extensions>
					<speed>12.130000114440918</speed>
				</extensions>
			</trkpt>
			<trkpt lat="28.54064472" lon="77.23535286">
				<ele>175.0487060546875</ele>
				<time>2026-08-09T17:57:41Z</time>
				<extensions>
					<speed>11.930000305175781</speed>
				</extensions>
			</trkpt>
			<trkpt lat="28.54064566" lon="77.23523749">
				<ele>174.893798828125</ele>
				<time>2026-08-09T17:57:42Z</time>
				<extensions>
					<speed>11.5</speed>
				</extensions>
			</trkpt>
			<trkpt lat="28.54065342" lon="77.23512173">
				<ele>175.22412109375</ele>
				<time>2026-08-09T17:57:43Z</time>
				<extensions>
					<speed>11.729999542236328</speed>
				</extensions>
			</trkpt>
			<trkpt lat="28.54066746" lon="77.23501356">
				<ele>174.83245849609375</ele>
				<time>2026-08-09T17:57:44Z</time>
				<extensions>
					<speed>10.470000267028809</speed>
				</extensions>
			</trkpt>
			<trkpt lat="28.54068364" lon="77.23491923">
				<ele>174.9837646484375</ele>
				<time>2026-08-09T17:57:45Z</time>
				<extensions>
					<speed>8.819999694824219</speed>
				</extensions>
			</trkpt>
			<trkpt lat="28.54070925" lon="77.23483626">
				<ele>174.7518310546875</ele>
				<time>2026-08-09T17:57:46Z</time>
				<extensions>
					<speed>8.220000267028809</speed>
				</extensions>
			</trkpt>
			<trkpt lat="28.54073145" lon="77.23475647">
				<ele>174.3359375</ele>
				<time>2026-08-09T17:57:47Z</time>
				<extensions>
					<speed>7.940000057220459</speed>
				</extensions>
			</trkpt>
			<trkpt lat="28.54075306" lon="77.23468238">
				<ele>173.8349609375</ele>
				<time>2026-08-09T17:57:48Z</time>
				<extensions>
					<speed>7.690000057220459</speed>
				</extensions>
			</trkpt>
			<trkpt lat="28.54077673" lon="77.23460285">
				<ele>173.879150390625</ele>
				<time>2026-08-09T17:57:49Z</time>
				<extensions>
					<speed>7.730000019073486</speed>
				</extensions>
			</trkpt>
			<trkpt lat="28.54080138" lon="77.23452082">
				<ele>174.10528564453125</ele>
				<time>2026-08-09T17:57:50Z</time>
				<extensions>
					<speed>8.510000228881836</speed>
				</extensions>
			</trkpt>
			<trkpt lat="28.54082594" lon="77.23442732">
				<ele>174.25311279296875</ele>
				<time>2026-08-09T17:57:51Z</time>
				<extensions>
					<speed>9.550000190734863</speed>
				</extensions>
			</trkpt>
			<trkpt lat="28.5408521" lon="77.23433371">
				<ele>173.96160888671875</ele>
				<time>2026-08-09T17:57:52Z</time>
				<extensions>
					<speed>9.859999656677246</speed>
				</extensions>
			</trkpt>
			<trkpt lat="28.54087731" lon="77.23423251">
				<ele>174.4354248046875</ele>
				<time>2026-08-09T17:57:53Z</time>
				<extensions>
					<speed>10.329999923706055</speed>
				</extensions>
			</trkpt>
			<trkpt lat="28.5409062" lon="77.23412801">
				<ele>175.20947265625</ele>
				<time>2026-08-09T17:57:54Z</time>
				<extensions>
					<speed>11.149999618530273</speed>
				</extensions>
			</trkpt>
			<trkpt lat="28.54093935" lon="77.23401109">
				<ele>175.2274169921875</ele>
				<time>2026-08-09T17:57:55Z</time>
				<extensions>
					<speed>11.920000076293945</speed>
				</extensions>
			</trkpt>
			<trkpt lat="28.54097903" lon="77.23388783">
				<ele>175.55499267578125</ele>
				<time>2026-08-09T17:57:56Z</time>
				<extensions>
					<speed>12.800000190734863</speed>
				</extensions>
			</trkpt>
			<trkpt lat="28.54102113" lon="77.23376592">
				<ele>176.26129150390625</ele>
				<time>2026-08-09T17:57:57Z</time>
				<extensions>
					<speed>12.649999618530273</speed>
				</extensions>
			</trkpt>
			<trkpt lat="28.54105736" lon="77.23363805">
				<ele>176.689208984375</ele>
				<time>2026-08-09T17:57:58Z</time>
				<extensions>
					<speed>12.699999809265137</speed>
				</extensions>
			</trkpt>
			<trkpt lat="28.54110107" lon="77.2335181">
				<ele>176.9158935546875</ele>
				<time>2026-08-09T17:57:59Z</time>
				<extensions>
					<speed>12.930000305175781</speed>
				</extensions>
			</trkpt>
			<trkpt lat="28.54114365" lon="77.23339559">
				<ele>177.1805419921875</ele>
				<time>2026-08-09T17:58:00Z</time>
				<extensions>
					<speed>13.199999809265137</speed>
				</extensions>
			</trkpt>
			<trkpt lat="28.54118732" lon="77.23326675">
				<ele>177.5654296875</ele>
				<time>2026-08-09T17:58:01Z</time>
				<extensions>
					<speed>13.4399995803833</speed>
				</extensions>
			</trkpt>
			<trkpt lat="28.54122998" lon="77.23313471">
				<ele>178.13037109375</ele>
				<time>2026-08-09T17:58:02Z</time>
				<extensions>
					<speed>13.75</speed>
				</extensions>
			</trkpt>
			<trkpt lat="28.54127201" lon="77.23300002">
				<ele>178.88262939453125</ele>
				<time>2026-08-09T17:58:03Z</time>
				<extensions>
					<speed>14.079999923706055</speed>
				</extensions>
			</trkpt>
			<trkpt lat="28.5413112" lon="77.2328603">
				<ele>179.130126953125</ele>
				<time>2026-08-09T17:58:04Z</time>
				<extensions>
					<speed>14.449999809265137</speed>
				</extensions>
			</trkpt>
			<trkpt lat="28.54135811" lon="77.2327188">
				<ele>179.54461669921875</ele>
				<time>2026-08-09T17:58:05Z</time>
				<extensions>
					<speed>14.84000015258789</speed>
				</extensions>
			</trkpt>
			<trkpt lat="28.54140111" lon="77.23257136">
				<ele>180.16717529296875</ele>
				<time>2026-08-09T17:58:06Z</time>
				<extensions>
					<speed>15.260000228881836</speed>
				</extensions>
			</trkpt>
			<trkpt lat="28.54144157" lon="77.23241893">
				<ele>180.8507080078125</ele>
				<time>2026-08-09T17:58:07Z</time>
				<extensions>
					<speed>15.550000190734863</speed>
				</extensions>
			</trkpt>
			<trkpt lat="28.54147434" lon="77.23226069">
				<ele>181.5535888671875</ele>
				<time>2026-08-09T17:58:08Z</time>
				<extensions>
					<speed>15.869999885559082</speed>
				</extensions>
			</trkpt>
			<trkpt lat="28.54150077" lon="77.23210022">
				<ele>181.783935546875</ele>
				<time>2026-08-09T17:58:09Z</time>
				<extensions>
					<speed>15.609999656677246</speed>
				</extensions>
			</trkpt>
			<trkpt lat="28.54152893" lon="77.23193853">
				<ele>181.584716796875</ele>
				<time>2026-08-09T17:58:10Z</time>
				<extensions>
					<speed>16.09000015258789</speed>
				</extensions>
			</trkpt>
			<trkpt lat="28.54155585" lon="77.23177107">
				<ele>181.3521728515625</ele>
				<time>2026-08-09T17:58:11Z</time>
				<extensions>
					<speed>16.520000457763672</speed>
				</extensions>
			</trkpt>
			<trkpt lat="28.54158033" lon="77.23159869">
				<ele>181.65631103515625</ele>
				<time>2026-08-09T17:58:12Z</time>
				<extensions>
					<speed>17.079999923706055</speed>
				</extensions>
			</trkpt>
			<trkpt lat="28.54160379" lon="77.23141984">
				<ele>181.53857421875</ele>
				<time>2026-08-09T17:58:13Z</time>
				<extensions>
					<speed>17.790000915527344</speed>
				</extensions>
			</trkpt>
			<trkpt lat="28.54162584" lon="77.23123878">
				<ele>181.19403076171875</ele>
				<time>2026-08-09T17:58:14Z</time>
				<extensions>
					<speed>18.209999084472656</speed>
				</extensions>
			</trkpt>
			<trkpt lat="28.54164746" lon="77.23104912">
				<ele>180.8548583984375</ele>
				<time>2026-08-09T17:58:15Z</time>
				<extensions>
					<speed>18.510000228881836</speed>
				</extensions>
			</trkpt>
			<trkpt lat="28.54166706" lon="77.23085855">
				<ele>180.5323486328125</ele>
				<time>2026-08-09T17:58:16Z</time>
				<extensions>
					<speed>18.75</speed>
				</extensions>
			</trkpt>
			<trkpt lat="28.54168762" lon="77.23067048">
				<ele>180.20745849609375</ele>
				<time>2026-08-09T17:58:17Z</time>
				<extensions>
					<speed>18.829999923706055</speed>
				</extensions>
			</trkpt>
			<trkpt lat="28.54170694" lon="77.23047918">
				<ele>179.79736328125</ele>
				<time>2026-08-09T17:58:18Z</time>
				<extensions>
					<speed>18.889999389648438</speed>
				</extensions>
			</trkpt>
			<trkpt lat="28.54172522" lon="77.23029036">
				<ele>178.97900390625</ele>
				<time>2026-08-09T17:58:19Z</time>
				<extensions>
					<speed>18.860000610351562</speed>
				</extensions>
			</trkpt>
			<trkpt lat="28.54174429" lon="77.23009853">
				<ele>178.43536376953125</ele>
				<time>2026-08-09T17:58:20Z</time>
				<extensions>
					<speed>18.979999542236328</speed>
				</extensions>
			</trkpt>
			<trkpt lat="28.54175995" lon="77.22990634">
				<ele>178.1845703125</ele>
				<time>2026-08-09T17:58:21Z</time>
				<extensions>
					<speed>18.84000015258789</speed>
				</extensions>
			</trkpt>
			<trkpt lat="28.54177507" lon="77.22971858">
				<ele>177.6107177734375</ele>
				<time>2026-08-09T17:58:22Z</time>
				<extensions>
					<speed>18.899999618530273</speed>
				</extensions>
			</trkpt>
			<trkpt lat="28.54179228" lon="77.229531">
				<ele>177.1712646484375</ele>
				<time>2026-08-09T17:58:23Z</time>
				<extensions>
					<speed>18.989999771118164</speed>
				</extensions>
			</trkpt>
			<trkpt lat="28.5418057" lon="77.22934634">
				<ele>177.01409912109375</ele>
				<time>2026-08-09T17:58:24Z</time>
				<extensions>
					<speed>18.280000686645508</speed>
				</extensions>
			</trkpt>
			<trkpt lat="28.54182326" lon="77.22916497">
				<ele>176.473388671875</ele>
				<time>2026-08-09T17:58:25Z</time>
				<extensions>
					<speed>17.6299991607666</speed>
				</extensions>
			</trkpt>
			<trkpt lat="28.54183729" lon="77.22898312">
				<ele>175.84417724609375</ele>
				<time>2026-08-09T17:58:26Z</time>
				<extensions>
					<speed>17.520000457763672</speed>
				</extensions>
			</trkpt>
			<trkpt lat="28.54185408" lon="77.2288028">
				<ele>175.560791015625</ele>
				<time>2026-08-09T17:58:27Z</time>
				<extensions>
					<speed>17.6200008392334</speed>
				</extensions>
			</trkpt>
			<trkpt lat="28.54187221" lon="77.22862671">
				<ele>174.980224609375</ele>
				<time>2026-08-09T17:58:28Z</time>
				<extensions>
					<speed>17.489999771118164</speed>
				</extensions>
			</trkpt>
			<trkpt lat="28.54188884" lon="77.22845726">
				<ele>174.76910400390625</ele>
				<time>2026-08-09T17:58:29Z</time>
				<extensions>
					<speed>16.760000228881836</speed>
				</extensions>
			</trkpt>
			<trkpt lat="28.54190971" lon="77.22829506">
				<ele>174.8148193359375</ele>
				<time>2026-08-09T17:58:30Z</time>
				<extensions>
					<speed>15.670000076293945</speed>
				</extensions>
			</trkpt>
			<trkpt lat="28.54193173" lon="77.22813962">
				<ele>174.40643310546875</ele>
				<time>2026-08-09T17:58:31Z</time>
				<extensions>
					<speed>15.149999618530273</speed>
				</extensions>
			</trkpt>
			<trkpt lat="28.54195119" lon="77.22798814">
				<ele>174.07867431640625</ele>
				<time>2026-08-09T17:58:32Z</time>
				<extensions>
					<speed>14.84000015258789</speed>
				</extensions>
			</trkpt>
			<trkpt lat="28.54197395" lon="77.22783848">
				<ele>174.1365966796875</ele>
				<time>2026-08-09T17:58:33Z</time>
				<extensions>
					<speed>14.800000190734863</speed>
				</extensions>
			</trkpt>
			<trkpt lat="28.54199561" lon="77.2276989">
				<ele>173.947021484375</ele>
				<time>2026-08-09T17:58:34Z</time>
				<extensions>
					<speed>13.630000114440918</speed>
				</extensions>
			</trkpt>
			<trkpt lat="28.54201089" lon="77.22756678">
				<ele>173.9764404296875</ele>
				<time>2026-08-09T17:58:35Z</time>
				<extensions>
					<speed>12.779999732971191</speed>
				</extensions>
			</trkpt>
			<trkpt lat="28.54202633" lon="77.22744063">
				<ele>173.93218994140625</ele>
				<time>2026-08-09T17:58:36Z</time>
				<extensions>
					<speed>12.569999694824219</speed>
				</extensions>
			</trkpt>
			<trkpt lat="28.54204005" lon="77.22731666">
				<ele>173.630859375</ele>
				<time>2026-08-09T17:58:37Z</time>
				<extensions>
					<speed>12.479999542236328</speed>
				</extensions>
			</trkpt>
			<trkpt lat="28.54204619" lon="77.22718282">
				<ele>173.365966796875</ele>
				<time>2026-08-09T17:58:38Z</time>
				<extensions>
					<speed>13.3100004196167</speed>
				</extensions>
			</trkpt>
			<trkpt lat="28.54205183" lon="77.22704067">
				<ele>173.53424072265625</ele>
				<time>2026-08-09T17:58:39Z</time>
				<extensions>
					<speed>14.170000076293945</speed>
				</extensions>
			</trkpt>
			<trkpt lat="28.54205713" lon="77.22689228">
				<ele>173.32965087890625</ele>
				<time>2026-08-09T17:58:40Z</time>
				<extensions>
					<speed>14.75</speed>
				</extensions>
			</trkpt>
			<trkpt lat="28.54207099" lon="77.22673009">
				<ele>172.4464111328125</ele>
				<time>2026-08-09T17:58:41Z</time>
				<extensions>
					<speed>15.119999885559082</speed>
				</extensions>
			</trkpt>
			<trkpt lat="28.54208519" lon="77.22656998">
				<ele>172.66510009765625</ele>
				<time>2026-08-09T17:58:42Z</time>
				<extensions>
					<speed>15.59000015258789</speed>
				</extensions>
			</trkpt>
			<trkpt lat="28.54209707" lon="77.22642015">
				<ele>171.6326904296875</ele>
				<time>2026-08-09T17:58:43Z</time>
				<extensions>
					<speed>14.5600004196167</speed>
				</extensions>
			</trkpt>
			<trkpt lat="28.54210708" lon="77.22628863">
				<ele>172.5050048828125</ele>
				<time>2026-08-09T17:58:44Z</time>
				<extensions>
					<speed>12.399999618530273</speed>
				</extensions>
			</trkpt>
			<trkpt lat="28.54211354" lon="77.226173">
				<ele>171.9339599609375</ele>
				<time>2026-08-09T17:58:45Z</time>
				<extensions>
					<speed>12.029999732971191</speed>
				</extensions>
			</trkpt>
			<trkpt lat="28.54211932" lon="77.22605606">
				<ele>172.16668701171875</ele>
				<time>2026-08-09T17:58:46Z</time>
				<extensions>
					<speed>11.609999656677246</speed>
				</extensions>
			</trkpt>
			<trkpt lat="28.54213079" lon="77.22593209">
				<ele>172.412841796875</ele>
				<time>2026-08-09T17:58:47Z</time>
				<extensions>
					<speed>12.09000015258789</speed>
				</extensions>
			</trkpt>
			<trkpt lat="28.54214024" lon="77.22580539">
				<ele>171.5908203125</ele>
				<time>2026-08-09T17:58:48Z</time>
				<extensions>
					<speed>12.279999732971191</speed>
				</extensions>
			</trkpt>
			<trkpt lat="28.54214734" lon="77.2256799">
				<ele>171.95404052734375</ele>
				<time>2026-08-09T17:58:49Z</time>
				<extensions>
					<speed>12.59000015258789</speed>
				</extensions>
			</trkpt>
			<trkpt lat="28.54215369" lon="77.22554649">
				<ele>172.2037353515625</ele>
				<time>2026-08-09T17:58:50Z</time>
				<extensions>
					<speed>13.039999961853027</speed>
				</extensions>
			</trkpt>
			<trkpt lat="28.54215747" lon="77.22540431">
				<ele>172.85577392578125</ele>
				<time>2026-08-09T17:58:51Z</time>
				<extensions>
					<speed>13.930000305175781</speed>
				</extensions>
			</trkpt>
			<trkpt lat="28.54216836" lon="77.22525562">
				<ele>172.7105712890625</ele>
				<time>2026-08-09T17:58:52Z</time>
				<extensions>
					<speed>14.720000267028809</speed>
				</extensions>
			</trkpt>
			<trkpt lat="28.54218605" lon="77.22510297">
				<ele>173.024169921875</ele>
				<time>2026-08-09T17:58:53Z</time>
				<extensions>
					<speed>15.100000381469727</speed>
				</extensions>
			</trkpt>
			<trkpt lat="28.54220476" lon="77.22494426">
				<ele>173.33209228515625</ele>
				<time>2026-08-09T17:58:54Z</time>
				<extensions>
					<speed>15.630000114440918</speed>
				</extensions>
			</trkpt>
			<trkpt lat="28.54222204" lon="77.22478963">
				<ele>173.7281494140625</ele>
				<time>2026-08-09T17:58:55Z</time>
				<extensions>
					<speed>15.369999885559082</speed>
				</extensions>
			</trkpt>
			<trkpt lat="28.5422373" lon="77.22462982">
				<ele>173.66162109375</ele>
				<time>2026-08-09T17:58:56Z</time>
				<extensions>
					<speed>15.859999656677246</speed>
				</extensions>
			</trkpt>
			<trkpt lat="28.54225311" lon="77.22446864">
				<ele>173.5728759765625</ele>
				<time>2026-08-09T17:58:57Z</time>
				<extensions>
					<speed>16.059999465942383</speed>
				</extensions>
			</trkpt>
			<trkpt lat="28.54226917" lon="77.22431186">
				<ele>173.534912109375</ele>
				<time>2026-08-09T17:58:58Z</time>
				<extensions>
					<speed>15.850000381469727</speed>
				</extensions>
			</trkpt>
			<trkpt lat="28.54228284" lon="77.22415249">
				<ele>173.1019287109375</ele>
				<time>2026-08-09T17:58:59Z</time>
				<extensions>
					<speed>15.279999732971191</speed>
				</extensions>
			</trkpt>
			<trkpt lat="28.54229541" lon="77.22400211">
				<ele>173.501708984375</ele>
				<time>2026-08-09T17:59:00Z</time>
				<extensions>
					<speed>14.819999694824219</speed>
				</extensions>
			</trkpt>
			<trkpt lat="28.54230067" lon="77.22384868">
				<ele>173.4073486328125</ele>
				<time>2026-08-09T17:59:01Z</time>
				<extensions>
					<speed>14.970000267028809</speed>
				</extensions>
			</trkpt>
			<trkpt lat="28.54230687" lon="77.22370031">
				<ele>172.697021484375</ele>
				<time>2026-08-09T17:59:02Z</time>
				<extensions>
					<speed>14.850000381469727</speed>
				</extensions>
			</trkpt>
			<trkpt lat="28.54232031" lon="77.22354868">
				<ele>173.18621826171875</ele>
				<time>2026-08-09T17:59:03Z</time>
				<extensions>
					<speed>14.649999618530273</speed>
				</extensions>
			</trkpt>
			<trkpt lat="28.54233659" lon="77.22339627">
				<ele>172.46044921875</ele>
				<time>2026-08-09T17:59:04Z</time>
				<extensions>
					<speed>14.989999771118164</speed>
				</extensions>
			</trkpt>
			<trkpt lat="28.54234555" lon="77.2232481">
				<ele>172.80767822265625</ele>
				<time>2026-08-09T17:59:05Z</time>
				<extensions>
					<speed>14.649999618530273</speed>
				</extensions>
			</trkpt>
			<trkpt lat="28.54235698" lon="77.22309957">
				<ele>172.7469482421875</ele>
				<time>2026-08-09T17:59:06Z</time>
				<extensions>
					<speed>14.569999694824219</speed>
				</extensions>
			</trkpt>
			<trkpt lat="28.5423692" lon="77.22295881">
				<ele>173.045654296875</ele>
				<time>2026-08-09T17:59:07Z</time>
				<extensions>
					<speed>13.930000305175781</speed>
				</extensions>
			</trkpt>
			<trkpt lat="28.54237492" lon="77.2228164">
				<ele>173.2657470703125</ele>
				<time>2026-08-09T17:59:08Z</time>
				<extensions>
					<speed>13.65999984741211</speed>
				</extensions>
			</trkpt>
			<trkpt lat="28.54237866" lon="77.22268132">
				<ele>172.20556640625</ele>
				<time>2026-08-09T17:59:09Z</time>
				<extensions>
					<speed>13.210000038146973</speed>
				</extensions>
			</trkpt>
			<trkpt lat="28.5423847" lon="77.22254564">
				<ele>171.52386474609375</ele>
				<time>2026-08-09T17:59:10Z</time>
				<extensions>
					<speed>13.350000381469727</speed>
				</extensions>
			</trkpt>
			<trkpt lat="28.54239428" lon="77.22240708">
				<ele>171.49932861328125</ele>
				<time>2026-08-09T17:59:11Z</time>
				<extensions>
					<speed>13.5600004196167</speed>
				</extensions>
			</trkpt>
			<trkpt lat="28.54241017" lon="77.22227308">
				<ele>171.7127685546875</ele>
				<time>2026-08-09T17:59:12Z</time>
				<extensions>
					<speed>13.140000343322754</speed>
				</extensions>
			</trkpt>
			<trkpt lat="28.5424229" lon="77.2221466">
				<ele>171.9398193359375</ele>
				<time>2026-08-09T17:59:13Z</time>
				<extensions>
					<speed>12.600000381469727</speed>
				</extensions>
			</trkpt>
			<trkpt lat="28.5424339" lon="77.2220177">
				<ele>171.81854248046875</ele>
				<time>2026-08-09T17:59:14Z</time>
				<extensions>
					<speed>12.630000114440918</speed>
				</extensions>
			</trkpt>
			<trkpt lat="28.54244747" lon="77.22188671">
				<ele>171.9737548828125</ele>
				<time>2026-08-09T17:59:15Z</time>
				<extensions>
					<speed>13.1899995803833</speed>
				</extensions>
			</trkpt>
			<trkpt lat="28.54245512" lon="77.22175113">
				<ele>172.0665283203125</ele>
				<time>2026-08-09T17:59:16Z</time>
				<extensions>
					<speed>13.579999923706055</speed>
				</extensions>
			</trkpt>
			<trkpt lat="28.54246342" lon="77.22161719">
				<ele>171.947509765625</ele>
				<time>2026-08-09T17:59:17Z</time>
				<extensions>
					<speed>13.15999984741211</speed>
				</extensions>
			</trkpt>
			<trkpt lat="28.5424757" lon="77.22148035">
				<ele>172.11907958984375</ele>
				<time>2026-08-09T17:59:18Z</time>
				<extensions>
					<speed>13.579999923706055</speed>
				</extensions>
			</trkpt>
			<trkpt lat="28.54249391" lon="77.22133531">
				<ele>172.13720703125</ele>
				<time>2026-08-09T17:59:19Z</time>
				<extensions>
					<speed>14.149999618530273</speed>
				</extensions>
			</trkpt>
			<trkpt lat="28.54250624" lon="77.22118763">
				<ele>171.90966796875</ele>
				<time>2026-08-09T17:59:20Z</time>
				<extensions>
					<speed>14.819999694824219</speed>
				</extensions>
			</trkpt>
			<trkpt lat="28.5425159" lon="77.22103473">
				<ele>171.72247314453125</ele>
				<time>2026-08-09T17:59:21Z</time>
				<extensions>
					<speed>15.069999694824219</speed>
				</extensions>
			</trkpt>
			<trkpt lat="28.54253108" lon="77.22088016">
				<ele>171.7734375</ele>
				<time>2026-08-09T17:59:22Z</time>
				<extensions>
					<speed>15.0</speed>
				</extensions>
			</trkpt>
			<trkpt lat="28.54254159" lon="77.22072058">
				<ele>171.9736328125</ele>
				<time>2026-08-09T17:59:23Z</time>
				<extensions>
					<speed>15.529999732971191</speed>
				</extensions>
			</trkpt>
			<trkpt lat="28.5425514" lon="77.22056013">
				<ele>172.02130126953125</ele>
				<time>2026-08-09T17:59:24Z</time>
				<extensions>
					<speed>15.699999809265137</speed>
				</extensions>
			</trkpt>
			<trkpt lat="28.54256536" lon="77.22039617">
				<ele>172.2996826171875</ele>
				<time>2026-08-09T17:59:25Z</time>
				<extensions>
					<speed>15.869999885559082</speed>
				</extensions>
			</trkpt>
			<trkpt lat="28.54257469" lon="77.22023698">
				<ele>172.48260498046875</ele>
				<time>2026-08-09T17:59:26Z</time>
				<extensions>
					<speed>15.449999809265137</speed>
				</extensions>
			</trkpt>
			<trkpt lat="28.54258357" lon="77.22009743">
				<ele>172.4315185546875</ele>
				<time>2026-08-09T17:59:27Z</time>
				<extensions>
					<speed>13.25</speed>
				</extensions>
			</trkpt>
			<trkpt lat="28.54259886" lon="77.21996747">
				<ele>172.3614501953125</ele>
				<time>2026-08-09T17:59:28Z</time>
				<extensions>
					<speed>12.489999771118164</speed>
				</extensions>
			</trkpt>
			<trkpt lat="28.54260678" lon="77.21983715">
				<ele>172.69940185546875</ele>
				<time>2026-08-09T17:59:29Z</time>
				<extensions>
					<speed>12.699999809265137</speed>
				</extensions>
			</trkpt>
			<trkpt lat="28.54261117" lon="77.2197045">
				<ele>172.82806396484375</ele>
				<time>2026-08-09T17:59:30Z</time>
				<extensions>
					<speed>12.949999809265137</speed>
				</extensions>
			</trkpt>
			<trkpt lat="28.54261756" lon="77.21956802">
				<ele>172.59014892578125</ele>
				<time>2026-08-09T17:59:31Z</time>
				<extensions>
					<speed>13.489999771118164</speed>
				</extensions>
			</trkpt>
			<trkpt lat="28.54262234" lon="77.21942839">
				<ele>172.705078125</ele>
				<time>2026-08-09T17:59:32Z</time>
				<extensions>
					<speed>13.930000305175781</speed>
				</extensions>
			</trkpt>
			<trkpt lat="28.54263019" lon="77.2192892">
				<ele>171.7833251953125</ele>
				<time>2026-08-09T17:59:33Z</time>
				<extensions>
					<speed>13.989999771118164</speed>
				</extensions>
			</trkpt>
			<trkpt lat="28.54264061" lon="77.21913809">
				<ele>171.9637451171875</ele>
				<time>2026-08-09T17:59:34Z</time>
				<extensions>
					<speed>14.65999984741211</speed>
				</extensions>
			</trkpt>
			<trkpt lat="28.54265228" lon="77.21898614">
				<ele>171.54315185546875</ele>
				<time>2026-08-09T17:59:35Z</time>
				<extensions>
					<speed>15.109999656677246</speed>
				</extensions>
			</trkpt>
			<trkpt lat="28.54266058" lon="77.21882732">
				<ele>171.64349365234375</ele>
				<time>2026-08-09T17:59:36Z</time>
				<extensions>
					<speed>15.770000457763672</speed>
				</extensions>
			</trkpt>
			<trkpt lat="28.54267089" lon="77.21866017">
				<ele>171.65960693359375</ele>
				<time>2026-08-09T17:59:37Z</time>
				<extensions>
					<speed>16.329999923706055</speed>
				</extensions>
			</trkpt>
			<trkpt lat="28.54268455" lon="77.21850299">
				<ele>171.726318359375</ele>
				<time>2026-08-09T17:59:38Z</time>
				<extensions>
					<speed>15.300000190734863</speed>
				</extensions>
			</trkpt>
			<trkpt lat="28.54269329" lon="77.21834204">
				<ele>171.1851806640625</ele>
				<time>2026-08-09T17:59:39Z</time>
				<extensions>
					<speed>15.100000381469727</speed>
				</extensions>
			</trkpt>
			<trkpt lat="28.54270349" lon="77.21820221">
				<ele>171.45257568359375</ele>
				<time>2026-08-09T17:59:40Z</time>
				<extensions>
					<speed>13.670000076293945</speed>
				</extensions>
			</trkpt>
			<trkpt lat="28.54271713" lon="77.21806706">
				<ele>170.8326416015625</ele>
				<time>2026-08-09T17:59:41Z</time>
				<extensions>
					<speed>13.100000381469727</speed>
				</extensions>
			</trkpt>
			<trkpt lat="28.54272776" lon="77.21793766">
				<ele>170.85699462890625</ele>
				<time>2026-08-09T17:59:42Z</time>
				<extensions>
					<speed>12.6899995803833</speed>
				</extensions>
			</trkpt>
			<trkpt lat="28.54272751" lon="77.21779596">
				<ele>170.29254150390625</ele>
				<time>2026-08-09T17:59:43Z</time>
				<extensions>
					<speed>13.869999885559082</speed>
				</extensions>
			</trkpt>
			<trkpt lat="28.54273495" lon="77.21764565">
				<ele>169.93463134765625</ele>
				<time>2026-08-09T17:59:44Z</time>
				<extensions>
					<speed>15.029999732971191</speed>
				</extensions>
			</trkpt>
			<trkpt lat="28.54274561" lon="77.21749069">
				<ele>170.6456298828125</ele>
				<time>2026-08-09T17:59:45Z</time>
				<extensions>
					<speed>15.289999961853027</speed>
				</extensions>
			</trkpt>
			<trkpt lat="28.54275284" lon="77.21732669">
				<ele>170.525146484375</ele>
				<time>2026-08-09T17:59:46Z</time>
				<extensions>
					<speed>15.949999809265137</speed>
				</extensions>
			</trkpt>
			<trkpt lat="28.54275589" lon="77.21716023">
				<ele>170.62188720703125</ele>
				<time>2026-08-09T17:59:47Z</time>
				<extensions>
					<speed>16.68000030517578</speed>
				</extensions>
			</trkpt>
			<trkpt lat="28.54276643" lon="77.21698061">
				<ele>170.72991943359375</ele>
				<time>2026-08-09T17:59:48Z</time>
				<extensions>
					<speed>17.559999465942383</speed>
				</extensions>
			</trkpt>
			<trkpt lat="28.54278044" lon="77.21679647">
				<ele>169.709716796875</ele>
				<time>2026-08-09T17:59:49Z</time>
				<extensions>
					<speed>17.65999984741211</speed>
				</extensions>
			</trkpt>
			<trkpt lat="28.54279577" lon="77.21663535">
				<ele>169.03631591796875</ele>
				<time>2026-08-09T17:59:50Z</time>
				<extensions>
					<speed>15.350000381469727</speed>
				</extensions>
			</trkpt>
			<trkpt lat="28.54281415" lon="77.21649725">
				<ele>169.15350341796875</ele>
				<time>2026-08-09T17:59:51Z</time>
				<extensions>
					<speed>13.470000267028809</speed>
				</extensions>
			</trkpt>
			<trkpt lat="28.54282873" lon="77.21638273">
				<ele>169.418212890625</ele>
				<time>2026-08-09T17:59:52Z</time>
				<extensions>
					<speed>10.899999618530273</speed>
				</extensions>
			</trkpt>
			<trkpt lat="28.54283661" lon="77.21627729">
				<ele>168.7801513671875</ele>
				<time>2026-08-09T17:59:53Z</time>
				<extensions>
					<speed>10.619999885559082</speed>
				</extensions>
			</trkpt>
			<trkpt lat="28.54284096" lon="77.21617139">
				<ele>168.0467529296875</ele>
				<time>2026-08-09T17:59:54Z</time>
				<extensions>
					<speed>10.600000381469727</speed>
				</extensions>
			</trkpt>
			<trkpt lat="28.54285275" lon="77.21606517">
				<ele>168.13916015625</ele>
				<time>2026-08-09T17:59:55Z</time>
				<extensions>
					<speed>10.510000228881836</speed>
				</extensions>
			</trkpt>
			<trkpt lat="28.54285816" lon="77.21596124">
				<ele>168.5283203125</ele>
				<time>2026-08-09T17:59:56Z</time>
				<extensions>
					<speed>10.279999732971191</speed>
				</extensions>
			</trkpt>
			<trkpt lat="28.54286712" lon="77.2158543">
				<ele>168.80987548828125</ele>
				<time>2026-08-09T17:59:57Z</time>
				<extensions>
					<speed>10.699999809265137</speed>
				</extensions>
			</trkpt>
			<trkpt lat="28.54287687" lon="77.21574478">
				<ele>168.97723388671875</ele>
				<time>2026-08-09T17:59:58Z</time>
				<extensions>
					<speed>10.829999923706055</speed>
				</extensions>
			</trkpt>
			<trkpt lat="28.54288856" lon="77.21563013">
				<ele>168.9208984375</ele>
				<time>2026-08-09T17:59:59Z</time>
				<extensions>
					<speed>11.4399995803833</speed>
				</extensions>
			</trkpt>
			<trkpt lat="28.54289648" lon="77.2155068">
				<ele>167.942626953125</ele>
				<time>2026-08-09T18:00:00Z</time>
				<extensions>
					<speed>11.979999542236328</speed>
				</extensions>
			</trkpt>
			<trkpt lat="28.54290551" lon="77.21538954">
				<ele>168.0338134765625</ele>
				<time>2026-08-09T18:00:01Z</time>
				<extensions>
					<speed>11.739999771118164</speed>
				</extensions>
			</trkpt>
			<trkpt lat="28.54291708" lon="77.21527374">
				<ele>167.364013671875</ele>
				<time>2026-08-09T18:00:02Z</time>
				<extensions>
					<speed>11.569999694824219</speed>
				</extensions>
			</trkpt>
			<trkpt lat="28.5429236" lon="77.21515877">
				<ele>166.74853515625</ele>
				<time>2026-08-09T18:00:03Z</time>
				<extensions>
					<speed>11.380000114440918</speed>
				</extensions>
			</trkpt>
			<trkpt lat="28.54293466" lon="77.2150424">
				<ele>166.60888671875</ele>
				<time>2026-08-09T18:00:04Z</time>
				<extensions>
					<speed>11.489999771118164</speed>
				</extensions>
			</trkpt>
			<trkpt lat="28.54294587" lon="77.21492991">
				<ele>166.63372802734375</ele>
				<time>2026-08-09T18:00:05Z</time>
				<extensions>
					<speed>11.199999809265137</speed>
				</extensions>
			</trkpt>
			<trkpt lat="28.54295611" lon="77.21482289">
				<ele>167.33233642578125</ele>
				<time>2026-08-09T18:00:06Z</time>
				<extensions>
					<speed>10.779999732971191</speed>
				</extensions>
			</trkpt>
			<trkpt lat="28.54296612" lon="77.21471691">
				<ele>167.0989990234375</ele>
				<time>2026-08-09T18:00:07Z</time>
				<extensions>
					<speed>10.609999656677246</speed>
				</extensions>
			</trkpt>
			<trkpt lat="28.54297316" lon="77.21460955">
				<ele>167.19049072265625</ele>
				<time>2026-08-09T18:00:08Z</time>
				<extensions>
					<speed>10.470000267028809</speed>
				</extensions>
			</trkpt>
			<trkpt lat="28.54298175" lon="77.21449877">
				<ele>167.21649169921875</ele>
				<time>2026-08-09T18:00:09Z</time>
				<extensions>
					<speed>10.850000381469727</speed>
				</extensions>
			</trkpt>
			<trkpt lat="28.54299166" lon="77.21437795">
				<ele>165.90887451171875</ele>
				<time>2026-08-09T18:00:10Z</time>
				<extensions>
					<speed>11.539999961853027</speed>
				</extensions>
			</trkpt>
			<trkpt lat="28.54299302" lon="77.21424934">
				<ele>164.1707763671875</ele>
				<time>2026-08-09T18:00:11Z</time>
				<extensions>
					<speed>11.890000343322754</speed>
				</extensions>
			</trkpt>
			<trkpt lat="28.54302006" lon="77.21411395">
				<ele>165.19873046875</ele>
				<time>2026-08-09T18:00:12Z</time>
				<extensions>
					<speed>12.569999694824219</speed>
				</extensions>
			</trkpt>
			<trkpt lat="28.54303021" lon="77.21399027">
				<ele>165.8822021484375</ele>
				<time>2026-08-09T18:00:13Z</time>
				<extensions>
					<speed>12.819999694824219</speed>
				</extensions>
			</trkpt>
			<trkpt lat="28.54303224" lon="77.21386327">
				<ele>165.87554931640625</ele>
				<time>2026-08-09T18:00:14Z</time>
				<extensions>
					<speed>12.6899995803833</speed>
				</extensions>
			</trkpt>
			<trkpt lat="28.54304463" lon="77.21373116">
				<ele>166.02423095703125</ele>
				<time>2026-08-09T18:00:15Z</time>
				<extensions>
					<speed>13.119999885559082</speed>
				</extensions>
			</trkpt>
			<trkpt lat="28.54306168" lon="77.21360005">
				<ele>166.3516845703125</ele>
				<time>2026-08-09T18:00:16Z</time>
				<extensions>
					<speed>13.300000190734863</speed>
				</extensions>
			</trkpt>
			<trkpt lat="28.54307766" lon="77.21346366">
				<ele>166.29180908203125</ele>
				<time>2026-08-09T18:00:17Z</time>
				<extensions>
					<speed>13.489999771118164</speed>
				</extensions>
			</trkpt>
			<trkpt lat="28.54308985" lon="77.21332709">
				<ele>166.3341064453125</ele>
				<time>2026-08-09T18:00:18Z</time>
				<extensions>
					<speed>13.579999923706055</speed>
				</extensions>
			</trkpt>
			<trkpt lat="28.5431045" lon="77.21318612">
				<ele>167.621826171875</ele>
				<time>2026-08-09T18:00:19Z</time>
				<extensions>
					<speed>13.739999771118164</speed>
				</extensions>
			</trkpt>
			<trkpt lat="28.54311374" lon="77.21304475">
				<ele>167.81781005859375</ele>
				<time>2026-08-09T18:00:20Z</time>
				<extensions>
					<speed>13.779999732971191</speed>
				</extensions>
			</trkpt>
			<trkpt lat="28.54312466" lon="77.21290847">
				<ele>168.51629638671875</ele>
				<time>2026-08-09T18:00:21Z</time>
				<extensions>
					<speed>13.329999923706055</speed>
				</extensions>
			</trkpt>
			<trkpt lat="28.54312637" lon="77.21278556">
				<ele>168.95623779296875</ele>
				<time>2026-08-09T18:00:22Z</time>
				<extensions>
					<speed>12.619999885559082</speed>
				</extensions>
			</trkpt>
			<trkpt lat="28.54312659" lon="77.21267209">
				<ele>169.73291015625</ele>
				<time>2026-08-09T18:00:23Z</time>
				<extensions>
					<speed>11.369999885559082</speed>
				</extensions>
			</trkpt>
			<trkpt lat="28.54313352" lon="77.21256123">
				<ele>169.86529541015625</ele>
				<time>2026-08-09T18:00:24Z</time>
				<extensions>
					<speed>10.859999656677246</speed>
				</extensions>
			</trkpt>
			<trkpt lat="28.54313807" lon="77.21245211">
				<ele>170.52099609375</ele>
				<time>2026-08-09T18:00:25Z</time>
				<extensions>
					<speed>10.729999542236328</speed>
				</extensions>
			</trkpt>
			<trkpt lat="28.54313599" lon="77.21234813">
				<ele>170.53125</ele>
				<time>2026-08-09T18:00:26Z</time>
				<extensions>
					<speed>10.529999732971191</speed>
				</extensions>
			</trkpt>
			<trkpt lat="28.54314056" lon="77.2122406">
				<ele>169.82781982421875</ele>
				<time>2026-08-09T18:00:27Z</time>
				<extensions>
					<speed>10.399999618530273</speed>
				</extensions>
			</trkpt>
			<trkpt lat="28.54314219" lon="77.21213365">
				<ele>170.14178466796875</ele>
				<time>2026-08-09T18:00:28Z</time>
				<extensions>
					<speed>10.680000305175781</speed>
				</extensions>
			</trkpt>
			<trkpt lat="28.54314043" lon="77.21202773">
				<ele>169.65533447265625</ele>
				<time>2026-08-09T18:00:29Z</time>
				<extensions>
					<speed>10.9399995803833</speed>
				</extensions>
			</trkpt>
			<trkpt lat="28.5431449" lon="77.21191478">
				<ele>169.5965576171875</ele>
				<time>2026-08-09T18:00:30Z</time>
				<extensions>
					<speed>11.119999885559082</speed>
				</extensions>
			</trkpt>
			<trkpt lat="28.54314971" lon="77.21180421">
				<ele>169.62548828125</ele>
				<time>2026-08-09T18:00:31Z</time>
				<extensions>
					<speed>11.0600004196167</speed>
				</extensions>
			</trkpt>
			<trkpt lat="28.54315712" lon="77.21168558">
				<ele>169.7587890625</ele>
				<time>2026-08-09T18:00:32Z</time>
				<extensions>
					<speed>11.270000457763672</speed>
				</extensions>
			</trkpt>
			<trkpt lat="28.54316536" lon="77.21156838">
				<ele>169.6141357421875</ele>
				<time>2026-08-09T18:00:33Z</time>
				<extensions>
					<speed>11.100000381469727</speed>
				</extensions>
			</trkpt>
			<trkpt lat="28.543174" lon="77.21145139">
				<ele>169.7698974609375</ele>
				<time>2026-08-09T18:00:34Z</time>
				<extensions>
					<speed>11.210000038146973</speed>
				</extensions>
			</trkpt>
			<trkpt lat="28.54318144" lon="77.21133538">
				<ele>170.0240478515625</ele>
				<time>2026-08-09T18:00:35Z</time>
				<extensions>
					<speed>11.300000190734863</speed>
				</extensions>
			</trkpt>
			<trkpt lat="28.54319298" lon="77.21122114">
				<ele>170.0989990234375</ele>
				<time>2026-08-09T18:00:36Z</time>
				<extensions>
					<speed>11.399999618530273</speed>
				</extensions>
			</trkpt>
			<trkpt lat="28.54319887" lon="77.21110451">
				<ele>169.0523681640625</ele>
				<time>2026-08-09T18:00:37Z</time>
				<extensions>
					<speed>11.430000305175781</speed>
				</extensions>
			</trkpt>
			<trkpt lat="28.54320803" lon="77.21098515">
				<ele>169.10107421875</ele>
				<time>2026-08-09T18:00:38Z</time>
				<extensions>
					<speed>11.359999656677246</speed>
				</extensions>
			</trkpt>
			<trkpt lat="28.54321571" lon="77.21086975">
				<ele>169.1026611328125</ele>
				<time>2026-08-09T18:00:39Z</time>
				<extensions>
					<speed>10.770000457763672</speed>
				</extensions>
			</trkpt>
			<trkpt lat="28.54323008" lon="77.21076715">
				<ele>169.4605712890625</ele>
				<time>2026-08-09T18:00:40Z</time>
				<extensions>
					<speed>9.5</speed>
				</extensions>
			</trkpt>
			<trkpt lat="28.54323699" lon="77.21067503">
				<ele>169.61260986328125</ele>
				<time>2026-08-09T18:00:41Z</time>
				<extensions>
					<speed>9.319999694824219</speed>
				</extensions>
			</trkpt>
			<trkpt lat="28.54324543" lon="77.21058415">
				<ele>169.947998046875</ele>
				<time>2026-08-09T18:00:42Z</time>
				<extensions>
					<speed>9.199999809265137</speed>
				</extensions>
			</trkpt>
			<trkpt lat="28.54325226" lon="77.21049123">
				<ele>170.116943359375</ele>
				<time>2026-08-09T18:00:43Z</time>
				<extensions>
					<speed>8.90999984741211</speed>
				</extensions>
			</trkpt>
			<trkpt lat="28.5432609" lon="77.21039756">
				<ele>170.0152587890625</ele>
				<time>2026-08-09T18:00:44Z</time>
				<extensions>
					<speed>8.9399995803833</speed>
				</extensions>
			</trkpt>
			<trkpt lat="28.54326842" lon="77.21030465">
				<ele>169.778076171875</ele>
				<time>2026-08-09T18:00:45Z</time>
				<extensions>
					<speed>8.920000076293945</speed>
				</extensions>
			</trkpt>
			<trkpt lat="28.54327214" lon="77.21021775">
				<ele>169.38916015625</ele>
				<time>2026-08-09T18:00:46Z</time>
				<extensions>
					<speed>8.050000190734863</speed>
				</extensions>
			</trkpt>
			<trkpt lat="28.54327791" lon="77.21013928">
				<ele>169.0509033203125</ele>
				<time>2026-08-09T18:00:47Z</time>
				<extensions>
					<speed>7.630000114440918</speed>
				</extensions>
			</trkpt>
			<trkpt lat="28.54328502" lon="77.21006494">
				<ele>169.0736083984375</ele>
				<time>2026-08-09T18:00:48Z</time>
				<extensions>
					<speed>7.449999809265137</speed>
				</extensions>
			</trkpt>
			<trkpt lat="28.54328988" lon="77.20999166">
				<ele>169.32904052734375</ele>
				<time>2026-08-09T18:00:49Z</time>
				<extensions>
					<speed>7.210000038146973</speed>
				</extensions>
			</trkpt>
			<trkpt lat="28.54329535" lon="77.20992101">
				<ele>169.91326904296875</ele>
				<time>2026-08-09T18:00:50Z</time>
				<extensions>
					<speed>7.050000190734863</speed>
				</extensions>
			</trkpt>
			<trkpt lat="28.54330226" lon="77.20984774">
				<ele>169.70037841796875</ele>
				<time>2026-08-09T18:00:51Z</time>
				<extensions>
					<speed>7.0</speed>
				</extensions>
			</trkpt>
			<trkpt lat="28.54330485" lon="77.20977378">
				<ele>169.4661865234375</ele>
				<time>2026-08-09T18:00:52Z</time>
				<extensions>
					<speed>7.25</speed>
				</extensions>
			</trkpt>
			<trkpt lat="28.54331581" lon="77.20969035">
				<ele>169.578857421875</ele>
				<time>2026-08-09T18:00:53Z</time>
				<extensions>
					<speed>7.650000095367432</speed>
				</extensions>
			</trkpt>
			<trkpt lat="28.54332238" lon="77.2096086">
				<ele>169.2479248046875</ele>
				<time>2026-08-09T18:00:54Z</time>
				<extensions>
					<speed>8.039999961853027</speed>
				</extensions>
			</trkpt>
			<trkpt lat="28.54332722" lon="77.20952552">
				<ele>169.42236328125</ele>
				<time>2026-08-09T18:00:55Z</time>
				<extensions>
					<speed>8.380000114440918</speed>
				</extensions>
			</trkpt>
			<trkpt lat="28.54332342" lon="77.20943956">
				<ele>169.3193359375</ele>
				<time>2026-08-09T18:00:56Z</time>
				<extensions>
					<speed>8.4399995803833</speed>
				</extensions>
			</trkpt>
			<trkpt lat="28.54331562" lon="77.20937368">
				<ele>168.978271484375</ele>
				<time>2026-08-09T18:00:57Z</time>
				<extensions>
					<speed>6.75</speed>
				</extensions>
			</trkpt>
			<trkpt lat="28.54332164" lon="77.20932506">
				<ele>169.24237060546875</ele>
				<time>2026-08-09T18:00:58Z</time>
				<extensions>
					<speed>4.980000019073486</speed>
				</extensions>
			</trkpt>
			<trkpt lat="28.54333005" lon="77.20927801">
				<ele>169.122314453125</ele>
				<time>2026-08-09T18:00:59Z</time>
				<extensions>
					<speed>4.96999979019165</speed>
				</extensions>
			</trkpt>
			<trkpt lat="28.5433479" lon="77.20923334">
				<ele>169.4354248046875</ele>
				<time>2026-08-09T18:01:00Z</time>
				<extensions>
					<speed>4.739999771118164</speed>
				</extensions>
			</trkpt>
			<trkpt lat="28.54336065" lon="77.20919017">
				<ele>169.5145263671875</ele>
				<time>2026-08-09T18:01:01Z</time>
				<extensions>
					<speed>4.559999942779541</speed>
				</extensions>
			</trkpt>
			<trkpt lat="28.5433697" lon="77.20915273">
				<ele>169.7760009765625</ele>
				<time>2026-08-09T18:01:02Z</time>
				<extensions>
					<speed>3.680000066757202</speed>
				</extensions>
			</trkpt>
			<trkpt lat="28.54337422" lon="77.20912716">
				<ele>169.6160888671875</ele>
				<time>2026-08-09T18:01:03Z</time>
				<extensions>
					<speed>1.9299999475479126</speed>
				</extensions>
			</trkpt>
			<trkpt lat="28.5433756" lon="77.20911364">
				<ele>169.34552001953125</ele>
				<time>2026-08-09T18:01:04Z</time>
				<extensions>
					<speed>1.1399999856948853</speed>
				</extensions>
			</trkpt>
			<trkpt lat="28.54337787" lon="77.20910672">
				<ele>169.26678466796875</ele>
				<time>2026-08-09T18:01:05Z</time>
				<extensions>
					<speed>0.5099999904632568</speed>
				</extensions>
			</trkpt>
			<trkpt lat="28.54338174" lon="77.20910388">
				<ele>169.455078125</ele>
				<time>2026-08-09T18:01:06Z</time>
				<extensions>
					<speed>0.0</speed>
				</extensions>
			</trkpt>
			<trkpt lat="28.54338377" lon="77.20910129">
				<ele>169.40228271484375</ele>
				<time>2026-08-09T18:01:07Z</time>
				<extensions>
					<speed>0.0</speed>
				</extensions>
			</trkpt>
			<trkpt lat="28.54338583" lon="77.20909905">
				<ele>169.03851318359375</ele>
				<time>2026-08-09T18:01:08Z</time>
				<extensions>
					<speed>0.0</speed>
				</extensions>
			</trkpt>
			<trkpt lat="28.54338756" lon="77.20910027">
				<ele>169.22247314453125</ele>
				<time>2026-08-09T18:01:09Z</time>
				<extensions>
					<speed>0.0</speed>
				</extensions>
			</trkpt>
			<trkpt lat="28.54338939" lon="77.20910008">
				<ele>169.0548095703125</ele>
				<time>2026-08-09T18:01:10Z</time>
				<extensions>
					<speed>0.0</speed>
				</extensions>
			</trkpt>
			<trkpt lat="28.54339146" lon="77.2090998">
				<ele>169.07427978515625</ele>
				<time>2026-08-09T18:01:11Z</time>
				<extensions>
					<speed>0.0</speed>
				</extensions>
			</trkpt>
			<trkpt lat="28.54339288" lon="77.20909987">
				<ele>169.0699462890625</ele>
				<time>2026-08-09T18:01:12Z</time>
				<extensions>
					<speed>0.0</speed>
				</extensions>
			</trkpt>
			<trkpt lat="28.54339347" lon="77.20910089">
				<ele>169.1527099609375</ele>
				<time>2026-08-09T18:01:13Z</time>
				<extensions>
					<speed>0.0</speed>
				</extensions>
			</trkpt>
			<trkpt lat="28.54339405" lon="77.20910119">
				<ele>169.1729736328125</ele>
				<time>2026-08-09T18:01:14Z</time>
				<extensions>
					<speed>0.0</speed>
				</extensions>
			</trkpt>
			<trkpt lat="28.54339563" lon="77.20910111">
				<ele>169.390869140625</ele>
				<time>2026-08-09T18:01:15Z</time>
				<extensions>
					<speed>0.0</speed>
				</extensions>
			</trkpt>
			<trkpt lat="28.54339622" lon="77.20910165">
				<ele>169.400390625</ele>
				<time>2026-08-09T18:01:16Z</time>
				<extensions>
					<speed>0.0</speed>
				</extensions>
			</trkpt>
			<trkpt lat="28.5433962" lon="77.2091019">
				<ele>169.419677734375</ele>
				<time>2026-08-09T18:01:17Z</time>
				<extensions>
					<speed>0.0</speed>
				</extensions>
			</trkpt>
			<trkpt lat="28.54339627" lon="77.20910195">
				<ele>169.4212646484375</ele>
				<time>2026-08-09T18:01:18Z</time>
				<extensions>
					<speed>0.0</speed>
				</extensions>
			</trkpt>
			<trkpt lat="28.54339631" lon="77.20910199">
				<ele>169.4012451171875</ele>
				<time>2026-08-09T18:01:19Z</time>
				<extensions>
					<speed>0.0</speed>
				</extensions>
			</trkpt>
			<trkpt lat="28.54339634" lon="77.20910202">
				<ele>169.396728515625</ele>
				<time>2026-08-09T18:01:20Z</time>
				<extensions>
					<speed>0.0</speed>
				</extensions>
			</trkpt>
			<trkpt lat="28.54339637" lon="77.20910204">
				<ele>169.3944091796875</ele>
				<time>2026-08-09T18:01:21Z</time>
				<extensions>
					<speed>0.0</speed>
				</extensions>
			</trkpt>
			<trkpt lat="28.54339639" lon="77.20910205">
				<ele>169.3948974609375</ele>
				<time>2026-08-09T18:01:22Z</time>
				<extensions>
					<speed>0.0</speed>
				</extensions>
			</trkpt>
			<trkpt lat="28.54339641" lon="77.20910205">
				<ele>169.39410400390625</ele>
				<time>2026-08-09T18:01:23Z</time>
				<extensions>
					<speed>0.0</speed>
				</extensions>
			</trkpt>
			<trkpt lat="28.54339642" lon="77.20910204">
				<ele>169.394775390625</ele>
				<time>2026-08-09T18:01:24Z</time>
				<extensions>
					<speed>0.0</speed>
				</extensions>
			</trkpt>
			<trkpt lat="28.54339644" lon="77.20910204">
				<ele>169.398193359375</ele>
				<time>2026-08-09T18:01:25Z</time>
				<extensions>
					<speed>0.0</speed>
				</extensions>
			</trkpt>
			<trkpt lat="28.54339646" lon="77.20910203">
				<ele>169.4002685546875</ele>
				<time>2026-08-09T18:01:26Z</time>
				<extensions>
					<speed>0.0</speed>
				</extensions>
			</trkpt>
			<trkpt lat="28.54339645" lon="77.20910202">
				<ele>169.39788818359375</ele>
				<time>2026-08-09T18:01:27Z</time>
				<extensions>
					<speed>0.0</speed>
				</extensions>
			</trkpt>
			<trkpt lat="28.54339646" lon="77.209102">
				<ele>169.397216796875</ele>
				<time>2026-08-09T18:01:28Z</time>
				<extensions>
					<speed>0.0</speed>
				</extensions>
			</trkpt>
			<trkpt lat="28.54339646" lon="77.20910198">
				<ele>169.39691162109375</ele>
				<time>2026-08-09T18:01:29Z</time>
				<extensions>
					<speed>0.0</speed>
				</extensions>
			</trkpt>
			<trkpt lat="28.54339646" lon="77.20910199">
				<ele>169.39947509765625</ele>
				<time>2026-08-09T18:01:30Z</time>
				<extensions>
					<speed>0.0</speed>
				</extensions>
			</trkpt>
			<trkpt lat="28.54339645" lon="77.20910197">
				<ele>169.400146484375</ele>
				<time>2026-08-09T18:01:31Z</time>
				<extensions>
					<speed>0.0</speed>
				</extensions>
			</trkpt>
			<trkpt lat="28.54339645" lon="77.20910198">
				<ele>169.4039306640625</ele>
				<time>2026-08-09T18:01:32Z</time>
				<extensions>
					<speed>0.0</speed>
				</extensions>
			</trkpt>
			<trkpt lat="28.54339646" lon="77.20910197">
				<ele>169.4053955078125</ele>
				<time>2026-08-09T18:01:33Z</time>
				<extensions>
					<speed>0.0</speed>
				</extensions>
			</trkpt>
			<trkpt lat="28.54339648" lon="77.20910197">
				<ele>169.406494140625</ele>
				<time>2026-08-09T18:01:34Z</time>
				<extensions>
					<speed>0.0</speed>
				</extensions>
			</trkpt>
			<trkpt lat="28.5433965" lon="77.20910196">
				<ele>169.4044189453125</ele>
				<time>2026-08-09T18:01:35Z</time>
				<extensions>
					<speed>0.0</speed>
				</extensions>
			</trkpt>
			<trkpt lat="28.54339652" lon="77.20910195">
				<ele>169.40472412109375</ele>
				<time>2026-08-09T18:01:36Z</time>
				<extensions>
					<speed>0.0</speed>
				</extensions>
			</trkpt>
			<trkpt lat="28.54339655" lon="77.20910193">
				<ele>169.4034423828125</ele>
				<time>2026-08-09T18:01:37Z</time>
				<extensions>
					<speed>0.0</speed>
				</extensions>
			</trkpt>
			<trkpt lat="28.54339657" lon="77.20910193">
				<ele>169.40338134765625</ele>
				<time>2026-08-09T18:01:38Z</time>
				<extensions>
					<speed>0.0</speed>
				</extensions>
			</trkpt>
			<trkpt lat="28.54339658" lon="77.20910194">
				<ele>169.405029296875</ele>
				<time>2026-08-09T18:01:39Z</time>
				<extensions>
					<speed>0.0</speed>
				</extensions>
			</trkpt>
			<trkpt lat="28.54339661" lon="77.20910195">
				<ele>169.40765380859375</ele>
				<time>2026-08-09T18:01:40Z</time>
				<extensions>
					<speed>0.0</speed>
				</extensions>
			</trkpt>
			<trkpt lat="28.54339662" lon="77.20910196">
				<ele>169.40875244140625</ele>
				<time>2026-08-09T18:01:41Z</time>
				<extensions>
					<speed>0.0</speed>
				</extensions>
			</trkpt>
			<trkpt lat="28.54339664" lon="77.20910196">
				<ele>169.40966796875</ele>
				<time>2026-08-09T18:01:42Z</time>
				<extensions>
					<speed>0.0</speed>
				</extensions>
			</trkpt>
			<trkpt lat="28.54339666" lon="77.20910197">
				<ele>169.41033935546875</ele>
				<time>2026-08-09T18:01:43Z</time>
				<extensions>
					<speed>0.0</speed>
				</extensions>
			</trkpt>
			<trkpt lat="28.54339668" lon="77.20910198">
				<ele>169.40936279296875</ele>
				<time>2026-08-09T18:01:44Z</time>
				<extensions>
					<speed>0.0</speed>
				</extensions>
			</trkpt>
			<trkpt lat="28.54339669" lon="77.20910199">
				<ele>169.408935546875</ele>
				<time>2026-08-09T18:01:45Z</time>
				<extensions>
					<speed>0.0</speed>
				</extensions>
			</trkpt>
			<trkpt lat="28.54339671" lon="77.209102">
				<ele>169.4085693359375</ele>
				<time>2026-08-09T18:01:46Z</time>
				<extensions>
					<speed>0.0</speed>
				</extensions>
			</trkpt>
			<trkpt lat="28.54339672" lon="77.20910201">
				<ele>169.4105224609375</ele>
				<time>2026-08-09T18:01:47Z</time>
				<extensions>
					<speed>0.0</speed>
				</extensions>
			</trkpt>
			<trkpt lat="28.54339673" lon="77.20910201">
				<ele>169.4095458984375</ele>
				<time>2026-08-09T18:01:48Z</time>
				<extensions>
					<speed>0.0</speed>
				</extensions>
			</trkpt>
			<trkpt lat="28.54339674" lon="77.20910201">
				<ele>169.4072265625</ele>
				<time>2026-08-09T18:01:49Z</time>
				<extensions>
					<speed>0.0</speed>
				</extensions>
			</trkpt>
			<trkpt lat="28.54339676" lon="77.20910202">
				<ele>169.406494140625</ele>
				<time>2026-08-09T18:01:50Z</time>
				<extensions>
					<speed>0.0</speed>
				</extensions>
			</trkpt>
			<trkpt lat="28.54339677" lon="77.20910203">
				<ele>169.4088134765625</ele>
				<time>2026-08-09T18:01:51Z</time>
				<extensions>
					<speed>0.0</speed>
				</extensions>
			</trkpt>
			<trkpt lat="28.54339678" lon="77.20910203">
				<ele>169.40966796875</ele>
				<time>2026-08-09T18:01:52Z</time>
				<extensions>
					<speed>0.0</speed>
				</extensions>
			</trkpt>
			<trkpt lat="28.5433968" lon="77.20910204">
				<ele>169.40899658203125</ele>
				<time>2026-08-09T18:01:53Z</time>
				<extensions>
					<speed>0.0</speed>
				</extensions>
			</trkpt>
			<trkpt lat="28.54339681" lon="77.20910205">
				<ele>169.40924072265625</ele>
				<time>2026-08-09T18:01:54Z</time>
				<extensions>
					<speed>0.0</speed>
				</extensions>
			</trkpt>
			<trkpt lat="28.54339683" lon="77.20910204">
				<ele>169.40740966796875</ele>
				<time>2026-08-09T18:01:55Z</time>
				<extensions>
					<speed>0.0</speed>
				</extensions>
			</trkpt>
			<trkpt lat="28.54339687" lon="77.20910203">
				<ele>169.40838623046875</ele>
				<time>2026-08-09T18:01:56Z</time>
				<extensions>
					<speed>0.0</speed>
				</extensions>
			</trkpt>
			<trkpt lat="28.5433969" lon="77.20910202">
				<ele>169.4097900390625</ele>
				<time>2026-08-09T18:01:57Z</time>
				<extensions>
					<speed>0.0</speed>
				</extensions>
			</trkpt>
			<trkpt lat="28.54339692" lon="77.20910203">
				<ele>169.40869140625</ele>
				<time>2026-08-09T18:01:58Z</time>
				<extensions>
					<speed>0.0</speed>
				</extensions>
			</trkpt>
			<trkpt lat="28.54339695" lon="77.20910202">
				<ele>169.4117431640625</ele>
				<time>2026-08-09T18:01:59Z</time>
				<extensions>
					<speed>0.0</speed>
				</extensions>
			</trkpt>
			<trkpt lat="28.54339698" lon="77.20910201">
				<ele>169.41265869140625</ele>
				<time>2026-08-09T18:02:00Z</time>
				<extensions>
					<speed>0.0</speed>
				</extensions>
			</trkpt>
			<trkpt lat="28.54339699" lon="77.20910202">
				<ele>169.4158935546875</ele>
				<time>2026-08-09T18:02:01Z</time>
				<extensions>
					<speed>0.0</speed>
				</extensions>
			</trkpt>
			<trkpt lat="28.54339699" lon="77.20910204">
				<ele>169.41668701171875</ele>
				<time>2026-08-09T18:02:02Z</time>
				<extensions>
					<speed>0.0</speed>
				</extensions>
			</trkpt>
			<trkpt lat="28.54339701" lon="77.20910205">
				<ele>169.4183349609375</ele>
				<time>2026-08-09T18:02:03Z</time>
				<extensions>
					<speed>0.0</speed>
				</extensions>
			</trkpt>
			<trkpt lat="28.54339704" lon="77.20910204">
				<ele>169.416748046875</ele>
				<time>2026-08-09T18:02:04Z</time>
				<extensions>
					<speed>0.0</speed>
				</extensions>
			</trkpt>
			<trkpt lat="28.54339707" lon="77.20910205">
				<ele>169.423095703125</ele>
				<time>2026-08-09T18:02:05Z</time>
				<extensions>
					<speed>0.0</speed>
				</extensions>
			</trkpt>
			<trkpt lat="28.54339709" lon="77.20910205">
				<ele>169.42340087890625</ele>
				<time>2026-08-09T18:02:06Z</time>
				<extensions>
					<speed>0.0</speed>
				</extensions>
			</trkpt>
			<trkpt lat="28.54339713" lon="77.20910205">
				<ele>169.42694091796875</ele>
				<time>2026-08-09T18:02:07Z</time>
				<extensions>
					<speed>0.0</speed>
				</extensions>
			</trkpt>
			<trkpt lat="28.54339715" lon="77.20910207">
				<ele>169.43182373046875</ele>
				<time>2026-08-09T18:02:08Z</time>
				<extensions>
					<speed>0.0</speed>
				</extensions>
			</trkpt>
			<trkpt lat="28.54339715" lon="77.20910207">
				<ele>169.4300537109375</ele>
				<time>2026-08-09T18:02:09Z</time>
				<extensions>
					<speed>0.0</speed>
				</extensions>
			</trkpt>
			<trkpt lat="28.54339718" lon="77.20910207">
				<ele>169.43035888671875</ele>
				<time>2026-08-09T18:02:10Z</time>
				<extensions>
					<speed>0.0</speed>
				</extensions>
			</trkpt>
			<trkpt lat="28.5433972" lon="77.20910208">
				<ele>169.43072509765625</ele>
				<time>2026-08-09T18:02:11Z</time>
				<extensions>
					<speed>0.0</speed>
				</extensions>
			</trkpt>
			<trkpt lat="28.54339724" lon="77.20910209">
				<ele>169.4334716796875</ele>
				<time>2026-08-09T18:02:12Z</time>
				<extensions>
					<speed>0.0</speed>
				</extensions>
			</trkpt>
			<trkpt lat="28.54339726" lon="77.20910209">
				<ele>169.4356689453125</ele>
				<time>2026-08-09T18:02:13Z</time>
				<extensions>
					<speed>0.0</speed>
				</extensions>
			</trkpt>
			<trkpt lat="28.54339729" lon="77.20910209">
				<ele>169.436767578125</ele>
				<time>2026-08-09T18:02:14Z</time>
				<extensions>
					<speed>0.0</speed>
				</extensions>
			</trkpt>
			<trkpt lat="28.54339729" lon="77.20910209">
				<ele>169.43853759765625</ele>
				<time>2026-08-09T18:02:15Z</time>
				<extensions>
					<speed>0.0</speed>
				</extensions>
			</trkpt>
			<trkpt lat="28.54339731" lon="77.2091021">
				<ele>169.44000244140625</ele>
				<time>2026-08-09T18:02:16Z</time>
				<extensions>
					<speed>0.0</speed>
				</extensions>
			</trkpt>
			<trkpt lat="28.54339733" lon="77.20910211">
				<ele>169.440673828125</ele>
				<time>2026-08-09T18:02:17Z</time>
				<extensions>
					<speed>0.0</speed>
				</extensions>
			</trkpt>
			<trkpt lat="28.54339735" lon="77.20910209">
				<ele>169.43890380859375</ele>
				<time>2026-08-09T18:02:18Z</time>
				<extensions>
					<speed>0.0</speed>
				</extensions>
			</trkpt>
			<trkpt lat="28.54339737" lon="77.20910209">
				<ele>169.4405517578125</ele>
				<time>2026-08-09T18:02:19Z</time>
				<extensions>
					<speed>0.0</speed>
				</extensions>
			</trkpt>
			<trkpt lat="28.54339738" lon="77.2091021">
				<ele>169.44232177734375</ele>
				<time>2026-08-09T18:02:20Z</time>
				<extensions>
					<speed>0.0</speed>
				</extensions>
			</trkpt>
			<trkpt lat="28.54339741" lon="77.20910211">
				<ele>169.44287109375</ele>
				<time>2026-08-09T18:02:21Z</time>
				<extensions>
					<speed>0.0</speed>
				</extensions>
			</trkpt>
			<trkpt lat="28.54339742" lon="77.20910211">
				<ele>169.438720703125</ele>
				<time>2026-08-09T18:02:22Z</time>
				<extensions>
					<speed>0.0</speed>
				</extensions>
			</trkpt>
			<trkpt lat="28.54339744" lon="77.20910212">
				<ele>169.43890380859375</ele>
				<time>2026-08-09T18:02:23Z</time>
				<extensions>
					<speed>0.0</speed>
				</extensions>
			</trkpt>
			<trkpt lat="28.54339746" lon="77.20910212">
				<ele>169.437744140625</ele>
				<time>2026-08-09T18:02:24Z</time>
				<extensions>
					<speed>0.0</speed>
				</extensions>
			</trkpt>
			<trkpt lat="28.5433975" lon="77.20910213">
				<ele>169.441162109375</ele>
				<time>2026-08-09T18:02:25Z</time>
				<extensions>
					<speed>0.0</speed>
				</extensions>
			</trkpt>
			<trkpt lat="28.54339753" lon="77.20910212">
				<ele>169.442138671875</ele>
				<time>2026-08-09T18:02:26Z</time>
				<extensions>
					<speed>0.0</speed>
				</extensions>
			</trkpt>
			<trkpt lat="28.54339755" lon="77.20910213">
				<ele>169.44000244140625</ele>
				<time>2026-08-09T18:02:27Z</time>
				<extensions>
					<speed>0.0</speed>
				</extensions>
			</trkpt>
			<trkpt lat="28.54339755" lon="77.20910215">
				<ele>169.44207763671875</ele>
				<time>2026-08-09T18:02:28Z</time>
				<extensions>
					<speed>0.0</speed>
				</extensions>
			</trkpt>
			<trkpt lat="28.54339756" lon="77.20910214">
				<ele>169.44036865234375</ele>
				<time>2026-08-09T18:02:29Z</time>
				<extensions>
					<speed>0.0</speed>
				</extensions>
			</trkpt>
			<trkpt lat="28.54339756" lon="77.20910214">
				<ele>169.442138671875</ele>
				<time>2026-08-09T18:02:30Z</time>
				<extensions>
					<speed>0.0</speed>
				</extensions>
			</trkpt>
			<trkpt lat="28.54339758" lon="77.20910213">
				<ele>169.44189453125</ele>
				<time>2026-08-09T18:02:31Z</time>
				<extensions>
					<speed>0.0</speed>
				</extensions>
			</trkpt>
			<trkpt lat="28.54339759" lon="77.20910213">
				<ele>169.443603515625</ele>
				<time>2026-08-09T18:02:32Z</time>
				<extensions>
					<speed>0.0</speed>
				</extensions>
			</trkpt>
			<trkpt lat="28.5433976" lon="77.20910215">
				<ele>169.4449462890625</ele>
				<time>2026-08-09T18:02:33Z</time>
				<extensions>
					<speed>0.0</speed>
				</extensions>
			</trkpt>
			<trkpt lat="28.54339762" lon="77.20910215">
				<ele>169.447021484375</ele>
				<time>2026-08-09T18:02:34Z</time>
				<extensions>
					<speed>0.0</speed>
				</extensions>
			</trkpt>
			<trkpt lat="28.54339763" lon="77.20910215">
				<ele>169.44476318359375</ele>
				<time>2026-08-09T18:02:35Z</time>
				<extensions>
					<speed>0.0</speed>
				</extensions>
			</trkpt>
			<trkpt lat="28.54339765" lon="77.20910216">
				<ele>169.44354248046875</ele>
				<time>2026-08-09T18:02:36Z</time>
				<extensions>
					<speed>0.0</speed>
				</extensions>
			</trkpt>
			<trkpt lat="28.54339766" lon="77.20910217">
				<ele>169.44317626953125</ele>
				<time>2026-08-09T18:02:37Z</time>
				<extensions>
					<speed>0.0</speed>
				</extensions>
			</trkpt>
			<trkpt lat="28.54339767" lon="77.20910218">
				<ele>169.4454345703125</ele>
				<time>2026-08-09T18:02:38Z</time>
				<extensions>
					<speed>0.0</speed>
				</extensions>
			</trkpt>
			<trkpt lat="28.54339766" lon="77.20910218">
				<ele>169.4427490234375</ele>
				<time>2026-08-09T18:02:39Z</time>
				<extensions>
					<speed>0.0</speed>
				</extensions>
			</trkpt>
			<trkpt lat="28.54339765" lon="77.20910219">
				<ele>169.44366455078125</ele>
				<time>2026-08-09T18:02:40Z</time>
				<extensions>
					<speed>0.0</speed>
				</extensions>
			</trkpt>
			<trkpt lat="28.54339765" lon="77.20910221">
				<ele>169.441650390625</ele>
				<time>2026-08-09T18:02:41Z</time>
				<extensions>
					<speed>0.0</speed>
				</extensions>
			</trkpt>
			<trkpt lat="28.54339765" lon="77.20910223">
				<ele>169.441650390625</ele>
				<time>2026-08-09T18:02:42Z</time>
				<extensions>
					<speed>0.0</speed>
				</extensions>
			</trkpt>
			<trkpt lat="28.54339765" lon="77.20910225">
				<ele>169.4412841796875</ele>
				<time>2026-08-09T18:02:43Z</time>
				<extensions>
					<speed>0.0</speed>
				</extensions>
			</trkpt>
			<trkpt lat="28.54339765" lon="77.20910224">
				<ele>169.4375</ele>
				<time>2026-08-09T18:02:44Z</time>
				<extensions>
					<speed>0.0</speed>
				</extensions>
			</trkpt>
			<trkpt lat="28.54339766" lon="77.20910223">
				<ele>169.43499755859375</ele>
				<time>2026-08-09T18:02:45Z</time>
				<extensions>
					<speed>0.0</speed>
				</extensions>
			</trkpt>
			<trkpt lat="28.54339765" lon="77.20910224">
				<ele>169.43524169921875</ele>
				<time>2026-08-09T18:02:46Z</time>
				<extensions>
					<speed>0.0</speed>
				</extensions>
			</trkpt>
			<trkpt lat="28.54339765" lon="77.20910224">
				<ele>169.432373046875</ele>
				<time>2026-08-09T18:02:47Z</time>
				<extensions>
					<speed>0.0</speed>
				</extensions>
			</trkpt>
			<trkpt lat="28.54339766" lon="77.20910225">
				<ele>169.43121337890625</ele>
				<time>2026-08-09T18:02:48Z</time>
				<extensions>
					<speed>0.0</speed>
				</extensions>
			</trkpt>
			<trkpt lat="28.54339767" lon="77.20910226">
				<ele>169.4295654296875</ele>
				<time>2026-08-09T18:02:49Z</time>
				<extensions>
					<speed>0.0</speed>
				</extensions>
			</trkpt>
			<trkpt lat="28.5433977" lon="77.20910225">
				<ele>169.42706298828125</ele>
				<time>2026-08-09T18:02:50Z</time>
				<extensions>
					<speed>0.0</speed>
				</extensions>
			</trkpt>
			<trkpt lat="28.54339769" lon="77.20910225">
				<ele>169.42388916015625</ele>
				<time>2026-08-09T18:02:51Z</time>
				<extensions>
					<speed>0.0</speed>
				</extensions>
			</trkpt>
			<trkpt lat="28.54339769" lon="77.20910225">
				<ele>169.4189453125</ele>
				<time>2026-08-09T18:02:52Z</time>
				<extensions>
					<speed>0.0</speed>
				</extensions>
			</trkpt>
			<trkpt lat="28.54339768" lon="77.20910225">
				<ele>169.416015625</ele>
				<time>2026-08-09T18:02:53Z</time>
				<extensions>
					<speed>0.0</speed>
				</extensions>
			</trkpt>
			<trkpt lat="28.54339768" lon="77.20910225">
				<ele>169.41650390625</ele>
				<time>2026-08-09T18:02:54Z</time>
				<extensions>
					<speed>0.0</speed>
				</extensions>
			</trkpt>
			<trkpt lat="28.54339768" lon="77.20910227">
				<ele>169.41845703125</ele>
				<time>2026-08-09T18:02:55Z</time>
				<extensions>
					<speed>0.0</speed>
				</extensions>
			</trkpt>
			<trkpt lat="28.54339769" lon="77.20910229">
				<ele>169.4207763671875</ele>
				<time>2026-08-09T18:02:56Z</time>
				<extensions>
					<speed>0.0</speed>
				</extensions>
			</trkpt>
			<trkpt lat="28.54339882" lon="77.20909753">
				<ele>169.40478515625</ele>
				<time>2026-08-09T18:02:57Z</time>
				<extensions>
					<speed>0.6499999761581421</speed>
				</extensions>
			</trkpt>
			<trkpt lat="28.54340094" lon="77.20908564">
				<ele>169.45660400390625</ele>
				<time>2026-08-09T18:02:58Z</time>
				<extensions>
					<speed>1.2999999523162842</speed>
				</extensions>
			</trkpt>
			<trkpt lat="28.54340759" lon="77.20905561">
				<ele>169.69573974609375</ele>
				<time>2026-08-09T18:02:59Z</time>
				<extensions>
					<speed>3.4600000381469727</speed>
				</extensions>
			</trkpt>
			<trkpt lat="28.54342073" lon="77.20902031">
				<ele>169.963134765625</ele>
				<time>2026-08-09T18:03:00Z</time>
				<extensions>
					<speed>3.690000057220459</speed>
				</extensions>
			</trkpt>
			<trkpt lat="28.5434427" lon="77.20898616">
				<ele>170.2152099609375</ele>
				<time>2026-08-09T18:03:01Z</time>
				<extensions>
					<speed>4.300000190734863</speed>
				</extensions>
			</trkpt>
			<trkpt lat="28.54346886" lon="77.20894134">
				<ele>170.1767578125</ele>
				<time>2026-08-09T18:03:02Z</time>
				<extensions>
					<speed>5.119999885559082</speed>
				</extensions>
			</trkpt>
			<trkpt lat="28.54353984" lon="77.20889603">
				<ele>168.8848876953125</ele>
				<time>2026-08-09T18:03:03Z</time>
				<extensions>
					<speed>6.309999942779541</speed>
				</extensions>
			</trkpt>
			<trkpt lat="28.54357422" lon="77.20886294">
				<ele>168.6602783203125</ele>
				<time>2026-08-09T18:03:04Z</time>
				<extensions>
					<speed>5.809999942779541</speed>
				</extensions>
			</trkpt>
			<trkpt lat="28.54362684" lon="77.20883538">
				<ele>168.42889404296875</ele>
				<time>2026-08-09T18:03:05Z</time>
				<extensions>
					<speed>6.360000133514404</speed>
				</extensions>
			</trkpt>
			<trkpt lat="28.5436805" lon="77.20880695">
				<ele>169.13873291015625</ele>
				<time>2026-08-09T18:03:06Z</time>
				<extensions>
					<speed>6.679999828338623</speed>
				</extensions>
			</trkpt>
			<trkpt lat="28.54374145" lon="77.20878072">
				<ele>169.975830078125</ele>
				<time>2026-08-09T18:03:07Z</time>
				<extensions>
					<speed>7.150000095367432</speed>
				</extensions>
			</trkpt>
			<trkpt lat="28.54380132" lon="77.20877579">
				<ele>169.51141357421875</ele>
				<time>2026-08-09T18:03:08Z</time>
				<extensions>
					<speed>7.369999885559082</speed>
				</extensions>
			</trkpt>
			<trkpt lat="28.54387407" lon="77.20877454">
				<ele>170.479248046875</ele>
				<time>2026-08-09T18:03:09Z</time>
				<extensions>
					<speed>7.949999809265137</speed>
				</extensions>
			</trkpt>
			<trkpt lat="28.54394975" lon="77.20877943">
				<ele>170.2823486328125</ele>
				<time>2026-08-09T18:03:10Z</time>
				<extensions>
					<speed>8.520000457763672</speed>
				</extensions>
			</trkpt>
			<trkpt lat="28.5440257" lon="77.20878669">
				<ele>170.282470703125</ele>
				<time>2026-08-09T18:03:11Z</time>
				<extensions>
					<speed>9.029999732971191</speed>
				</extensions>
			</trkpt>
			<trkpt lat="28.54410622" lon="77.20879487">
				<ele>170.39117431640625</ele>
				<time>2026-08-09T18:03:12Z</time>
				<extensions>
					<speed>9.579999923706055</speed>
				</extensions>
			</trkpt>
			<trkpt lat="28.54419097" lon="77.20880618">
				<ele>170.67999267578125</ele>
				<time>2026-08-09T18:03:13Z</time>
				<extensions>
					<speed>9.4399995803833</speed>
				</extensions>
			</trkpt>
			<trkpt lat="28.54427124" lon="77.20881514">
				<ele>170.63427734375</ele>
				<time>2026-08-09T18:03:14Z</time>
				<extensions>
					<speed>9.050000190734863</speed>
				</extensions>
			</trkpt>
			<trkpt lat="28.5443464" lon="77.20882214">
				<ele>170.6478271484375</ele>
				<time>2026-08-09T18:03:15Z</time>
				<extensions>
					<speed>8.699999809265137</speed>
				</extensions>
			</trkpt>
			<trkpt lat="28.54443043" lon="77.20883378">
				<ele>170.498779296875</ele>
				<time>2026-08-09T18:03:16Z</time>
				<extensions>
					<speed>8.960000038146973</speed>
				</extensions>
			</trkpt>
			<trkpt lat="28.5445139" lon="77.2088397">
				<ele>170.646484375</ele>
				<time>2026-08-09T18:03:17Z</time>
				<extensions>
					<speed>9.399999618530273</speed>
				</extensions>
			</trkpt>
			<trkpt lat="28.5446012" lon="77.2088493">
				<ele>170.3929443359375</ele>
				<time>2026-08-09T18:03:18Z</time>
				<extensions>
					<speed>9.670000076293945</speed>
				</extensions>
			</trkpt>
			<trkpt lat="28.54469052" lon="77.20885575">
				<ele>170.4075927734375</ele>
				<time>2026-08-09T18:03:19Z</time>
				<extensions>
					<speed>10.130000114440918</speed>
				</extensions>
			</trkpt>
			<trkpt lat="28.54478298" lon="77.20886531">
				<ele>170.385498046875</ele>
				<time>2026-08-09T18:03:20Z</time>
				<extensions>
					<speed>10.600000381469727</speed>
				</extensions>
			</trkpt>
			<trkpt lat="28.54487483" lon="77.20887543">
				<ele>170.22607421875</ele>
				<time>2026-08-09T18:03:21Z</time>
				<extensions>
					<speed>10.520000457763672</speed>
				</extensions>
			</trkpt>
			<trkpt lat="28.5449694" lon="77.20888527">
				<ele>170.228271484375</ele>
				<time>2026-08-09T18:03:22Z</time>
				<extensions>
					<speed>10.789999961853027</speed>
				</extensions>
			</trkpt>
			<trkpt lat="28.5450659" lon="77.20889465">
				<ele>170.12213134765625</ele>
				<time>2026-08-09T18:03:23Z</time>
				<extensions>
					<speed>10.3100004196167</speed>
				</extensions>
			</trkpt>
			<trkpt lat="28.5451465" lon="77.20890384">
				<ele>170.072509765625</ele>
				<time>2026-08-09T18:03:24Z</time>
				<extensions>
					<speed>9.220000267028809</speed>
				</extensions>
			</trkpt>
			<trkpt lat="28.54522581" lon="77.20891271">
				<ele>169.9344482421875</ele>
				<time>2026-08-09T18:03:25Z</time>
				<extensions>
					<speed>9.130000114440918</speed>
				</extensions>
			</trkpt>
			<trkpt lat="28.54530804" lon="77.20893235">
				<ele>169.47027587890625</ele>
				<time>2026-08-09T18:03:26Z</time>
				<extensions>
					<speed>9.220000267028809</speed>
				</extensions>
			</trkpt>
			<trkpt lat="28.54538977" lon="77.20894583">
				<ele>169.80615234375</ele>
				<time>2026-08-09T18:03:27Z</time>
				<extensions>
					<speed>9.25</speed>
				</extensions>
			</trkpt>
			<trkpt lat="28.54547088" lon="77.20895478">
				<ele>169.74566650390625</ele>
				<time>2026-08-09T18:03:28Z</time>
				<extensions>
					<speed>8.75</speed>
				</extensions>
			</trkpt>
			<trkpt lat="28.54555562" lon="77.20899109">
				<ele>167.07861328125</ele>
				<time>2026-08-09T18:03:29Z</time>
				<extensions>
					<speed>8.630000114440918</speed>
				</extensions>
			</trkpt>
			<trkpt lat="28.5456327" lon="77.20900661">
				<ele>166.665771484375</ele>
				<time>2026-08-09T18:03:30Z</time>
				<extensions>
					<speed>8.449999809265137</speed>
				</extensions>
			</trkpt>
			<trkpt lat="28.54571038" lon="77.20902355">
				<ele>166.7451171875</ele>
				<time>2026-08-09T18:03:31Z</time>
				<extensions>
					<speed>8.979999542236328</speed>
				</extensions>
			</trkpt>
			<trkpt lat="28.54578901" lon="77.20904564">
				<ele>166.58251953125</ele>
				<time>2026-08-09T18:03:32Z</time>
				<extensions>
					<speed>9.34000015258789</speed>
				</extensions>
			</trkpt>
			<trkpt lat="28.54587184" lon="77.20906627">
				<ele>167.008544921875</ele>
				<time>2026-08-09T18:03:33Z</time>
				<extensions>
					<speed>9.5600004196167</speed>
				</extensions>
			</trkpt>
			<trkpt lat="28.54595758" lon="77.20908716">
				<ele>166.121826171875</ele>
				<time>2026-08-09T18:03:34Z</time>
				<extensions>
					<speed>9.949999809265137</speed>
				</extensions>
			</trkpt>
			<trkpt lat="28.54604624" lon="77.20911148">
				<ele>167.3739013671875</ele>
				<time>2026-08-09T18:03:35Z</time>
				<extensions>
					<speed>10.210000038146973</speed>
				</extensions>
			</trkpt>
			<trkpt lat="28.54613944" lon="77.20913843">
				<ele>167.16827392578125</ele>
				<time>2026-08-09T18:03:36Z</time>
				<extensions>
					<speed>10.489999771118164</speed>
				</extensions>
			</trkpt>
			<trkpt lat="28.5462341" lon="77.20916781">
				<ele>166.47412109375</ele>
				<time>2026-08-09T18:03:37Z</time>
				<extensions>
					<speed>10.979999542236328</speed>
				</extensions>
			</trkpt>
			<trkpt lat="28.54632496" lon="77.20920319">
				<ele>166.57373046875</ele>
				<time>2026-08-09T18:03:38Z</time>
				<extensions>
					<speed>10.829999923706055</speed>
				</extensions>
			</trkpt>
			<trkpt lat="28.54642733" lon="77.2092275">
				<ele>165.32763671875</ele>
				<time>2026-08-09T18:03:39Z</time>
				<extensions>
					<speed>10.920000076293945</speed>
				</extensions>
			</trkpt>
			<trkpt lat="28.54652785" lon="77.20926338">
				<ele>165.29364013671875</ele>
				<time>2026-08-09T18:03:40Z</time>
				<extensions>
					<speed>11.270000457763672</speed>
				</extensions>
			</trkpt>
			<trkpt lat="28.5466219" lon="77.20929946">
				<ele>164.8748779296875</ele>
				<time>2026-08-09T18:03:41Z</time>
				<extensions>
					<speed>11.65999984741211</speed>
				</extensions>
			</trkpt>
			<trkpt lat="28.54671574" lon="77.209335">
				<ele>165.1226806640625</ele>
				<time>2026-08-09T18:03:42Z</time>
				<extensions>
					<speed>11.050000190734863</speed>
				</extensions>
			</trkpt>
			<trkpt lat="28.54681001" lon="77.20936736">
				<ele>164.92962646484375</ele>
				<time>2026-08-09T18:03:43Z</time>
				<extensions>
					<speed>10.479999542236328</speed>
				</extensions>
			</trkpt>
			<trkpt lat="28.54689884" lon="77.20939519">
				<ele>165.2322998046875</ele>
				<time>2026-08-09T18:03:44Z</time>
				<extensions>
					<speed>9.880000114440918</speed>
				</extensions>
			</trkpt>
			<trkpt lat="28.54698261" lon="77.20942012">
				<ele>165.55865478515625</ele>
				<time>2026-08-09T18:03:45Z</time>
				<extensions>
					<speed>9.770000457763672</speed>
				</extensions>
			</trkpt>
			<trkpt lat="28.54707261" lon="77.20944717">
				<ele>165.1807861328125</ele>
				<time>2026-08-09T18:03:46Z</time>
				<extensions>
					<speed>9.989999771118164</speed>
				</extensions>
			</trkpt>
			<trkpt lat="28.54716602" lon="77.20947539">
				<ele>165.2935791015625</ele>
				<time>2026-08-09T18:03:47Z</time>
				<extensions>
					<speed>10.630000114440918</speed>
				</extensions>
			</trkpt>
			<trkpt lat="28.54726261" lon="77.209512">
				<ele>165.580810546875</ele>
				<time>2026-08-09T18:03:48Z</time>
				<extensions>
					<speed>11.170000076293945</speed>
				</extensions>
			</trkpt>
			<trkpt lat="28.54736578" lon="77.20954695">
				<ele>166.1563720703125</ele>
				<time>2026-08-09T18:03:49Z</time>
				<extensions>
					<speed>11.989999771118164</speed>
				</extensions>
			</trkpt>
			<trkpt lat="28.54746121" lon="77.20957219">
				<ele>167.039306640625</ele>
				<time>2026-08-09T18:03:50Z</time>
				<extensions>
					<speed>11.680000305175781</speed>
				</extensions>
			</trkpt>
			<trkpt lat="28.54755392" lon="77.20961039">
				<ele>166.79339599609375</ele>
				<time>2026-08-09T18:03:51Z</time>
				<extensions>
					<speed>11.5600004196167</speed>
				</extensions>
			</trkpt>
			<trkpt lat="28.54765765" lon="77.20964352">
				<ele>166.91876220703125</ele>
				<time>2026-08-09T18:03:52Z</time>
				<extensions>
					<speed>11.800000190734863</speed>
				</extensions>
			</trkpt>
			<trkpt lat="28.54775377" lon="77.20968085">
				<ele>168.23126220703125</ele>
				<time>2026-08-09T18:03:53Z</time>
				<extensions>
					<speed>11.0600004196167</speed>
				</extensions>
			</trkpt>
			<trkpt lat="28.54785762" lon="77.20971676">
				<ele>167.6727294921875</ele>
				<time>2026-08-09T18:03:54Z</time>
				<extensions>
					<speed>10.760000228881836</speed>
				</extensions>
			</trkpt>
			<trkpt lat="28.5479504" lon="77.20974773">
				<ele>167.4622802734375</ele>
				<time>2026-08-09T18:03:55Z</time>
				<extensions>
					<speed>10.5600004196167</speed>
				</extensions>
			</trkpt>
			<trkpt lat="28.5480475" lon="77.20977903">
				<ele>166.53369140625</ele>
				<time>2026-08-09T18:03:56Z</time>
				<extensions>
					<speed>11.220000267028809</speed>
				</extensions>
			</trkpt>
			<trkpt lat="28.54814825" lon="77.20982076">
				<ele>165.85784912109375</ele>
				<time>2026-08-09T18:03:57Z</time>
				<extensions>
					<speed>11.680000305175781</speed>
				</extensions>
			</trkpt>
			<trkpt lat="28.54825185" lon="77.20985568">
				<ele>165.9552001953125</ele>
				<time>2026-08-09T18:03:58Z</time>
				<extensions>
					<speed>12.0</speed>
				</extensions>
			</trkpt>
			<trkpt lat="28.5483539" lon="77.20988598">
				<ele>165.05987548828125</ele>
				<time>2026-08-09T18:03:59Z</time>
				<extensions>
					<speed>10.9399995803833</speed>
				</extensions>
			</trkpt>
			<trkpt lat="28.54844608" lon="77.20992184">
				<ele>164.77459716796875</ele>
				<time>2026-08-09T18:04:00Z</time>
				<extensions>
					<speed>10.550000190734863</speed>
				</extensions>
			</trkpt>
			<trkpt lat="28.54853072" lon="77.20995435">
				<ele>164.07562255859375</ele>
				<time>2026-08-09T18:04:01Z</time>
				<extensions>
					<speed>9.670000076293945</speed>
				</extensions>
			</trkpt>
			<trkpt lat="28.54860516" lon="77.20997884">
				<ele>164.0240478515625</ele>
				<time>2026-08-09T18:04:02Z</time>
				<extensions>
					<speed>8.239999771118164</speed>
				</extensions>
			</trkpt>
			<trkpt lat="28.54866836" lon="77.20999275">
				<ele>161.76312255859375</ele>
				<time>2026-08-09T18:04:03Z</time>
				<extensions>
					<speed>6.760000228881836</speed>
				</extensions>
			</trkpt>
			<trkpt lat="28.54872205" lon="77.2100094">
				<ele>161.54205322265625</ele>
				<time>2026-08-09T18:04:04Z</time>
				<extensions>
					<speed>5.889999866485596</speed>
				</extensions>
			</trkpt>
			<trkpt lat="28.54877191" lon="77.21002401">
				<ele>161.7017822265625</ele>
				<time>2026-08-09T18:04:05Z</time>
				<extensions>
					<speed>5.489999771118164</speed>
				</extensions>
			</trkpt>
			<trkpt lat="28.54881568" lon="77.21004498">
				<ele>162.178955078125</ele>
				<time>2026-08-09T18:04:06Z</time>
				<extensions>
					<speed>5.260000228881836</speed>
				</extensions>
			</trkpt>
			<trkpt lat="28.54886544" lon="77.21006428">
				<ele>161.21710205078125</ele>
				<time>2026-08-09T18:04:07Z</time>
				<extensions>
					<speed>6.010000228881836</speed>
				</extensions>
			</trkpt>
			<trkpt lat="28.54892225" lon="77.21008438">
				<ele>161.1744384765625</ele>
				<time>2026-08-09T18:04:08Z</time>
				<extensions>
					<speed>6.920000076293945</speed>
				</extensions>
			</trkpt>
			<trkpt lat="28.54898094" lon="77.21010297">
				<ele>161.0615234375</ele>
				<time>2026-08-09T18:04:09Z</time>
				<extensions>
					<speed>6.75</speed>
				</extensions>
			</trkpt>
			<trkpt lat="28.54902472" lon="77.21012323">
				<ele>161.39013671875</ele>
				<time>2026-08-09T18:04:10Z</time>
				<extensions>
					<speed>5.389999866485596</speed>
				</extensions>
			</trkpt>
			<trkpt lat="28.54905007" lon="77.2101321">
				<ele>162.06463623046875</ele>
				<time>2026-08-09T18:04:11Z</time>
				<extensions>
					<speed>2.759999990463257</speed>
				</extensions>
			</trkpt>
			<trkpt lat="28.54907321" lon="77.21014283">
				<ele>161.95257568359375</ele>
				<time>2026-08-09T18:04:12Z</time>
				<extensions>
					<speed>2.890000104904175</speed>
				</extensions>
			</trkpt>
			<trkpt lat="28.54910954" lon="77.21016447">
				<ele>162.86309814453125</ele>
				<time>2026-08-09T18:04:13Z</time>
				<extensions>
					<speed>4.179999828338623</speed>
				</extensions>
			</trkpt>
			<trkpt lat="28.54915562" lon="77.21018285">
				<ele>163.21630859375</ele>
				<time>2026-08-09T18:04:14Z</time>
				<extensions>
					<speed>5.409999847412109</speed>
				</extensions>
			</trkpt>
			<trkpt lat="28.5492102" lon="77.21020657">
				<ele>163.85052490234375</ele>
				<time>2026-08-09T18:04:15Z</time>
				<extensions>
					<speed>6.400000095367432</speed>
				</extensions>
			</trkpt>
			<trkpt lat="28.54926454" lon="77.21022329">
				<ele>163.57110595703125</ele>
				<time>2026-08-09T18:04:16Z</time>
				<extensions>
					<speed>6.489999771118164</speed>
				</extensions>
			</trkpt>
			<trkpt lat="28.54932913" lon="77.2102469">
				<ele>164.200927734375</ele>
				<time>2026-08-09T18:04:17Z</time>
				<extensions>
					<speed>7.53000020980835</speed>
				</extensions>
			</trkpt>
			<trkpt lat="28.54939714" lon="77.21027101">
				<ele>163.97900390625</ele>
				<time>2026-08-09T18:04:18Z</time>
				<extensions>
					<speed>8.300000190734863</speed>
				</extensions>
			</trkpt>
			<trkpt lat="28.54946978" lon="77.21029743">
				<ele>164.20208740234375</ele>
				<time>2026-08-09T18:04:19Z</time>
				<extensions>
					<speed>8.470000267028809</speed>
				</extensions>
			</trkpt>
			<trkpt lat="28.54954492" lon="77.21031726">
				<ele>165.08355712890625</ele>
				<time>2026-08-09T18:04:20Z</time>
				<extensions>
					<speed>8.479999542236328</speed>
				</extensions>
			</trkpt>
			<trkpt lat="28.54961504" lon="77.21034109">
				<ele>165.408203125</ele>
				<time>2026-08-09T18:04:21Z</time>
				<extensions>
					<speed>8.449999809265137</speed>
				</extensions>
			</trkpt>
			<trkpt lat="28.54969494" lon="77.21036491">
				<ele>165.74969482421875</ele>
				<time>2026-08-09T18:04:22Z</time>
				<extensions>
					<speed>9.109999656677246</speed>
				</extensions>
			</trkpt>
			<trkpt lat="28.54977613" lon="77.21039692">
				<ele>165.1617431640625</ele>
				<time>2026-08-09T18:04:23Z</time>
				<extensions>
					<speed>9.319999694824219</speed>
				</extensions>
			</trkpt>
			<trkpt lat="28.54985969" lon="77.21042963">
				<ele>165.07598876953125</ele>
				<time>2026-08-09T18:04:24Z</time>
				<extensions>
					<speed>10.029999732971191</speed>
				</extensions>
			</trkpt>
			<trkpt lat="28.54995053" lon="77.21045814">
				<ele>165.1317138671875</ele>
				<time>2026-08-09T18:04:25Z</time>
				<extensions>
					<speed>10.390000343322754</speed>
				</extensions>
			</trkpt>
			<trkpt lat="28.55004348" lon="77.21049179">
				<ele>164.9639892578125</ele>
				<time>2026-08-09T18:04:26Z</time>
				<extensions>
					<speed>10.829999923706055</speed>
				</extensions>
			</trkpt>
			<trkpt lat="28.55014265" lon="77.2105297">
				<ele>165.1126708984375</ele>
				<time>2026-08-09T18:04:27Z</time>
				<extensions>
					<speed>11.670000076293945</speed>
				</extensions>
			</trkpt>
			<trkpt lat="28.55024242" lon="77.21056591">
				<ele>165.09881591796875</ele>
				<time>2026-08-09T18:04:28Z</time>
				<extensions>
					<speed>11.859999656677246</speed>
				</extensions>
			</trkpt>
			<trkpt lat="28.55034985" lon="77.21059779">
				<ele>164.812255859375</ele>
				<time>2026-08-09T18:04:29Z</time>
				<extensions>
					<speed>11.920000076293945</speed>
				</extensions>
			</trkpt>
			<trkpt lat="28.55045828" lon="77.21063166">
				<ele>165.005126953125</ele>
				<time>2026-08-09T18:04:30Z</time>
				<extensions>
					<speed>12.100000381469727</speed>
				</extensions>
			</trkpt>
			<trkpt lat="28.55056315" lon="77.21066157">
				<ele>165.02349853515625</ele>
				<time>2026-08-09T18:04:31Z</time>
				<extensions>
					<speed>11.699999809265137</speed>
				</extensions>
			</trkpt>
			<trkpt lat="28.55067046" lon="77.21069094">
				<ele>164.4337158203125</ele>
				<time>2026-08-09T18:04:32Z</time>
				<extensions>
					<speed>11.600000381469727</speed>
				</extensions>
			</trkpt>
			<trkpt lat="28.55074996" lon="77.21071636">
				<ele>161.75885009765625</ele>
				<time>2026-08-09T18:04:33Z</time>
				<extensions>
					<speed>10.9399995803833</speed>
				</extensions>
			</trkpt>
			<trkpt lat="28.55084328" lon="77.21075102">
				<ele>162.2227783203125</ele>
				<time>2026-08-09T18:04:34Z</time>
				<extensions>
					<speed>10.699999809265137</speed>
				</extensions>
			</trkpt>
			<trkpt lat="28.55093461" lon="77.2107837">
				<ele>163.19287109375</ele>
				<time>2026-08-09T18:04:35Z</time>
				<extensions>
					<speed>10.239999771118164</speed>
				</extensions>
			</trkpt>
			<trkpt lat="28.55101538" lon="77.21081884">
				<ele>163.50079345703125</ele>
				<time>2026-08-09T18:04:36Z</time>
				<extensions>
					<speed>9.520000457763672</speed>
				</extensions>
			</trkpt>
			<trkpt lat="28.55109998" lon="77.21084534">
				<ele>163.653076171875</ele>
				<time>2026-08-09T18:04:37Z</time>
				<extensions>
					<speed>9.399999618530273</speed>
				</extensions>
			</trkpt>
			<trkpt lat="28.55117286" lon="77.21087967">
				<ele>165.265869140625</ele>
				<time>2026-08-09T18:04:38Z</time>
				<extensions>
					<speed>9.010000228881836</speed>
				</extensions>
			</trkpt>
			<trkpt lat="28.55124606" lon="77.21090372">
				<ele>165.65185546875</ele>
				<time>2026-08-09T18:04:39Z</time>
				<extensions>
					<speed>8.569999694824219</speed>
				</extensions>
			</trkpt>
			<trkpt lat="28.55130824" lon="77.21091669">
				<ele>166.4990234375</ele>
				<time>2026-08-09T18:04:40Z</time>
				<extensions>
					<speed>7.039999961853027</speed>
				</extensions>
			</trkpt>
			<trkpt lat="28.55135191" lon="77.21092543">
				<ele>166.20672607421875</ele>
				<time>2026-08-09T18:04:41Z</time>
				<extensions>
					<speed>5.159999847412109</speed>
				</extensions>
			</trkpt>
			<trkpt lat="28.55138386" lon="77.21093095">
				<ele>166.35528564453125</ele>
				<time>2026-08-09T18:04:42Z</time>
				<extensions>
					<speed>3.490000009536743</speed>
				</extensions>
			</trkpt>
			<trkpt lat="28.55140888" lon="77.21092906">
				<ele>165.635498046875</ele>
				<time>2026-08-09T18:04:43Z</time>
				<extensions>
					<speed>2.4100000858306885</speed>
				</extensions>
			</trkpt>
			<trkpt lat="28.55141648" lon="77.21093143">
				<ele>165.4891357421875</ele>
				<time>2026-08-09T18:04:44Z</time>
				<extensions>
					<speed>0.9399999976158142</speed>
				</extensions>
			</trkpt>
			<trkpt lat="28.55141673" lon="77.21092737">
				<ele>165.16534423828125</ele>
				<time>2026-08-09T18:04:45Z</time>
				<extensions>
					<speed>0.0</speed>
				</extensions>
			</trkpt>
			<trkpt lat="28.55141633" lon="77.21092895">
				<ele>165.551513671875</ele>
				<time>2026-08-09T18:04:46Z</time>
				<extensions>
					<speed>0.0</speed>
				</extensions>
			</trkpt>
			<trkpt lat="28.55141478" lon="77.21093057">
				<ele>165.3782958984375</ele>
				<time>2026-08-09T18:04:47Z</time>
				<extensions>
					<speed>0.0</speed>
				</extensions>
			</trkpt>
			<trkpt lat="28.55141509" lon="77.21093245">
				<ele>165.53485107421875</ele>
				<time>2026-08-09T18:04:48Z</time>
				<extensions>
					<speed>0.0</speed>
				</extensions>
			</trkpt>
			<trkpt lat="28.55141638" lon="77.21093326">
				<ele>165.79583740234375</ele>
				<time>2026-08-09T18:04:49Z</time>
				<extensions>
					<speed>0.0</speed>
				</extensions>
			</trkpt>
			<trkpt lat="28.55141701" lon="77.21093274">
				<ele>165.7320556640625</ele>
				<time>2026-08-09T18:04:50Z</time>
				<extensions>
					<speed>0.0</speed>
				</extensions>
			</trkpt>
			<trkpt lat="28.55142749" lon="77.2109351">
				<ele>165.65478515625</ele>
				<time>2026-08-09T18:04:51Z</time>
				<extensions>
					<speed>0.9900000095367432</speed>
				</extensions>
			</trkpt>
			<trkpt lat="28.55144434" lon="77.21093596">
				<ele>166.26971435546875</ele>
				<time>2026-08-09T18:04:52Z</time>
				<extensions>
					<speed>1.8899999856948853</speed>
				</extensions>
			</trkpt>
			<trkpt lat="28.55146744" lon="77.21094486">
				<ele>166.46380615234375</ele>
				<time>2026-08-09T18:04:53Z</time>
				<extensions>
					<speed>2.9800000190734863</speed>
				</extensions>
			</trkpt>
			<trkpt lat="28.55149424" lon="77.21095496">
				<ele>166.5076904296875</ele>
				<time>2026-08-09T18:04:54Z</time>
				<extensions>
					<speed>3.180000066757202</speed>
				</extensions>
			</trkpt>
			<trkpt lat="28.55153035" lon="77.21096606">
				<ele>166.8792724609375</ele>
				<time>2026-08-09T18:04:55Z</time>
				<extensions>
					<speed>4.360000133514404</speed>
				</extensions>
			</trkpt>
			<trkpt lat="28.55158024" lon="77.21098139">
				<ele>166.2264404296875</ele>
				<time>2026-08-09T18:04:56Z</time>
				<extensions>
					<speed>5.409999847412109</speed>
				</extensions>
			</trkpt>
			<trkpt lat="28.55162954" lon="77.2109969">
				<ele>166.27508544921875</ele>
				<time>2026-08-09T18:04:57Z</time>
				<extensions>
					<speed>5.21999979019165</speed>
				</extensions>
			</trkpt>
			<trkpt lat="28.55168108" lon="77.21101425">
				<ele>166.25201416015625</ele>
				<time>2026-08-09T18:04:58Z</time>
				<extensions>
					<speed>5.769999980926514</speed>
				</extensions>
			</trkpt>
			<trkpt lat="28.55174249" lon="77.21103842">
				<ele>165.68499755859375</ele>
				<time>2026-08-09T18:04:59Z</time>
				<extensions>
					<speed>6.980000019073486</speed>
				</extensions>
			</trkpt>
			<trkpt lat="28.55181025" lon="77.21106723">
				<ele>165.5721435546875</ele>
				<time>2026-08-09T18:05:00Z</time>
				<extensions>
					<speed>7.75</speed>
				</extensions>
			</trkpt>
			<trkpt lat="28.55187985" lon="77.21110249">
				<ele>165.98699951171875</ele>
				<time>2026-08-09T18:05:01Z</time>
				<extensions>
					<speed>8.079999923706055</speed>
				</extensions>
			</trkpt>
			<trkpt lat="28.55195584" lon="77.21114007">
				<ele>165.50311279296875</ele>
				<time>2026-08-09T18:05:02Z</time>
				<extensions>
					<speed>8.539999961853027</speed>
				</extensions>
			</trkpt>
			<trkpt lat="28.55203526" lon="77.21117195">
				<ele>165.06005859375</ele>
				<time>2026-08-09T18:05:03Z</time>
				<extensions>
					<speed>9.270000457763672</speed>
				</extensions>
			</trkpt>
			<trkpt lat="28.55211849" lon="77.21120748">
				<ele>165.08953857421875</ele>
				<time>2026-08-09T18:05:04Z</time>
				<extensions>
					<speed>9.770000457763672</speed>
				</extensions>
			</trkpt>
			<trkpt lat="28.55220806" lon="77.21124181">
				<ele>165.732177734375</ele>
				<time>2026-08-09T18:05:05Z</time>
				<extensions>
					<speed>10.720000267028809</speed>
				</extensions>
			</trkpt>
			<trkpt lat="28.55230321" lon="77.21128149">
				<ele>164.74853515625</ele>
				<time>2026-08-09T18:05:06Z</time>
				<extensions>
					<speed>11.15999984741211</speed>
				</extensions>
			</trkpt>
			<trkpt lat="28.55240187" lon="77.21131741">
				<ele>164.71441650390625</ele>
				<time>2026-08-09T18:05:07Z</time>
				<extensions>
					<speed>11.15999984741211</speed>
				</extensions>
			</trkpt>
			<trkpt lat="28.55249263" lon="77.21136528">
				<ele>166.5946044921875</ele>
				<time>2026-08-09T18:05:08Z</time>
				<extensions>
					<speed>11.470000267028809</speed>
				</extensions>
			</trkpt>
			<trkpt lat="28.55259256" lon="77.21141782">
				<ele>166.6102294921875</ele>
				<time>2026-08-09T18:05:09Z</time>
				<extensions>
					<speed>12.15999984741211</speed>
				</extensions>
			</trkpt>
			<trkpt lat="28.55269599" lon="77.21146798">
				<ele>166.145751953125</ele>
				<time>2026-08-09T18:05:10Z</time>
				<extensions>
					<speed>12.039999961853027</speed>
				</extensions>
			</trkpt>
			<trkpt lat="28.55278832" lon="77.21152385">
				<ele>166.06231689453125</ele>
				<time>2026-08-09T18:05:11Z</time>
				<extensions>
					<speed>11.859999656677246</speed>
				</extensions>
			</trkpt>
			<trkpt lat="28.55287961" lon="77.21158187">
				<ele>165.8759765625</ele>
				<time>2026-08-09T18:05:12Z</time>
				<extensions>
					<speed>11.760000228881836</speed>
				</extensions>
			</trkpt>
			<trkpt lat="28.55297432" lon="77.21163694">
				<ele>166.0113525390625</ele>
				<time>2026-08-09T18:05:13Z</time>
				<extensions>
					<speed>11.789999961853027</speed>
				</extensions>
			</trkpt>
			<trkpt lat="28.5530726" lon="77.21170887">
				<ele>164.86212158203125</ele>
				<time>2026-08-09T18:05:14Z</time>
				<extensions>
					<speed>12.470000267028809</speed>
				</extensions>
			</trkpt>
			<trkpt lat="28.55317972" lon="77.21177432">
				<ele>164.537109375</ele>
				<time>2026-08-09T18:05:15Z</time>
				<extensions>
					<speed>12.680000305175781</speed>
				</extensions>
			</trkpt>
			<trkpt lat="28.55327961" lon="77.21183436">
				<ele>163.411376953125</ele>
				<time>2026-08-09T18:05:16Z</time>
				<extensions>
					<speed>12.800000190734863</speed>
				</extensions>
			</trkpt>
			<trkpt lat="28.55337784" lon="77.21189781">
				<ele>162.604248046875</ele>
				<time>2026-08-09T18:05:17Z</time>
				<extensions>
					<speed>12.989999771118164</speed>
				</extensions>
			</trkpt>
			<trkpt lat="28.5534701" lon="77.211971">
				<ele>163.21734619140625</ele>
				<time>2026-08-09T18:05:18Z</time>
				<extensions>
					<speed>12.760000228881836</speed>
				</extensions>
			</trkpt>
			<trkpt lat="28.55356638" lon="77.21204768">
				<ele>163.1329345703125</ele>
				<time>2026-08-09T18:05:19Z</time>
				<extensions>
					<speed>12.59000015258789</speed>
				</extensions>
			</trkpt>
			<trkpt lat="28.55365431" lon="77.21212736">
				<ele>163.472412109375</ele>
				<time>2026-08-09T18:05:20Z</time>
				<extensions>
					<speed>12.649999618530273</speed>
				</extensions>
			</trkpt>
			<trkpt lat="28.55374325" lon="77.21220998">
				<ele>163.08502197265625</ele>
				<time>2026-08-09T18:05:21Z</time>
				<extensions>
					<speed>12.600000381469727</speed>
				</extensions>
			</trkpt>
			<trkpt lat="28.55382095" lon="77.21228246">
				<ele>163.17095947265625</ele>
				<time>2026-08-09T18:05:22Z</time>
				<extensions>
					<speed>11.210000038146973</speed>
				</extensions>
			</trkpt>
			<trkpt lat="28.5538923" lon="77.21234738">
				<ele>162.6544189453125</ele>
				<time>2026-08-09T18:05:23Z</time>
				<extensions>
					<speed>9.899999618530273</speed>
				</extensions>
			</trkpt>
			<trkpt lat="28.55394704" lon="77.21240094">
				<ele>162.8140869140625</ele>
				<time>2026-08-09T18:05:24Z</time>
				<extensions>
					<speed>7.989999771118164</speed>
				</extensions>
			</trkpt>
			<trkpt lat="28.55400264" lon="77.21245303">
				<ele>163.07916259765625</ele>
				<time>2026-08-09T18:05:25Z</time>
				<extensions>
					<speed>7.789999961853027</speed>
				</extensions>
			</trkpt>
			<trkpt lat="28.55405582" lon="77.21250367">
				<ele>162.2562255859375</ele>
				<time>2026-08-09T18:05:26Z</time>
				<extensions>
					<speed>7.260000228881836</speed>
				</extensions>
			</trkpt>
			<trkpt lat="28.5541014" lon="77.21254533">
				<ele>162.4339599609375</ele>
				<time>2026-08-09T18:05:27Z</time>
				<extensions>
					<speed>6.159999847412109</speed>
				</extensions>
			</trkpt>
			<trkpt lat="28.55413655" lon="77.21258482">
				<ele>162.4132080078125</ele>
				<time>2026-08-09T18:05:28Z</time>
				<extensions>
					<speed>5.289999961853027</speed>
				</extensions>
			</trkpt>
			<trkpt lat="28.55417015" lon="77.2126195">
				<ele>162.080078125</ele>
				<time>2026-08-09T18:05:29Z</time>
				<extensions>
					<speed>5.210000038146973</speed>
				</extensions>
			</trkpt>
			<trkpt lat="28.55420787" lon="77.21265043">
				<ele>161.84368896484375</ele>
				<time>2026-08-09T18:05:30Z</time>
				<extensions>
					<speed>5.010000228881836</speed>
				</extensions>
			</trkpt>
			<trkpt lat="28.55426282" lon="77.21266389">
				<ele>162.5068359375</ele>
				<time>2026-08-09T18:05:31Z</time>
				<extensions>
					<speed>4.599999904632568</speed>
				</extensions>
			</trkpt>
			<trkpt lat="28.55429288" lon="77.21267692">
				<ele>162.88531494140625</ele>
				<time>2026-08-09T18:05:32Z</time>
				<extensions>
					<speed>3.4700000286102295</speed>
				</extensions>
			</trkpt>
			<trkpt lat="28.55431962" lon="77.21268791">
				<ele>162.9842529296875</ele>
				<time>2026-08-09T18:05:33Z</time>
				<extensions>
					<speed>3.0199999809265137</speed>
				</extensions>
			</trkpt>
			<trkpt lat="28.55434845" lon="77.21268505">
				<ele>163.29083251953125</ele>
				<time>2026-08-09T18:05:34Z</time>
				<extensions>
					<speed>3.2300000190734863</speed>
				</extensions>
			</trkpt>
			<trkpt lat="28.55437978" lon="77.21266707">
				<ele>164.0263671875</ele>
				<time>2026-08-09T18:05:35Z</time>
				<extensions>
					<speed>4.460000038146973</speed>
				</extensions>
			</trkpt>
			<trkpt lat="28.55441314" lon="77.21262692">
				<ele>163.673583984375</ele>
				<time>2026-08-09T18:05:36Z</time>
				<extensions>
					<speed>5.519999980926514</speed>
				</extensions>
			</trkpt>
			<trkpt lat="28.55445094" lon="77.21257977">
				<ele>163.9830322265625</ele>
				<time>2026-08-09T18:05:37Z</time>
				<extensions>
					<speed>6.710000038146973</speed>
				</extensions>
			</trkpt>
			<trkpt lat="28.55449685" lon="77.21252257">
				<ele>164.261474609375</ele>
				<time>2026-08-09T18:05:38Z</time>
				<extensions>
					<speed>7.409999847412109</speed>
				</extensions>
			</trkpt>
			<trkpt lat="28.55454" lon="77.2124607">
				<ele>164.63983154296875</ele>
				<time>2026-08-09T18:05:39Z</time>
				<extensions>
					<speed>7.849999904632568</speed>
				</extensions>
			</trkpt>
			<trkpt lat="28.55458871" lon="77.21238856">
				<ele>164.7138671875</ele>
				<time>2026-08-09T18:05:40Z</time>
				<extensions>
					<speed>8.789999961853027</speed>
				</extensions>
			</trkpt>
			<trkpt lat="28.55463777" lon="77.21231678">
				<ele>164.38018798828125</ele>
				<time>2026-08-09T18:05:41Z</time>
				<extensions>
					<speed>8.890000343322754</speed>
				</extensions>
			</trkpt>
			<trkpt lat="28.55468519" lon="77.21223403">
				<ele>164.13836669921875</ele>
				<time>2026-08-09T18:05:42Z</time>
				<extensions>
					<speed>9.029999732971191</speed>
				</extensions>
			</trkpt>
			<trkpt lat="28.55473383" lon="77.21215976">
				<ele>164.49884033203125</ele>
				<time>2026-08-09T18:05:43Z</time>
				<extensions>
					<speed>9.489999771118164</speed>
				</extensions>
			</trkpt>
			<trkpt lat="28.55478813" lon="77.21207796">
				<ele>164.60052490234375</ele>
				<time>2026-08-09T18:05:44Z</time>
				<extensions>
					<speed>9.34000015258789</speed>
				</extensions>
			</trkpt>
			<trkpt lat="28.55483997" lon="77.21199832">
				<ele>165.05194091796875</ele>
				<time>2026-08-09T18:05:45Z</time>
				<extensions>
					<speed>9.460000038146973</speed>
				</extensions>
			</trkpt>
			<trkpt lat="28.55489366" lon="77.21191614">
				<ele>165.0299072265625</ele>
				<time>2026-08-09T18:05:46Z</time>
				<extensions>
					<speed>10.119999885559082</speed>
				</extensions>
			</trkpt>
			<trkpt lat="28.5549482" lon="77.21183391">
				<ele>165.11968994140625</ele>
				<time>2026-08-09T18:05:47Z</time>
				<extensions>
					<speed>10.210000038146973</speed>
				</extensions>
			</trkpt>
			<trkpt lat="28.55499748" lon="77.21174385">
				<ele>165.8043212890625</ele>
				<time>2026-08-09T18:05:48Z</time>
				<extensions>
					<speed>10.449999809265137</speed>
				</extensions>
			</trkpt>
			<trkpt lat="28.55505925" lon="77.21166131">
				<ele>165.4661865234375</ele>
				<time>2026-08-09T18:05:49Z</time>
				<extensions>
					<speed>10.720000267028809</speed>
				</extensions>
			</trkpt>
			<trkpt lat="28.55511688" lon="77.21157439">
				<ele>165.54107666015625</ele>
				<time>2026-08-09T18:05:50Z</time>
				<extensions>
					<speed>10.800000190734863</speed>
				</extensions>
			</trkpt>
			<trkpt lat="28.55518024" lon="77.21148727">
				<ele>165.2913818359375</ele>
				<time>2026-08-09T18:05:51Z</time>
				<extensions>
					<speed>10.600000381469727</speed>
				</extensions>
			</trkpt>
			<trkpt lat="28.55523377" lon="77.21139648">
				<ele>164.4017333984375</ele>
				<time>2026-08-09T18:05:52Z</time>
				<extensions>
					<speed>10.539999961853027</speed>
				</extensions>
			</trkpt>
			<trkpt lat="28.55528473" lon="77.21130901">
				<ele>164.0458984375</ele>
				<time>2026-08-09T18:05:53Z</time>
				<extensions>
					<speed>10.489999771118164</speed>
				</extensions>
			</trkpt>
			<trkpt lat="28.55534653" lon="77.21122124">
				<ele>164.0943603515625</ele>
				<time>2026-08-09T18:05:54Z</time>
				<extensions>
					<speed>11.050000190734863</speed>
				</extensions>
			</trkpt>
			<trkpt lat="28.5554115" lon="77.21113203">
				<ele>163.8968505859375</ele>
				<time>2026-08-09T18:05:55Z</time>
				<extensions>
					<speed>11.369999885559082</speed>
				</extensions>
			</trkpt>
			<trkpt lat="28.55548391" lon="77.21105201">
				<ele>163.8114013671875</ele>
				<time>2026-08-09T18:05:56Z</time>
				<extensions>
					<speed>11.369999885559082</speed>
				</extensions>
			</trkpt>
			<trkpt lat="28.55555518" lon="77.21097046">
				<ele>164.0125732421875</ele>
				<time>2026-08-09T18:05:57Z</time>
				<extensions>
					<speed>10.979999542236328</speed>
				</extensions>
			</trkpt>
			<trkpt lat="28.5556306" lon="77.21089408">
				<ele>163.73388671875</ele>
				<time>2026-08-09T18:05:58Z</time>
				<extensions>
					<speed>10.4399995803833</speed>
				</extensions>
			</trkpt>
			<trkpt lat="28.55569536" lon="77.21082324">
				<ele>164.0867919921875</ele>
				<time>2026-08-09T18:05:59Z</time>
				<extensions>
					<speed>10.010000228881836</speed>
				</extensions>
			</trkpt>
			<trkpt lat="28.55576431" lon="77.21075813">
				<ele>164.3309326171875</ele>
				<time>2026-08-09T18:06:00Z</time>
				<extensions>
					<speed>9.760000228881836</speed>
				</extensions>
			</trkpt>
			<trkpt lat="28.55582841" lon="77.21069051">
				<ele>164.2686767578125</ele>
				<time>2026-08-09T18:06:01Z</time>
				<extensions>
					<speed>9.510000228881836</speed>
				</extensions>
			</trkpt>
			<trkpt lat="28.55589029" lon="77.2106271">
				<ele>164.4140625</ele>
				<time>2026-08-09T18:06:02Z</time>
				<extensions>
					<speed>9.619999885559082</speed>
				</extensions>
			</trkpt>
			<trkpt lat="28.55595565" lon="77.21056148">
				<ele>165.038330078125</ele>
				<time>2026-08-09T18:06:03Z</time>
				<extensions>
					<speed>9.640000343322754</speed>
				</extensions>
			</trkpt>
			<trkpt lat="28.55602148" lon="77.21049642">
				<ele>165.87274169921875</ele>
				<time>2026-08-09T18:06:04Z</time>
				<extensions>
					<speed>9.470000267028809</speed>
				</extensions>
			</trkpt>
			<trkpt lat="28.5560868" lon="77.21043229">
				<ele>165.392578125</ele>
				<time>2026-08-09T18:06:05Z</time>
				<extensions>
					<speed>9.430000305175781</speed>
				</extensions>
			</trkpt>
			<trkpt lat="28.5561517" lon="77.2103741">
				<ele>165.09490966796875</ele>
				<time>2026-08-09T18:06:06Z</time>
				<extensions>
					<speed>9.15999984741211</speed>
				</extensions>
			</trkpt>
			<trkpt lat="28.55621738" lon="77.21031289">
				<ele>164.73919677734375</ele>
				<time>2026-08-09T18:06:07Z</time>
				<extensions>
					<speed>9.270000457763672</speed>
				</extensions>
			</trkpt>
			<trkpt lat="28.55627807" lon="77.21025093">
				<ele>164.85382080078125</ele>
				<time>2026-08-09T18:06:08Z</time>
				<extensions>
					<speed>9.180000305175781</speed>
				</extensions>
			</trkpt>
			<trkpt lat="28.55633697" lon="77.21018756">
				<ele>164.74530029296875</ele>
				<time>2026-08-09T18:06:09Z</time>
				<extensions>
					<speed>9.0600004196167</speed>
				</extensions>
			</trkpt>
			<trkpt lat="28.5563933" lon="77.21012407">
				<ele>165.21630859375</ele>
				<time>2026-08-09T18:06:10Z</time>
				<extensions>
					<speed>8.720000267028809</speed>
				</extensions>
			</trkpt>
			<trkpt lat="28.55645269" lon="77.21006826">
				<ele>164.84136962890625</ele>
				<time>2026-08-09T18:06:11Z</time>
				<extensions>
					<speed>8.670000076293945</speed>
				</extensions>
			</trkpt>
			<trkpt lat="28.55651183" lon="77.21000903">
				<ele>164.97027587890625</ele>
				<time>2026-08-09T18:06:12Z</time>
				<extensions>
					<speed>8.600000381469727</speed>
				</extensions>
			</trkpt>
			<trkpt lat="28.55656807" lon="77.20995173">
				<ele>165.166259765625</ele>
				<time>2026-08-09T18:06:13Z</time>
				<extensions>
					<speed>8.319999694824219</speed>
				</extensions>
			</trkpt>
			<trkpt lat="28.55662151" lon="77.20989513">
				<ele>165.51416015625</ele>
				<time>2026-08-09T18:06:14Z</time>
				<extensions>
					<speed>7.860000133514404</speed>
				</extensions>
			</trkpt>
			<trkpt lat="28.55669127" lon="77.20983145">
				<ele>162.930419921875</ele>
				<time>2026-08-09T18:06:15Z</time>
				<extensions>
					<speed>8.069999694824219</speed>
				</extensions>
			</trkpt>
			<trkpt lat="28.55674971" lon="77.20977844">
				<ele>162.1383056640625</ele>
				<time>2026-08-09T18:06:16Z</time>
				<extensions>
					<speed>8.25</speed>
				</extensions>
			</trkpt>
			<trkpt lat="28.55680549" lon="77.20972164">
				<ele>161.67266845703125</ele>
				<time>2026-08-09T18:06:17Z</time>
				<extensions>
					<speed>8.989999771118164</speed>
				</extensions>
			</trkpt>
			<trkpt lat="28.55686284" lon="77.20966175">
				<ele>161.86444091796875</ele>
				<time>2026-08-09T18:06:18Z</time>
				<extensions>
					<speed>9.020000457763672</speed>
				</extensions>
			</trkpt>
			<trkpt lat="28.5569168" lon="77.20958962">
				<ele>161.96875</ele>
				<time>2026-08-09T18:06:19Z</time>
				<extensions>
					<speed>9.739999771118164</speed>
				</extensions>
			</trkpt>
			<trkpt lat="28.55698111" lon="77.20951574">
				<ele>162.136962890625</ele>
				<time>2026-08-09T18:06:20Z</time>
				<extensions>
					<speed>10.1899995803833</speed>
				</extensions>
			</trkpt>
			<trkpt lat="28.55704117" lon="77.20943458">
				<ele>162.55242919921875</ele>
				<time>2026-08-09T18:06:21Z</time>
				<extensions>
					<speed>10.630000114440918</speed>
				</extensions>
			</trkpt>
			<trkpt lat="28.5570858" lon="77.20934967">
				<ele>162.6986083984375</ele>
				<time>2026-08-09T18:06:22Z</time>
				<extensions>
					<speed>10.630000114440918</speed>
				</extensions>
			</trkpt>
			<trkpt lat="28.55713744" lon="77.20926063">
				<ele>163.86279296875</ele>
				<time>2026-08-09T18:06:23Z</time>
				<extensions>
					<speed>10.510000228881836</speed>
				</extensions>
			</trkpt>
			<trkpt lat="28.55719271" lon="77.20916912">
				<ele>163.03851318359375</ele>
				<time>2026-08-09T18:06:24Z</time>
				<extensions>
					<speed>10.880000114440918</speed>
				</extensions>
			</trkpt>
			<trkpt lat="28.5572429" lon="77.20908026">
				<ele>163.5101318359375</ele>
				<time>2026-08-09T18:06:25Z</time>
				<extensions>
					<speed>9.949999809265137</speed>
				</extensions>
			</trkpt>
			<trkpt lat="28.55726846" lon="77.20901928">
				<ele>162.29534912109375</ele>
				<time>2026-08-09T18:06:26Z</time>
				<extensions>
					<speed>6.460000038146973</speed>
				</extensions>
			</trkpt>
			<trkpt lat="28.55730249" lon="77.20895929">
				<ele>161.1129150390625</ele>
				<time>2026-08-09T18:06:27Z</time>
				<extensions>
					<speed>5.699999809265137</speed>
				</extensions>
			</trkpt>
			<trkpt lat="28.55733741" lon="77.20891389">
				<ele>160.9759521484375</ele>
				<time>2026-08-09T18:06:28Z</time>
				<extensions>
					<speed>5.260000228881836</speed>
				</extensions>
			</trkpt>
			<trkpt lat="28.55737549" lon="77.2089096">
				<ele>160.714111328125</ele>
				<time>2026-08-09T18:06:29Z</time>
				<extensions>
					<speed>3.940000057220459</speed>
				</extensions>
			</trkpt>
			<trkpt lat="28.55742001" lon="77.20890079">
				<ele>160.96856689453125</ele>
				<time>2026-08-09T18:06:30Z</time>
				<extensions>
					<speed>3.7100000381469727</speed>
				</extensions>
			</trkpt>
			<trkpt lat="28.55744855" lon="77.20890848">
				<ele>161.10565185546875</ele>
				<time>2026-08-09T18:06:31Z</time>
				<extensions>
					<speed>3.2899999618530273</speed>
				</extensions>
			</trkpt>
			<trkpt lat="28.55747981" lon="77.20891766">
				<ele>161.253173828125</ele>
				<time>2026-08-09T18:06:32Z</time>
				<extensions>
					<speed>3.8299999237060547</speed>
				</extensions>
			</trkpt>
			<trkpt lat="28.55752193" lon="77.20892658">
				<ele>162.1259765625</ele>
				<time>2026-08-09T18:06:33Z</time>
				<extensions>
					<speed>4.179999828338623</speed>
				</extensions>
			</trkpt>
			<trkpt lat="28.5575587" lon="77.20893609">
				<ele>163.116943359375</ele>
				<time>2026-08-09T18:06:34Z</time>
				<extensions>
					<speed>4.119999885559082</speed>
				</extensions>
			</trkpt>
			<trkpt lat="28.55761" lon="77.20895987">
				<ele>163.55029296875</ele>
				<time>2026-08-09T18:06:35Z</time>
				<extensions>
					<speed>6.420000076293945</speed>
				</extensions>
			</trkpt>
			<trkpt lat="28.55765494" lon="77.20897836">
				<ele>163.6270751953125</ele>
				<time>2026-08-09T18:06:36Z</time>
				<extensions>
					<speed>5.059999942779541</speed>
				</extensions>
			</trkpt>
			<trkpt lat="28.55769445" lon="77.20899754">
				<ele>163.61981201171875</ele>
				<time>2026-08-09T18:06:37Z</time>
				<extensions>
					<speed>4.690000057220459</speed>
				</extensions>
			</trkpt>
			<trkpt lat="28.55775207" lon="77.20902536">
				<ele>163.8665771484375</ele>
				<time>2026-08-09T18:06:38Z</time>
				<extensions>
					<speed>6.28000020980835</speed>
				</extensions>
			</trkpt>
			<trkpt lat="28.55781091" lon="77.20905752">
				<ele>163.77972412109375</ele>
				<time>2026-08-09T18:06:39Z</time>
				<extensions>
					<speed>6.75</speed>
				</extensions>
			</trkpt>
			<trkpt lat="28.55785993" lon="77.20909094">
				<ele>161.77484130859375</ele>
				<time>2026-08-09T18:06:40Z</time>
				<extensions>
					<speed>5.679999828338623</speed>
				</extensions>
			</trkpt>
			<trkpt lat="28.55791025" lon="77.20912344">
				<ele>162.6632080078125</ele>
				<time>2026-08-09T18:06:41Z</time>
				<extensions>
					<speed>6.610000133514404</speed>
				</extensions>
			</trkpt>
			<trkpt lat="28.55795428" lon="77.20915911">
				<ele>161.89288330078125</ele>
				<time>2026-08-09T18:06:42Z</time>
				<extensions>
					<speed>6.53000020980835</speed>
				</extensions>
			</trkpt>
			<trkpt lat="28.55800981" lon="77.20917868">
				<ele>163.3289794921875</ele>
				<time>2026-08-09T18:06:43Z</time>
				<extensions>
					<speed>6.130000114440918</speed>
				</extensions>
			</trkpt>
			<trkpt lat="28.55805998" lon="77.20919418">
				<ele>162.3388671875</ele>
				<time>2026-08-09T18:06:44Z</time>
				<extensions>
					<speed>5.760000228881836</speed>
				</extensions>
			</trkpt>
			<trkpt lat="28.55810298" lon="77.2092215">
				<ele>161.52960205078125</ele>
				<time>2026-08-09T18:06:45Z</time>
				<extensions>
					<speed>5.659999847412109</speed>
				</extensions>
			</trkpt>
			<trkpt lat="28.55815161" lon="77.20924161">
				<ele>161.443359375</ele>
				<time>2026-08-09T18:06:46Z</time>
				<extensions>
					<speed>5.590000152587891</speed>
				</extensions>
			</trkpt>
			<trkpt lat="28.5581963" lon="77.20926412">
				<ele>161.7510986328125</ele>
				<time>2026-08-09T18:06:47Z</time>
				<extensions>
					<speed>5.28000020980835</speed>
				</extensions>
			</trkpt>
			<trkpt lat="28.55823905" lon="77.20927929">
				<ele>162.478515625</ele>
				<time>2026-08-09T18:06:48Z</time>
				<extensions>
					<speed>4.789999961853027</speed>
				</extensions>
			</trkpt>
			<trkpt lat="28.55828103" lon="77.20929676">
				<ele>162.219482421875</ele>
				<time>2026-08-09T18:06:49Z</time>
				<extensions>
					<speed>4.380000114440918</speed>
				</extensions>
			</trkpt>
			<trkpt lat="28.55830927" lon="77.20930856">
				<ele>163.15557861328125</ele>
				<time>2026-08-09T18:06:50Z</time>
				<extensions>
					<speed>3.309999942779541</speed>
				</extensions>
			</trkpt>
			<trkpt lat="28.55832925" lon="77.20932244">
				<ele>163.95916748046875</ele>
				<time>2026-08-09T18:06:51Z</time>
				<extensions>
					<speed>2.450000047683716</speed>
				</extensions>
			</trkpt>
			<trkpt lat="28.55833252" lon="77.20932107">
				<ele>163.8599853515625</ele>
				<time>2026-08-09T18:06:52Z</time>
				<extensions>
					<speed>0.7300000190734863</speed>
				</extensions>
			</trkpt>
			<trkpt lat="28.55834071" lon="77.20932443">
				<ele>163.9505615234375</ele>
				<time>2026-08-09T18:06:53Z</time>
				<extensions>
					<speed>0.8600000143051147</speed>
				</extensions>
			</trkpt>
			<trkpt lat="28.55835096" lon="77.2093343">
				<ele>163.96368408203125</ele>
				<time>2026-08-09T18:06:54Z</time>
				<extensions>
					<speed>1.2599999904632568</speed>
				</extensions>
			</trkpt>
			<trkpt lat="28.55836527" lon="77.2093418">
				<ele>164.912353515625</ele>
				<time>2026-08-09T18:06:55Z</time>
				<extensions>
					<speed>1.559999942779541</speed>
				</extensions>
			</trkpt>
			<trkpt lat="28.55837941" lon="77.20935172">
				<ele>164.66192626953125</ele>
				<time>2026-08-09T18:06:56Z</time>
				<extensions>
					<speed>1.6399999856948853</speed>
				</extensions>
			</trkpt>
			<trkpt lat="28.55839518" lon="77.20936223">
				<ele>164.3321533203125</ele>
				<time>2026-08-09T18:06:57Z</time>
				<extensions>
					<speed>2.0199999809265137</speed>
				</extensions>
			</trkpt>
			<trkpt lat="28.55841044" lon="77.20937032">
				<ele>164.807861328125</ele>
				<time>2026-08-09T18:06:58Z</time>
				<extensions>
					<speed>1.7599999904632568</speed>
				</extensions>
			</trkpt>
			<trkpt lat="28.55842716" lon="77.20937312">
				<ele>164.91943359375</ele>
				<time>2026-08-09T18:06:59Z</time>
				<extensions>
					<speed>1.809999942779541</speed>
				</extensions>
			</trkpt>
			<trkpt lat="28.55843856" lon="77.20937432">
				<ele>165.28125</ele>
				<time>2026-08-09T18:07:00Z</time>
				<extensions>
					<speed>0.9599999785423279</speed>
				</extensions>
			</trkpt>
			<trkpt lat="28.55844048" lon="77.20937198">
				<ele>165.3486328125</ele>
				<time>2026-08-09T18:07:01Z</time>
				<extensions>
					<speed>0.0</speed>
				</extensions>
			</trkpt>
			<trkpt lat="28.5584406" lon="77.20937229">
				<ele>165.74267578125</ele>
				<time>2026-08-09T18:07:02Z</time>
				<extensions>
					<speed>0.0</speed>
				</extensions>
			</trkpt>
			<trkpt lat="28.55843944" lon="77.20937274">
				<ele>166.31719970703125</ele>
				<time>2026-08-09T18:07:03Z</time>
				<extensions>
					<speed>0.0</speed>
				</extensions>
			</trkpt>
			<trkpt lat="28.55843731" lon="77.20937143">
				<ele>166.3017578125</ele>
				<time>2026-08-09T18:07:04Z</time>
				<extensions>
					<speed>0.0</speed>
				</extensions>
			</trkpt>
			<trkpt lat="28.55843709" lon="77.20937086">
				<ele>166.46343994140625</ele>
				<time>2026-08-09T18:07:05Z</time>
				<extensions>
					<speed>0.0</speed>
				</extensions>
			</trkpt>
			<trkpt lat="28.55843508" lon="77.20937024">
				<ele>166.38494873046875</ele>
				<time>2026-08-09T18:07:06Z</time>
				<extensions>
					<speed>0.0</speed>
				</extensions>
			</trkpt>
			<trkpt lat="28.55843253" lon="77.20937061">
				<ele>166.0919189453125</ele>
				<time>2026-08-09T18:07:07Z</time>
				<extensions>
					<speed>0.0</speed>
				</extensions>
			</trkpt>
			<trkpt lat="28.55843144" lon="77.2093692">
				<ele>166.12890625</ele>
				<time>2026-08-09T18:07:08Z</time>
				<extensions>
					<speed>0.0</speed>
				</extensions>
			</trkpt>
			<trkpt lat="28.55843071" lon="77.20936717">
				<ele>166.299560546875</ele>
				<time>2026-08-09T18:07:09Z</time>
				<extensions>
					<speed>0.0</speed>
				</extensions>
			</trkpt>
			<trkpt lat="28.55843052" lon="77.20936668">
				<ele>166.2918701171875</ele>
				<time>2026-08-09T18:07:10Z</time>
				<extensions>
					<speed>0.0</speed>
				</extensions>
			</trkpt>
			<trkpt lat="28.55843049" lon="77.2093667">
				<ele>166.29595947265625</ele>
				<time>2026-08-09T18:07:11Z</time>
				<extensions>
					<speed>0.0</speed>
				</extensions>
			</trkpt>
			<trkpt lat="28.55843063" lon="77.2093663">
				<ele>166.29736328125</ele>
				<time>2026-08-09T18:07:12Z</time>
				<extensions>
					<speed>0.0</speed>
				</extensions>
			</trkpt>
			<trkpt lat="28.55843068" lon="77.20936604">
				<ele>166.2310791015625</ele>
				<time>2026-08-09T18:07:13Z</time>
				<extensions>
					<speed>0.0</speed>
				</extensions>
			</trkpt>
			<trkpt lat="28.55843065" lon="77.20936612">
				<ele>166.21466064453125</ele>
				<time>2026-08-09T18:07:14Z</time>
				<extensions>
					<speed>0.0</speed>
				</extensions>
			</trkpt>
			<trkpt lat="28.55843061" lon="77.20936617">
				<ele>166.22662353515625</ele>
				<time>2026-08-09T18:07:15Z</time>
				<extensions>
					<speed>0.0</speed>
				</extensions>
			</trkpt>
			<trkpt lat="28.55843061" lon="77.20936618">
				<ele>166.227294921875</ele>
				<time>2026-08-09T18:07:16Z</time>
				<extensions>
					<speed>0.0</speed>
				</extensions>
			</trkpt>
			<trkpt lat="28.55843163" lon="77.20936597">
				<ele>166.3050537109375</ele>
				<time>2026-08-09T18:07:17Z</time>
				<extensions>
					<speed>0.0</speed>
				</extensions>
			</trkpt>
			<trkpt lat="28.55843298" lon="77.20936692">
				<ele>166.84783935546875</ele>
				<time>2026-08-09T18:07:18Z</time>
				<extensions>
					<speed>0.0</speed>
				</extensions>
			</trkpt>
			<trkpt lat="28.55843413" lon="77.20936771">
				<ele>166.84844970703125</ele>
				<time>2026-08-09T18:07:19Z</time>
				<extensions>
					<speed>0.0</speed>
				</extensions>
			</trkpt>
			<trkpt lat="28.55843522" lon="77.20936873">
				<ele>166.891845703125</ele>
				<time>2026-08-09T18:07:20Z</time>
				<extensions>
					<speed>0.0</speed>
				</extensions>
			</trkpt>
			<trkpt lat="28.55843555" lon="77.20936902">
				<ele>166.9364013671875</ele>
				<time>2026-08-09T18:07:21Z</time>
				<extensions>
					<speed>0.0</speed>
				</extensions>
			</trkpt>
			<trkpt lat="28.55843588" lon="77.20936952">
				<ele>167.03619384765625</ele>
				<time>2026-08-09T18:07:22Z</time>
				<extensions>
					<speed>0.0</speed>
				</extensions>
			</trkpt>
			<trkpt lat="28.5584364" lon="77.20936985">
				<ele>167.035888671875</ele>
				<time>2026-08-09T18:07:23Z</time>
				<extensions>
					<speed>0.0</speed>
				</extensions>
			</trkpt>
			<trkpt lat="28.5584371" lon="77.20937148">
				<ele>166.9306640625</ele>
				<time>2026-08-09T18:07:24Z</time>
				<extensions>
					<speed>0.0</speed>
				</extensions>
			</trkpt>
			<trkpt lat="28.55843857" lon="77.20937275">
				<ele>166.98687744140625</ele>
				<time>2026-08-09T18:07:25Z</time>
				<extensions>
					<speed>0.0</speed>
				</extensions>
			</trkpt>
			<trkpt lat="28.5584402" lon="77.20937568">
				<ele>166.9229736328125</ele>
				<time>2026-08-09T18:07:26Z</time>
				<extensions>
					<speed>0.0</speed>
				</extensions>
			</trkpt>
			<trkpt lat="28.55844205" lon="77.20937593">
				<ele>167.15179443359375</ele>
				<time>2026-08-09T18:07:27Z</time>
				<extensions>
					<speed>0.0</speed>
				</extensions>
			</trkpt>
			<trkpt lat="28.55844273" lon="77.20937512">
				<ele>167.39239501953125</ele>
				<time>2026-08-09T18:07:28Z</time>
				<extensions>
					<speed>0.0</speed>
				</extensions>
			</trkpt>
			<trkpt lat="28.55844332" lon="77.20937425">
				<ele>167.42193603515625</ele>
				<time>2026-08-09T18:07:29Z</time>
				<extensions>
					<speed>0.0</speed>
				</extensions>
			</trkpt>
			<trkpt lat="28.55844334" lon="77.2093738">
				<ele>167.45111083984375</ele>
				<time>2026-08-09T18:07:30Z</time>
				<extensions>
					<speed>0.0</speed>
				</extensions>
			</trkpt>
			<trkpt lat="28.55844332" lon="77.20937377">
				<ele>167.466552734375</ele>
				<time>2026-08-09T18:07:31Z</time>
				<extensions>
					<speed>0.0</speed>
				</extensions>
			</trkpt>
			<trkpt lat="28.55844308" lon="77.20937383">
				<ele>167.48822021484375</ele>
				<time>2026-08-09T18:07:32Z</time>
				<extensions>
					<speed>0.0</speed>
				</extensions>
			</trkpt>
			<trkpt lat="28.55844294" lon="77.20937389">
				<ele>167.4793701171875</ele>
				<time>2026-08-09T18:07:33Z</time>
				<extensions>
					<speed>0.0</speed>
				</extensions>
			</trkpt>
			<trkpt lat="28.55844295" lon="77.20937384">
				<ele>167.51202392578125</ele>
				<time>2026-08-09T18:07:34Z</time>
				<extensions>
					<speed>0.0</speed>
				</extensions>
			</trkpt>
			<trkpt lat="28.55844292" lon="77.20937403">
				<ele>167.5096435546875</ele>
				<time>2026-08-09T18:07:35Z</time>
				<extensions>
					<speed>0.0</speed>
				</extensions>
			</trkpt>
			<trkpt lat="28.55844291" lon="77.20937408">
				<ele>167.51177978515625</ele>
				<time>2026-08-09T18:07:36Z</time>
				<extensions>
					<speed>0.0</speed>
				</extensions>
			</trkpt>
			<trkpt lat="28.55844292" lon="77.20937403">
				<ele>167.5709228515625</ele>
				<time>2026-08-09T18:07:37Z</time>
				<extensions>
					<speed>0.0</speed>
				</extensions>
			</trkpt>
			<trkpt lat="28.55844298" lon="77.20937375">
				<ele>167.5264892578125</ele>
				<time>2026-08-09T18:07:38Z</time>
				<extensions>
					<speed>0.0</speed>
				</extensions>
			</trkpt>
			<trkpt lat="28.55844303" lon="77.20937361">
				<ele>167.53985595703125</ele>
				<time>2026-08-09T18:07:39Z</time>
				<extensions>
					<speed>0.0</speed>
				</extensions>
			</trkpt>
			<trkpt lat="28.55844307" lon="77.20937353">
				<ele>167.543212890625</ele>
				<time>2026-08-09T18:07:40Z</time>
				<extensions>
					<speed>0.0</speed>
				</extensions>
			</trkpt>
			<trkpt lat="28.55844309" lon="77.20937352">
				<ele>167.54296875</ele>
				<time>2026-08-09T18:07:41Z</time>
				<extensions>
					<speed>0.0</speed>
				</extensions>
			</trkpt>
			<trkpt lat="28.5584431" lon="77.20937352">
				<ele>167.544189453125</ele>
				<time>2026-08-09T18:07:42Z</time>
				<extensions>
					<speed>0.0</speed>
				</extensions>
			</trkpt>
			<trkpt lat="28.55844311" lon="77.20937352">
				<ele>167.546875</ele>
				<time>2026-08-09T18:07:43Z</time>
				<extensions>
					<speed>0.0</speed>
				</extensions>
			</trkpt>
			<trkpt lat="28.55844312" lon="77.20937352">
				<ele>167.5513916015625</ele>
				<time>2026-08-09T18:07:44Z</time>
				<extensions>
					<speed>0.0</speed>
				</extensions>
			</trkpt>
			<trkpt lat="28.55844313" lon="77.20937353">
				<ele>167.55108642578125</ele>
				<time>2026-08-09T18:07:45Z</time>
				<extensions>
					<speed>0.0</speed>
				</extensions>
			</trkpt>
			<trkpt lat="28.55844336" lon="77.20937359">
				<ele>167.562255859375</ele>
				<time>2026-08-09T18:07:46Z</time>
				<extensions>
					<speed>0.0</speed>
				</extensions>
			</trkpt>
			<trkpt lat="28.55844345" lon="77.20937362">
				<ele>167.562255859375</ele>
				<time>2026-08-09T18:07:47Z</time>
				<extensions>
					<speed>0.0</speed>
				</extensions>
			</trkpt>
			<trkpt lat="28.55844348" lon="77.20937364">
				<ele>167.564697265625</ele>
				<time>2026-08-09T18:07:48Z</time>
				<extensions>
					<speed>0.0</speed>
				</extensions>
			</trkpt>
			<trkpt lat="28.5584435" lon="77.20937364">
				<ele>167.56396484375</ele>
				<time>2026-08-09T18:07:49Z</time>
				<extensions>
					<speed>0.0</speed>
				</extensions>
			</trkpt>
			<trkpt lat="28.55844353" lon="77.20937363">
				<ele>167.5628662109375</ele>
				<time>2026-08-09T18:07:50Z</time>
				<extensions>
					<speed>0.0</speed>
				</extensions>
			</trkpt>
			<trkpt lat="28.55844354" lon="77.20937364">
				<ele>167.5625</ele>
				<time>2026-08-09T18:07:51Z</time>
				<extensions>
					<speed>0.0</speed>
				</extensions>
			</trkpt>
			<trkpt lat="28.55844351" lon="77.2093736">
				<ele>167.56060791015625</ele>
				<time>2026-08-09T18:07:52Z</time>
				<extensions>
					<speed>0.0</speed>
				</extensions>
			</trkpt>
			<trkpt lat="28.55844346" lon="77.20937371">
				<ele>167.5499267578125</ele>
				<time>2026-08-09T18:07:53Z</time>
				<extensions>
					<speed>0.0</speed>
				</extensions>
			</trkpt>
			<trkpt lat="28.55844347" lon="77.20937378">
				<ele>167.55047607421875</ele>
				<time>2026-08-09T18:07:54Z</time>
				<extensions>
					<speed>0.0</speed>
				</extensions>
			</trkpt>
			<trkpt lat="28.55844349" lon="77.20937382">
				<ele>167.5538330078125</ele>
				<time>2026-08-09T18:07:55Z</time>
				<extensions>
					<speed>0.0</speed>
				</extensions>
			</trkpt>
			<trkpt lat="28.55844351" lon="77.20937384">
				<ele>167.55517578125</ele>
				<time>2026-08-09T18:07:56Z</time>
				<extensions>
					<speed>0.0</speed>
				</extensions>
			</trkpt>
			<trkpt lat="28.55844354" lon="77.20937385">
				<ele>167.55670166015625</ele>
				<time>2026-08-09T18:07:57Z</time>
				<extensions>
					<speed>0.0</speed>
				</extensions>
			</trkpt>
			<trkpt lat="28.55844349" lon="77.20937348">
				<ele>167.625</ele>
				<time>2026-08-09T18:07:58Z</time>
				<extensions>
					<speed>0.0</speed>
				</extensions>
			</trkpt>
			<trkpt lat="28.5584436" lon="77.2093734">
				<ele>167.6282958984375</ele>
				<time>2026-08-09T18:07:59Z</time>
				<extensions>
					<speed>0.0</speed>
				</extensions>
			</trkpt>
			<trkpt lat="28.55844387" lon="77.20937355">
				<ele>167.60113525390625</ele>
				<time>2026-08-09T18:08:00Z</time>
				<extensions>
					<speed>0.0</speed>
				</extensions>
			</trkpt>
			<trkpt lat="28.558444" lon="77.20937366">
				<ele>167.5921630859375</ele>
				<time>2026-08-09T18:08:01Z</time>
				<extensions>
					<speed>0.0</speed>
				</extensions>
			</trkpt>
			<trkpt lat="28.55844392" lon="77.20937351">
				<ele>167.62158203125</ele>
				<time>2026-08-09T18:08:02Z</time>
				<extensions>
					<speed>0.0</speed>
				</extensions>
			</trkpt>
			<trkpt lat="28.55844379" lon="77.20937335">
				<ele>167.64208984375</ele>
				<time>2026-08-09T18:08:03Z</time>
				<extensions>
					<speed>0.0</speed>
				</extensions>
			</trkpt>
			<trkpt lat="28.55844397" lon="77.20937348">
				<ele>167.61041259765625</ele>
				<time>2026-08-09T18:08:04Z</time>
				<extensions>
					<speed>0.0</speed>
				</extensions>
			</trkpt>
			<trkpt lat="28.558444" lon="77.20937349">
				<ele>167.61639404296875</ele>
				<time>2026-08-09T18:08:05Z</time>
				<extensions>
					<speed>0.0</speed>
				</extensions>
			</trkpt>
			<trkpt lat="28.55844389" lon="77.20937338">
				<ele>167.6180419921875</ele>
				<time>2026-08-09T18:08:06Z</time>
				<extensions>
					<speed>0.0</speed>
				</extensions>
			</trkpt>
			<trkpt lat="28.5584439" lon="77.20937335">
				<ele>167.627685546875</ele>
				<time>2026-08-09T18:08:07Z</time>
				<extensions>
					<speed>0.0</speed>
				</extensions>
			</trkpt>
			<trkpt lat="28.55844393" lon="77.20937339">
				<ele>167.6207275390625</ele>
				<time>2026-08-09T18:08:08Z</time>
				<extensions>
					<speed>0.0</speed>
				</extensions>
			</trkpt>
			<trkpt lat="28.55844394" lon="77.20937343">
				<ele>167.6192626953125</ele>
				<time>2026-08-09T18:08:09Z</time>
				<extensions>
					<speed>0.0</speed>
				</extensions>
			</trkpt>
			<trkpt lat="28.55844402" lon="77.20937353">
				<ele>167.595458984375</ele>
				<time>2026-08-09T18:08:10Z</time>
				<extensions>
					<speed>0.0</speed>
				</extensions>
			</trkpt>
			<trkpt lat="28.55844409" lon="77.20937372">
				<ele>167.5716552734375</ele>
				<time>2026-08-09T18:08:11Z</time>
				<extensions>
					<speed>0.0</speed>
				</extensions>
			</trkpt>
			<trkpt lat="28.55844407" lon="77.20937381">
				<ele>167.57318115234375</ele>
				<time>2026-08-09T18:08:12Z</time>
				<extensions>
					<speed>0.0</speed>
				</extensions>
			</trkpt>
			<trkpt lat="28.55844408" lon="77.20937382">
				<ele>167.57867431640625</ele>
				<time>2026-08-09T18:08:13Z</time>
				<extensions>
					<speed>0.0</speed>
				</extensions>
			</trkpt>
			<trkpt lat="28.55844408" lon="77.20937379">
				<ele>167.5885009765625</ele>
				<time>2026-08-09T18:08:14Z</time>
				<extensions>
					<speed>0.0</speed>
				</extensions>
			</trkpt>
			<trkpt lat="28.55844414" lon="77.20937385">
				<ele>167.57818603515625</ele>
				<time>2026-08-09T18:08:15Z</time>
				<extensions>
					<speed>0.0</speed>
				</extensions>
			</trkpt>
			<trkpt lat="28.55844414" lon="77.20937389">
				<ele>167.5804443359375</ele>
				<time>2026-08-09T18:08:16Z</time>
				<extensions>
					<speed>0.0</speed>
				</extensions>
			</trkpt>
			<trkpt lat="28.55844409" lon="77.20937387">
				<ele>167.57977294921875</ele>
				<time>2026-08-09T18:08:17Z</time>
				<extensions>
					<speed>0.0</speed>
				</extensions>
			</trkpt>
			<trkpt lat="28.55844397" lon="77.20937402">
				<ele>167.5616455078125</ele>
				<time>2026-08-09T18:08:18Z</time>
				<extensions>
					<speed>0.0</speed>
				</extensions>
			</trkpt>
			<trkpt lat="28.55844393" lon="77.20937407">
				<ele>167.5601806640625</ele>
				<time>2026-08-09T18:08:19Z</time>
				<extensions>
					<speed>0.0</speed>
				</extensions>
			</trkpt>
			<trkpt lat="28.55844394" lon="77.20937413">
				<ele>167.5576171875</ele>
				<time>2026-08-09T18:08:20Z</time>
				<extensions>
					<speed>0.0</speed>
				</extensions>
			</trkpt>
			<trkpt lat="28.55844395" lon="77.20937415">
				<ele>167.556640625</ele>
				<time>2026-08-09T18:08:21Z</time>
				<extensions>
					<speed>0.0</speed>
				</extensions>
			</trkpt>
			<trkpt lat="28.55844395" lon="77.20937412">
				<ele>167.5556640625</ele>
				<time>2026-08-09T18:08:22Z</time>
				<extensions>
					<speed>0.0</speed>
				</extensions>
			</trkpt>
			<trkpt lat="28.55844395" lon="77.20937392">
				<ele>167.59075927734375</ele>
				<time>2026-08-09T18:08:23Z</time>
				<extensions>
					<speed>0.0</speed>
				</extensions>
			</trkpt>
			<trkpt lat="28.55844438" lon="77.2093738">
				<ele>167.651123046875</ele>
				<time>2026-08-09T18:08:24Z</time>
				<extensions>
					<speed>0.0</speed>
				</extensions>
			</trkpt>
			<trkpt lat="28.55844459" lon="77.20937366">
				<ele>167.65576171875</ele>
				<time>2026-08-09T18:08:25Z</time>
				<extensions>
					<speed>0.0</speed>
				</extensions>
			</trkpt>
			<trkpt lat="28.55844463" lon="77.20937364">
				<ele>167.65509033203125</ele>
				<time>2026-08-09T18:08:26Z</time>
				<extensions>
					<speed>0.0</speed>
				</extensions>
			</trkpt>
			<trkpt lat="28.55844465" lon="77.20937362">
				<ele>167.6571044921875</ele>
				<time>2026-08-09T18:08:27Z</time>
				<extensions>
					<speed>0.0</speed>
				</extensions>
			</trkpt>
			<trkpt lat="28.55844465" lon="77.2093736">
				<ele>167.6605224609375</ele>
				<time>2026-08-09T18:08:28Z</time>
				<extensions>
					<speed>0.0</speed>
				</extensions>
			</trkpt>
			<trkpt lat="28.55844466" lon="77.20937362">
				<ele>167.6585693359375</ele>
				<time>2026-08-09T18:08:29Z</time>
				<extensions>
					<speed>0.0</speed>
				</extensions>
			</trkpt>
			<trkpt lat="28.55844467" lon="77.20937364">
				<ele>167.65606689453125</ele>
				<time>2026-08-09T18:08:30Z</time>
				<extensions>
					<speed>0.0</speed>
				</extensions>
			</trkpt>
			<trkpt lat="28.55844361" lon="77.20937332">
				<ele>167.7550048828125</ele>
				<time>2026-08-09T18:08:31Z</time>
				<extensions>
					<speed>0.23000000417232513</speed>
				</extensions>
			</trkpt>
			<trkpt lat="28.55844167" lon="77.20937375">
				<ele>167.58819580078125</ele>
				<time>2026-08-09T18:08:32Z</time>
				<extensions>
					<speed>0.0</speed>
				</extensions>
			</trkpt>
			<trkpt lat="28.55843959" lon="77.20937732">
				<ele>166.92987060546875</ele>
				<time>2026-08-09T18:08:33Z</time>
				<extensions>
					<speed>0.27000001072883606</speed>
				</extensions>
			</trkpt>
			<trkpt lat="28.55843865" lon="77.20937584">
				<ele>167.19329833984375</ele>
				<time>2026-08-09T18:08:34Z</time>
				<extensions>
					<speed>0.0</speed>
				</extensions>
			</trkpt>
			<trkpt lat="28.55843786" lon="77.20937302">
				<ele>167.2183837890625</ele>
				<time>2026-08-09T18:08:35Z</time>
				<extensions>
					<speed>0.0</speed>
				</extensions>
			</trkpt>
			<trkpt lat="28.55844138" lon="77.20937089">
				<ele>167.6199951171875</ele>
				<time>2026-08-09T18:08:36Z</time>
				<extensions>
					<speed>0.0</speed>
				</extensions>
			</trkpt>
			<trkpt lat="28.55844417" lon="77.2093611">
				<ele>168.55157470703125</ele>
				<time>2026-08-09T18:08:37Z</time>
				<extensions>
					<speed>0.38999998569488525</speed>
				</extensions>
			</trkpt>
			<trkpt lat="28.55844642" lon="77.20936108">
				<ele>167.73223876953125</ele>
				<time>2026-08-09T18:08:38Z</time>
				<extensions>
					<speed>0.25</speed>
				</extensions>
			</trkpt>
			<trkpt lat="28.55845036" lon="77.20936384">
				<ele>168.2589111328125</ele>
				<time>2026-08-09T18:08:39Z</time>
				<extensions>
					<speed>0.25</speed>
				</extensions>
			</trkpt>
			<trkpt lat="28.55845759" lon="77.2093643">
				<ele>168.9942626953125</ele>
				<time>2026-08-09T18:08:40Z</time>
				<extensions>
					<speed>0.2800000011920929</speed>
				</extensions>
			</trkpt>
			<trkpt lat="28.55846704" lon="77.20936046">
				<ele>168.09771728515625</ele>
				<time>2026-08-09T18:08:41Z</time>
				<extensions>
					<speed>0.6000000238418579</speed>
				</extensions>
			</trkpt>
			<trkpt lat="28.55847765" lon="77.20935426">
				<ele>167.729248046875</ele>
				<time>2026-08-09T18:08:42Z</time>
				<extensions>
					<speed>0.8999999761581421</speed>
				</extensions>
			</trkpt>
			<trkpt lat="28.55848793" lon="77.20934872">
				<ele>168.11822509765625</ele>
				<time>2026-08-09T18:08:43Z</time>
				<extensions>
					<speed>0.6700000166893005</speed>
				</extensions>
			</trkpt>
			<trkpt lat="28.55849041" lon="77.20934386">
				<ele>167.57293701171875</ele>
				<time>2026-08-09T18:08:44Z</time>
				<extensions>
					<speed>0.47999998927116394</speed>
				</extensions>
			</trkpt>
			<trkpt lat="28.55848875" lon="77.20934019">
				<ele>167.40478515625</ele>
				<time>2026-08-09T18:08:45Z</time>
				<extensions>
					<speed>0.1899999976158142</speed>
				</extensions>
			</trkpt>
			<trkpt lat="28.55848852" lon="77.20933872">
				<ele>165.48492431640625</ele>
				<time>2026-08-09T18:08:46Z</time>
				<extensions>
					<speed>0.46000000834465027</speed>
				</extensions>
			</trkpt>
			<trkpt lat="28.55848992" lon="77.20933728">
				<ele>165.62921142578125</ele>
				<time>2026-08-09T18:08:47Z</time>
				<extensions>
					<speed>0.38999998569488525</speed>
				</extensions>
			</trkpt>
			<trkpt lat="28.55848733" lon="77.20933486">
				<ele>165.26544189453125</ele>
				<time>2026-08-09T18:08:48Z</time>
				<extensions>
					<speed>0.5</speed>
				</extensions>
			</trkpt>
			<trkpt lat="28.55848592" lon="77.20933416">
				<ele>165.830810546875</ele>
				<time>2026-08-09T18:08:49Z</time>
				<extensions>
					<speed>0.0</speed>
				</extensions>
			</trkpt>
			<trkpt lat="28.55848808" lon="77.20933102">
				<ele>165.9501953125</ele>
				<time>2026-08-09T18:08:50Z</time>
				<extensions>
					<speed>0.0</speed>
				</extensions>
			</trkpt>
			<trkpt lat="28.55849324" lon="77.20931917">
				<ele>166.067626953125</ele>
				<time>2026-08-09T18:08:51Z</time>
				<extensions>
					<speed>1.6200000047683716</speed>
				</extensions>
			</trkpt>
			<trkpt lat="28.55849996" lon="77.20930509">
				<ele>166.076416015625</ele>
				<time>2026-08-09T18:08:52Z</time>
				<extensions>
					<speed>1.2799999713897705</speed>
				</extensions>
			</trkpt>
			<trkpt lat="28.55850603" lon="77.20929208">
				<ele>166.8948974609375</ele>
				<time>2026-08-09T18:08:53Z</time>
				<extensions>
					<speed>1.2000000476837158</speed>
				</extensions>
			</trkpt>
			<trkpt lat="28.55851182" lon="77.20928071">
				<ele>166.0594482421875</ele>
				<time>2026-08-09T18:08:54Z</time>
				<extensions>
					<speed>0.949999988079071</speed>
				</extensions>
			</trkpt>
			<trkpt lat="28.55852415" lon="77.20926938">
				<ele>164.8612060546875</ele>
				<time>2026-08-09T18:08:55Z</time>
				<extensions>
					<speed>1.6200000047683716</speed>
				</extensions>
			</trkpt>
			<trkpt lat="28.55853411" lon="77.20926322">
				<ele>164.6934814453125</ele>
				<time>2026-08-09T18:08:56Z</time>
				<extensions>
					<speed>0.6399999856948853</speed>
				</extensions>
			</trkpt>
			<trkpt lat="28.55853687" lon="77.20925289">
				<ele>164.5831298828125</ele>
				<time>2026-08-09T18:08:57Z</time>
				<extensions>
					<speed>1.3600000143051147</speed>
				</extensions>
			</trkpt>
			<trkpt lat="28.55854133" lon="77.20924268">
				<ele>163.9903564453125</ele>
				<time>2026-08-09T18:08:58Z</time>
				<extensions>
					<speed>0.5299999713897705</speed>
				</extensions>
			</trkpt>
			<trkpt lat="28.55854759" lon="77.20923734">
				<ele>163.378662109375</ele>
				<time>2026-08-09T18:08:59Z</time>
				<extensions>
					<speed>0.5299999713897705</speed>
				</extensions>
			</trkpt>
			<trkpt lat="28.55855421" lon="77.20923568">
				<ele>163.1162109375</ele>
				<time>2026-08-09T18:09:00Z</time>
				<extensions>
					<speed>0.25999999046325684</speed>
				</extensions>
			</trkpt>
			<trkpt lat="28.55856552" lon="77.20923112">
				<ele>162.29296875</ele>
				<time>2026-08-09T18:09:01Z</time>
				<extensions>
					<speed>0.8500000238418579</speed>
				</extensions>
			</trkpt>
			<trkpt lat="28.55858018" lon="77.20922486">
				<ele>162.53216552734375</ele>
				<time>2026-08-09T18:09:02Z</time>
				<extensions>
					<speed>1.2400000095367432</speed>
				</extensions>
			</trkpt>
			<trkpt lat="28.55859379" lon="77.20921669">
				<ele>163.060546875</ele>
				<time>2026-08-09T18:09:03Z</time>
				<extensions>
					<speed>1.2400000095367432</speed>
				</extensions>
			</trkpt>
			<trkpt lat="28.55860272" lon="77.20920431">
				<ele>163.28363037109375</ele>
				<time>2026-08-09T18:09:04Z</time>
				<extensions>
					<speed>1.1799999475479126</speed>
				</extensions>
			</trkpt>
			<trkpt lat="28.55861035" lon="77.20919235">
				<ele>163.88525390625</ele>
				<time>2026-08-09T18:09:05Z</time>
				<extensions>
					<speed>1.1200000047683716</speed>
				</extensions>
			</trkpt>
			<trkpt lat="28.55862039" lon="77.20918398">
				<ele>163.29388427734375</ele>
				<time>2026-08-09T18:09:06Z</time>
				<extensions>
					<speed>1.090000033378601</speed>
				</extensions>
			</trkpt>
			<trkpt lat="28.55862846" lon="77.20917221">
				<ele>163.3330078125</ele>
				<time>2026-08-09T18:09:07Z</time>
				<extensions>
					<speed>1.1100000143051147</speed>
				</extensions>
			</trkpt>
			<trkpt lat="28.5586358" lon="77.20915813">
				<ele>163.7587890625</ele>
				<time>2026-08-09T18:09:08Z</time>
				<extensions>
					<speed>1.1100000143051147</speed>
				</extensions>
			</trkpt>
			<trkpt lat="28.55864342" lon="77.209141">
				<ele>163.9420166015625</ele>
				<time>2026-08-09T18:09:09Z</time>
				<extensions>
					<speed>1.1299999952316284</speed>
				</extensions>
			</trkpt>
			<trkpt lat="28.558646" lon="77.20912487">
				<ele>163.6781005859375</ele>
				<time>2026-08-09T18:09:10Z</time>
				<extensions>
					<speed>1.059999942779541</speed>
				</extensions>
			</trkpt>
			<trkpt lat="28.55865006" lon="77.20910922">
				<ele>164.07318115234375</ele>
				<time>2026-08-09T18:09:11Z</time>
				<extensions>
					<speed>1.090000033378601</speed>
				</extensions>
			</trkpt>
			<trkpt lat="28.55865623" lon="77.20909214">
				<ele>165.304443359375</ele>
				<time>2026-08-09T18:09:12Z</time>
				<extensions>
					<speed>1.1200000047683716</speed>
				</extensions>
			</trkpt>
			<trkpt lat="28.5586596" lon="77.20907638">
				<ele>165.515869140625</ele>
				<time>2026-08-09T18:09:13Z</time>
				<extensions>
					<speed>1.0399999618530273</speed>
				</extensions>
			</trkpt>
			<trkpt lat="28.55866204" lon="77.20906387">
				<ele>165.60931396484375</ele>
				<time>2026-08-09T18:09:14Z</time>
				<extensions>
					<speed>1.0700000524520874</speed>
				</extensions>
			</trkpt>
			<trkpt lat="28.55866154" lon="77.20905072">
				<ele>165.6956787109375</ele>
				<time>2026-08-09T18:09:15Z</time>
				<extensions>
					<speed>1.0800000429153442</speed>
				</extensions>
			</trkpt>
			<trkpt lat="28.55865073" lon="77.20903931">
				<ele>165.33880615234375</ele>
				<time>2026-08-09T18:09:16Z</time>
				<extensions>
					<speed>1.5700000524520874</speed>
				</extensions>
			</trkpt>
			<trkpt lat="28.55864301" lon="77.20903145">
				<ele>165.5343017578125</ele>
				<time>2026-08-09T18:09:17Z</time>
				<extensions>
					<speed>1.059999942779541</speed>
				</extensions>
			</trkpt>
			<trkpt lat="28.5586325" lon="77.20902654">
				<ele>165.82647705078125</ele>
				<time>2026-08-09T18:09:18Z</time>
				<extensions>
					<speed>1.2200000286102295</speed>
				</extensions>
			</trkpt>
			<trkpt lat="28.55862391" lon="77.20901762">
				<ele>165.60198974609375</ele>
				<time>2026-08-09T18:09:19Z</time>
				<extensions>
					<speed>1.159999966621399</speed>
				</extensions>
			</trkpt>
			<trkpt lat="28.55861562" lon="77.20901052">
				<ele>165.5836181640625</ele>
				<time>2026-08-09T18:09:20Z</time>
				<extensions>
					<speed>1.1100000143051147</speed>
				</extensions>
			</trkpt>
			<trkpt lat="28.55860512" lon="77.20900363">
				<ele>165.98291015625</ele>
				<time>2026-08-09T18:09:21Z</time>
				<extensions>
					<speed>1.1100000143051147</speed>
				</extensions>
			</trkpt>
			<trkpt lat="28.55859563" lon="77.20899283">
				<ele>166.173583984375</ele>
				<time>2026-08-09T18:09:22Z</time>
				<extensions>
					<speed>1.2000000476837158</speed>
				</extensions>
			</trkpt>
			<trkpt lat="28.55858637" lon="77.20898449">
				<ele>166.50750732421875</ele>
				<time>2026-08-09T18:09:23Z</time>
				<extensions>
					<speed>1.1200000047683716</speed>
				</extensions>
			</trkpt>
			<trkpt lat="28.55857669" lon="77.20897828">
				<ele>166.6357421875</ele>
				<time>2026-08-09T18:09:24Z</time>
				<extensions>
					<speed>1.1399999856948853</speed>
				</extensions>
			</trkpt>
			<trkpt lat="28.55856634" lon="77.2089753">
				<ele>166.7152099609375</ele>
				<time>2026-08-09T18:09:25Z</time>
				<extensions>
					<speed>1.090000033378601</speed>
				</extensions>
			</trkpt>
			<trkpt lat="28.55855755" lon="77.20897085">
				<ele>166.5076904296875</ele>
				<time>2026-08-09T18:09:26Z</time>
				<extensions>
					<speed>1.1299999952316284</speed>
				</extensions>
			</trkpt>
			<trkpt lat="28.55854867" lon="77.20896589">
				<ele>166.070556640625</ele>
				<time>2026-08-09T18:09:27Z</time>
				<extensions>
					<speed>1.2699999809265137</speed>
				</extensions>
			</trkpt>
			<trkpt lat="28.55853679" lon="77.20896108">
				<ele>169.4510498046875</ele>
				<time>2026-08-09T18:09:28Z</time>
				<extensions>
					<speed>1.5099999904632568</speed>
				</extensions>
			</trkpt>
			<trkpt lat="28.55852874" lon="77.20895773">
				<ele>171.22039794921875</ele>
				<time>2026-08-09T18:09:29Z</time>
				<extensions>
					<speed>1.5399999618530273</speed>
				</extensions>
			</trkpt>
			<trkpt lat="28.55852102" lon="77.20894834">
				<ele>171.30029296875</ele>
				<time>2026-08-09T18:09:30Z</time>
				<extensions>
					<speed>1.5399999618530273</speed>
				</extensions>
			</trkpt>
			<trkpt lat="28.55851713" lon="77.20894718">
				<ele>171.54510498046875</ele>
				<time>2026-08-09T18:09:31Z</time>
				<extensions>
					<speed>0.7900000214576721</speed>
				</extensions>
			</trkpt>
			<trkpt lat="28.55851545" lon="77.20894487">
				<ele>172.314697265625</ele>
				<time>2026-08-09T18:09:32Z</time>
				<extensions>
					<speed>0.5</speed>
				</extensions>
			</trkpt>
			<trkpt lat="28.5585083" lon="77.20893939">
				<ele>172.4573974609375</ele>
				<time>2026-08-09T18:09:33Z</time>
				<extensions>
					<speed>1.25</speed>
				</extensions>
			</trkpt>
			<trkpt lat="28.55850309" lon="77.20893347">
				<ele>172.2410888671875</ele>
				<time>2026-08-09T18:09:34Z</time>
				<extensions>
					<speed>0.8700000047683716</speed>
				</extensions>
			</trkpt>
			<trkpt lat="28.55849603" lon="77.20892368">
				<ele>171.760986328125</ele>
				<time>2026-08-09T18:09:35Z</time>
				<extensions>
					<speed>1.2400000095367432</speed>
				</extensions>
			</trkpt>
			<trkpt lat="28.5584877" lon="77.20891703">
				<ele>170.98016357421875</ele>
				<time>2026-08-09T18:09:36Z</time>
				<extensions>
					<speed>0.9300000071525574</speed>
				</extensions>
			</trkpt>
			<trkpt lat="28.55848176" lon="77.20890928">
				<ele>171.0654296875</ele>
				<time>2026-08-09T18:09:37Z</time>
				<extensions>
					<speed>0.9900000095367432</speed>
				</extensions>
			</trkpt>
			<trkpt lat="28.55847605" lon="77.20889897">
				<ele>169.4700927734375</ele>
				<time>2026-08-09T18:09:38Z</time>
				<extensions>
					<speed>0.9300000071525574</speed>
				</extensions>
			</trkpt>
			<trkpt lat="28.55847081" lon="77.20889176">
				<ele>169.62713623046875</ele>
				<time>2026-08-09T18:09:39Z</time>
				<extensions>
					<speed>0.9100000262260437</speed>
				</extensions>
			</trkpt>
			<trkpt lat="28.5584636" lon="77.20888549">
				<ele>170.190673828125</ele>
				<time>2026-08-09T18:09:40Z</time>
				<extensions>
					<speed>1.0800000429153442</speed>
				</extensions>
			</trkpt>
			<trkpt lat="28.55845739" lon="77.20888315">
				<ele>168.6807861328125</ele>
				<time>2026-08-09T18:09:41Z</time>
				<extensions>
					<speed>0.8500000238418579</speed>
				</extensions>
			</trkpt>
			<trkpt lat="28.55844981" lon="77.2088856">
				<ele>168.41522216796875</ele>
				<time>2026-08-09T18:09:42Z</time>
				<extensions>
					<speed>0.8399999737739563</speed>
				</extensions>
			</trkpt>
			<trkpt lat="28.55844683" lon="77.20887982">
				<ele>168.2138671875</ele>
				<time>2026-08-09T18:09:43Z</time>
				<extensions>
					<speed>0.699999988079071</speed>
				</extensions>
			</trkpt>
			<trkpt lat="28.55844341" lon="77.20886567">
				<ele>166.28948974609375</ele>
				<time>2026-08-09T18:09:44Z</time>
				<extensions>
					<speed>0.949999988079071</speed>
				</extensions>
			</trkpt>
			<trkpt lat="28.55844166" lon="77.20885258">
				<ele>165.97119140625</ele>
				<time>2026-08-09T18:09:45Z</time>
				<extensions>
					<speed>0.8500000238418579</speed>
				</extensions>
			</trkpt>
			<trkpt lat="28.5584418" lon="77.20883902">
				<ele>166.2830810546875</ele>
				<time>2026-08-09T18:09:46Z</time>
				<extensions>
					<speed>0.9599999785423279</speed>
				</extensions>
			</trkpt>
			<trkpt lat="28.55844181" lon="77.2088255">
				<ele>165.763916015625</ele>
				<time>2026-08-09T18:09:47Z</time>
				<extensions>
					<speed>0.9200000166893005</speed>
				</extensions>
			</trkpt>
			<trkpt lat="28.55844363" lon="77.2088135">
				<ele>165.30499267578125</ele>
				<time>2026-08-09T18:09:48Z</time>
				<extensions>
					<speed>0.8500000238418579</speed>
				</extensions>
			</trkpt>
			<trkpt lat="28.55844683" lon="77.20880145">
				<ele>165.61322021484375</ele>
				<time>2026-08-09T18:09:49Z</time>
				<extensions>
					<speed>0.8999999761581421</speed>
				</extensions>
			</trkpt>
			<trkpt lat="28.5584516" lon="77.20878917">
				<ele>165.81915283203125</ele>
				<time>2026-08-09T18:09:50Z</time>
				<extensions>
					<speed>0.9100000262260437</speed>
				</extensions>
			</trkpt>
			<trkpt lat="28.55845854" lon="77.20877828">
				<ele>165.333740234375</ele>
				<time>2026-08-09T18:09:51Z</time>
				<extensions>
					<speed>0.9800000190734863</speed>
				</extensions>
			</trkpt>
			<trkpt lat="28.55846824" lon="77.20877418">
				<ele>164.5545654296875</ele>
				<time>2026-08-09T18:09:52Z</time>
				<extensions>
					<speed>0.9100000262260437</speed>
				</extensions>
			</trkpt>
			<trkpt lat="28.55847551" lon="77.20876783">
				<ele>164.6610107421875</ele>
				<time>2026-08-09T18:09:53Z</time>
				<extensions>
					<speed>0.9200000166893005</speed>
				</extensions>
			</trkpt>
			<trkpt lat="28.55847995" lon="77.20876082">
				<ele>164.64410400390625</ele>
				<time>2026-08-09T18:09:54Z</time>
				<extensions>
					<speed>0.4300000071525574</speed>
				</extensions>
			</trkpt>
			<trkpt lat="28.55848736" lon="77.20875392">
				<ele>164.67120361328125</ele>
				<time>2026-08-09T18:09:55Z</time>
				<extensions>
					<speed>0.9300000071525574</speed>
				</extensions>
			</trkpt>
			<trkpt lat="28.55849631" lon="77.20874742">
				<ele>164.9893798828125</ele>
				<time>2026-08-09T18:09:56Z</time>
				<extensions>
					<speed>0.9100000262260437</speed>
				</extensions>
			</trkpt>
			<trkpt lat="28.5585022" lon="77.20874166">
				<ele>164.744873046875</ele>
				<time>2026-08-09T18:09:57Z</time>
				<extensions>
					<speed>0.3799999952316284</speed>
				</extensions>
			</trkpt>
			<trkpt lat="28.55850541" lon="77.20873389">
				<ele>165.35577392578125</ele>
				<time>2026-08-09T18:09:58Z</time>
				<extensions>
					<speed>0.8500000238418579</speed>
				</extensions>
			</trkpt>
			<trkpt lat="28.558506" lon="77.20872049">
				<ele>165.513916015625</ele>
				<time>2026-08-09T18:09:59Z</time>
				<extensions>
					<speed>0.8299999833106995</speed>
				</extensions>
			</trkpt>
			<trkpt lat="28.55850547" lon="77.20870467">
				<ele>164.92852783203125</ele>
				<time>2026-08-09T18:10:00Z</time>
				<extensions>
					<speed>0.9100000262260437</speed>
				</extensions>
			</trkpt>
			<trkpt lat="28.55850542" lon="77.20869286">
				<ele>165.00054931640625</ele>
				<time>2026-08-09T18:10:01Z</time>
				<extensions>
					<speed>0.7900000214576721</speed>
				</extensions>
			</trkpt>
			<trkpt lat="28.55850559" lon="77.20867998">
				<ele>164.333740234375</ele>
				<time>2026-08-09T18:10:02Z</time>
				<extensions>
					<speed>1.0</speed>
				</extensions>
			</trkpt>
			<trkpt lat="28.55850971" lon="77.20866493">
				<ele>163.85601806640625</ele>
				<time>2026-08-09T18:10:03Z</time>
				<extensions>
					<speed>0.9900000095367432</speed>
				</extensions>
			</trkpt>
			<trkpt lat="28.55851528" lon="77.20864877">
				<ele>163.46343994140625</ele>
				<time>2026-08-09T18:10:04Z</time>
				<extensions>
					<speed>0.9599999785423279</speed>
				</extensions>
			</trkpt>
			<trkpt lat="28.55852002" lon="77.20863583">
				<ele>163.06121826171875</ele>
				<time>2026-08-09T18:10:05Z</time>
				<extensions>
					<speed>0.9800000190734863</speed>
				</extensions>
			</trkpt>
			<trkpt lat="28.5585284" lon="77.20862209">
				<ele>162.36871337890625</ele>
				<time>2026-08-09T18:10:06Z</time>
				<extensions>
					<speed>0.9900000095367432</speed>
				</extensions>
			</trkpt>
			<trkpt lat="28.55853796" lon="77.20861075">
				<ele>163.6134033203125</ele>
				<time>2026-08-09T18:10:07Z</time>
				<extensions>
					<speed>1.0199999809265137</speed>
				</extensions>
			</trkpt>
			<trkpt lat="28.55854479" lon="77.20859641">
				<ele>164.7701416015625</ele>
				<time>2026-08-09T18:10:08Z</time>
				<extensions>
					<speed>1.0099999904632568</speed>
				</extensions>
			</trkpt>
			<trkpt lat="28.55854934" lon="77.20858318">
				<ele>164.9716796875</ele>
				<time>2026-08-09T18:10:09Z</time>
				<extensions>
					<speed>0.9900000095367432</speed>
				</extensions>
			</trkpt>
			<trkpt lat="28.55855382" lon="77.20857055">
				<ele>165.1456298828125</ele>
				<time>2026-08-09T18:10:10Z</time>
				<extensions>
					<speed>0.9900000095367432</speed>
				</extensions>
			</trkpt>
			<trkpt lat="28.55856241" lon="77.20855946">
				<ele>166.458740234375</ele>
				<time>2026-08-09T18:10:11Z</time>
				<extensions>
					<speed>1.340000033378601</speed>
				</extensions>
			</trkpt>
			<trkpt lat="28.5585702" lon="77.20854707">
				<ele>166.64306640625</ele>
				<time>2026-08-09T18:10:12Z</time>
				<extensions>
					<speed>1.090000033378601</speed>
				</extensions>
			</trkpt>
			<trkpt lat="28.55857545" lon="77.20853234">
				<ele>165.633544921875</ele>
				<time>2026-08-09T18:10:13Z</time>
				<extensions>
					<speed>1.059999942779541</speed>
				</extensions>
			</trkpt>
			<trkpt lat="28.55858115" lon="77.20852031">
				<ele>165.19091796875</ele>
				<time>2026-08-09T18:10:14Z</time>
				<extensions>
					<speed>1.0700000524520874</speed>
				</extensions>
			</trkpt>
			<trkpt lat="28.55858746" lon="77.20850983">
				<ele>165.1065673828125</ele>
				<time>2026-08-09T18:10:15Z</time>
				<extensions>
					<speed>1.0700000524520874</speed>
				</extensions>
			</trkpt>
			<trkpt lat="28.55859246" lon="77.20849893">
				<ele>164.83538818359375</ele>
				<time>2026-08-09T18:10:16Z</time>
				<extensions>
					<speed>1.0800000429153442</speed>
				</extensions>
			</trkpt>
			<trkpt lat="28.5585983" lon="77.20848799">
				<ele>164.7823486328125</ele>
				<time>2026-08-09T18:10:17Z</time>
				<extensions>
					<speed>1.0800000429153442</speed>
				</extensions>
			</trkpt>
			<trkpt lat="28.55860805" lon="77.20847509">
				<ele>165.85675048828125</ele>
				<time>2026-08-09T18:10:18Z</time>
				<extensions>
					<speed>1.100000023841858</speed>
				</extensions>
			</trkpt>
			<trkpt lat="28.55861598" lon="77.20846106">
				<ele>166.419677734375</ele>
				<time>2026-08-09T18:10:19Z</time>
				<extensions>
					<speed>1.1200000047683716</speed>
				</extensions>
			</trkpt>
			<trkpt lat="28.55862228" lon="77.20844364">
				<ele>167.2784423828125</ele>
				<time>2026-08-09T18:10:20Z</time>
				<extensions>
					<speed>1.1399999856948853</speed>
				</extensions>
			</trkpt>
			<trkpt lat="28.55862941" lon="77.20843022">
				<ele>166.99658203125</ele>
				<time>2026-08-09T18:10:21Z</time>
				<extensions>
					<speed>1.159999966621399</speed>
				</extensions>
			</trkpt>
			<trkpt lat="28.55864" lon="77.20842396">
				<ele>165.8353271484375</ele>
				<time>2026-08-09T18:10:22Z</time>
				<extensions>
					<speed>1.2000000476837158</speed>
				</extensions>
			</trkpt>
			<trkpt lat="28.55864709" lon="77.20841449">
				<ele>165.464599609375</ele>
				<time>2026-08-09T18:10:23Z</time>
				<extensions>
					<speed>1.159999966621399</speed>
				</extensions>
			</trkpt>
			<trkpt lat="28.55865567" lon="77.20840719">
				<ele>165.24346923828125</ele>
				<time>2026-08-09T18:10:24Z</time>
				<extensions>
					<speed>1.1200000047683716</speed>
				</extensions>
			</trkpt>
			<trkpt lat="28.55866336" lon="77.20839894">
				<ele>165.3184814453125</ele>
				<time>2026-08-09T18:10:25Z</time>
				<extensions>
					<speed>1.1200000047683716</speed>
				</extensions>
			</trkpt>
			<trkpt lat="28.55867264" lon="77.20839406">
				<ele>165.31854248046875</ele>
				<time>2026-08-09T18:10:26Z</time>
				<extensions>
					<speed>1.1299999952316284</speed>
				</extensions>
			</trkpt>
			<trkpt lat="28.55868075" lon="77.20838697">
				<ele>165.46978759765625</ele>
				<time>2026-08-09T18:10:27Z</time>
				<extensions>
					<speed>1.1299999952316284</speed>
				</extensions>
			</trkpt>
			<trkpt lat="28.55868947" lon="77.20838038">
				<ele>165.7171630859375</ele>
				<time>2026-08-09T18:10:28Z</time>
				<extensions>
					<speed>1.1100000143051147</speed>
				</extensions>
			</trkpt>
			<trkpt lat="28.55869926" lon="77.20837703">
				<ele>164.9117431640625</ele>
				<time>2026-08-09T18:10:29Z</time>
				<extensions>
					<speed>1.3300000429153442</speed>
				</extensions>
			</trkpt>
			<trkpt lat="28.55870739" lon="77.20837254">
				<ele>165.91497802734375</ele>
				<time>2026-08-09T18:10:30Z</time>
				<extensions>
					<speed>1.1299999952316284</speed>
				</extensions>
			</trkpt>
			<trkpt lat="28.5587116" lon="77.20835913">
				<ele>166.00042724609375</ele>
				<time>2026-08-09T18:10:31Z</time>
				<extensions>
					<speed>1.1299999952316284</speed>
				</extensions>
			</trkpt>
			<trkpt lat="28.55871664" lon="77.20834783">
				<ele>166.6898193359375</ele>
				<time>2026-08-09T18:10:32Z</time>
				<extensions>
					<speed>1.1100000143051147</speed>
				</extensions>
			</trkpt>
			<trkpt lat="28.55872472" lon="77.2083372">
				<ele>166.43505859375</ele>
				<time>2026-08-09T18:10:33Z</time>
				<extensions>
					<speed>1.1299999952316284</speed>
				</extensions>
			</trkpt>
			<trkpt lat="28.55872964" lon="77.20832155">
				<ele>166.51361083984375</ele>
				<time>2026-08-09T18:10:34Z</time>
				<extensions>
					<speed>1.2699999809265137</speed>
				</extensions>
			</trkpt>
			<trkpt lat="28.55872743" lon="77.20830383">
				<ele>166.739990234375</ele>
				<time>2026-08-09T18:10:35Z</time>
				<extensions>
					<speed>1.2999999523162842</speed>
				</extensions>
			</trkpt>
			<trkpt lat="28.55872781" lon="77.20829173">
				<ele>166.08740234375</ele>
				<time>2026-08-09T18:10:36Z</time>
				<extensions>
					<speed>1.1799999475479126</speed>
				</extensions>
			</trkpt>
			<trkpt lat="28.55873165" lon="77.20828107">
				<ele>166.19140625</ele>
				<time>2026-08-09T18:10:37Z</time>
				<extensions>
					<speed>1.1299999952316284</speed>
				</extensions>
			</trkpt>
			<trkpt lat="28.55873675" lon="77.20827167">
				<ele>166.1669921875</ele>
				<time>2026-08-09T18:10:38Z</time>
				<extensions>
					<speed>1.090000033378601</speed>
				</extensions>
			</trkpt>
			<trkpt lat="28.55873861" lon="77.20826365">
				<ele>166.1348876953125</ele>
				<time>2026-08-09T18:10:39Z</time>
				<extensions>
					<speed>1.100000023841858</speed>
				</extensions>
			</trkpt>
			<trkpt lat="28.55874027" lon="77.20825612">
				<ele>166.121826171875</ele>
				<time>2026-08-09T18:10:40Z</time>
				<extensions>
					<speed>0.0</speed>
				</extensions>
			</trkpt>
			<trkpt lat="28.55874116" lon="77.2082524">
				<ele>166.11663818359375</ele>
				<time>2026-08-09T18:10:41Z</time>
				<extensions>
					<speed>0.0</speed>
				</extensions>
			</trkpt>
			<trkpt lat="28.55874131" lon="77.20825178">
				<ele>166.11663818359375</ele>
				<time>2026-08-09T18:10:42Z</time>
				<extensions>
					<speed>0.0</speed>
				</extensions>
			</trkpt>
			<trkpt lat="28.55874614" lon="77.20823377">
				<ele>166.113525390625</ele>
				<time>2026-08-09T18:10:43Z</time>
				<extensions>
					<speed>1.059999942779541</speed>
				</extensions>
			</trkpt>
			<trkpt lat="28.55875028" lon="77.2082184">
				<ele>166.113525390625</ele>
				<time>2026-08-09T18:10:44Z</time>
				<extensions>
					<speed>1.059999942779541</speed>
				</extensions>
			</trkpt>
			<trkpt lat="28.55875139" lon="77.20820599">
				<ele>166.12689208984375</ele>
				<time>2026-08-09T18:10:45Z</time>
				<extensions>
					<speed>1.090000033378601</speed>
				</extensions>
			</trkpt>
			<trkpt lat="28.55876293" lon="77.20820071">
				<ele>166.10650634765625</ele>
				<time>2026-08-09T18:10:46Z</time>
				<extensions>
					<speed>1.3899999856948853</speed>
				</extensions>
			</trkpt>
			<trkpt lat="28.55877294" lon="77.20819945">
				<ele>166.10504150390625</ele>
				<time>2026-08-09T18:10:47Z</time>
				<extensions>
					<speed>1.0800000429153442</speed>
				</extensions>
			</trkpt>
			<trkpt lat="28.55878324" lon="77.20821178">
				<ele>166.083740234375</ele>
				<time>2026-08-09T18:10:48Z</time>
				<extensions>
					<speed>1.6799999475479126</speed>
				</extensions>
			</trkpt>
			<trkpt lat="28.55878471" lon="77.20822792">
				<ele>166.0692138671875</ele>
				<time>2026-08-09T18:10:49Z</time>
				<extensions>
					<speed>1.5099999904632568</speed>
				</extensions>
			</trkpt>
			<trkpt lat="28.55878658" lon="77.20824423">
				<ele>166.0579833984375</ele>
				<time>2026-08-09T18:10:50Z</time>
				<extensions>
					<speed>1.4800000190734863</speed>
				</extensions>
			</trkpt>
			<trkpt lat="28.55879021" lon="77.20825779">
				<ele>166.05780029296875</ele>
				<time>2026-08-09T18:10:51Z</time>
				<extensions>
					<speed>1.3799999952316284</speed>
				</extensions>
			</trkpt>
			<trkpt lat="28.55879026" lon="77.20827131">
				<ele>166.05780029296875</ele>
				<time>2026-08-09T18:10:52Z</time>
				<extensions>
					<speed>1.340000033378601</speed>
				</extensions>
			</trkpt>
			<trkpt lat="28.55879803" lon="77.20828184">
				<ele>166.05780029296875</ele>
				<time>2026-08-09T18:10:53Z</time>
				<extensions>
					<speed>1.3799999952316284</speed>
				</extensions>
			</trkpt>
			<trkpt lat="28.55880922" lon="77.20828438">
				<ele>166.057861328125</ele>
				<time>2026-08-09T18:10:54Z</time>
				<extensions>
					<speed>1.309999942779541</speed>
				</extensions>
			</trkpt>
			<trkpt lat="28.558818" lon="77.20827085">
				<ele>152.41143798828125</ele>
				<time>2026-08-09T18:10:55Z</time>
				<extensions>
					<speed>1.5099999904632568</speed>
				</extensions>
			</trkpt>
			<trkpt lat="28.5588214" lon="77.20827725">
				<ele>148.0899658203125</ele>
				<time>2026-08-09T18:10:56Z</time>
				<extensions>
					<speed>0.0</speed>
				</extensions>
			</trkpt>
			<trkpt lat="28.55882421" lon="77.20827988">
				<ele>149.30181884765625</ele>
				<time>2026-08-09T18:10:57Z</time>
				<extensions>
					<speed>0.0</speed>
				</extensions>
			</trkpt>
			<trkpt lat="28.55882394" lon="77.20828157">
				<ele>149.29638671875</ele>
				<time>2026-08-09T18:10:58Z</time>
				<extensions>
					<speed>0.0</speed>
				</extensions>
			</trkpt>
			<trkpt lat="28.55882411" lon="77.20828178">
				<ele>149.921142578125</ele>
				<time>2026-08-09T18:10:59Z</time>
				<extensions>
					<speed>0.0</speed>
				</extensions>
			</trkpt>
			<trkpt lat="28.55882413" lon="77.20828185">
				<ele>149.99957275390625</ele>
				<time>2026-08-09T18:11:00Z</time>
				<extensions>
					<speed>0.0</speed>
				</extensions>
			</trkpt>
			<trkpt lat="28.55882414" lon="77.20828186">
				<ele>149.99957275390625</ele>
				<time>2026-08-09T18:11:01Z</time>
				<extensions>
					<speed>0.0</speed>
				</extensions>
			</trkpt>
			<trkpt lat="28.55882414" lon="77.20828187">
				<ele>149.99957275390625</ele>
				<time>2026-08-09T18:11:02Z</time>
				<extensions>
					<speed>0.0</speed>
				</extensions>
			</trkpt>
			<trkpt lat="28.55882413" lon="77.20828188">
				<ele>149.96533203125</ele>
				<time>2026-08-09T18:11:03Z</time>
				<extensions>
					<speed>0.0</speed>
				</extensions>
			</trkpt>
			<trkpt lat="28.55882406" lon="77.20828194">
				<ele>150.2725830078125</ele>
				<time>2026-08-09T18:11:04Z</time>
				<extensions>
					<speed>0.0</speed>
				</extensions>
			</trkpt>
			<trkpt lat="28.55882404" lon="77.20828195">
				<ele>150.27789306640625</ele>
				<time>2026-08-09T18:11:05Z</time>
				<extensions>
					<speed>0.0</speed>
				</extensions>
			</trkpt>
			<trkpt lat="28.558824" lon="77.20828199">
				<ele>150.4317626953125</ele>
				<time>2026-08-09T18:11:06Z</time>
				<extensions>
					<speed>0.0</speed>
				</extensions>
			</trkpt>
			<trkpt lat="28.558824" lon="77.20828198">
				<ele>150.68231201171875</ele>
				<time>2026-08-09T18:11:07Z</time>
				<extensions>
					<speed>0.0</speed>
				</extensions>
			</trkpt>
			<trkpt lat="28.55882402" lon="77.20828195">
				<ele>150.68292236328125</ele>
				<time>2026-08-09T18:11:08Z</time>
				<extensions>
					<speed>0.0</speed>
				</extensions>
			</trkpt>
			<trkpt lat="28.55882402" lon="77.20828195">
				<ele>150.68292236328125</ele>
				<time>2026-08-09T18:11:09Z</time>
				<extensions>
					<speed>0.0</speed>
				</extensions>
			</trkpt>
			<trkpt lat="28.55882402" lon="77.20828194">
				<ele>150.68292236328125</ele>
				<time>2026-08-09T18:11:10Z</time>
				<extensions>
					<speed>0.0</speed>
				</extensions>
			</trkpt>
			<trkpt lat="28.5588177" lon="77.20830256">
				<ele>160.67584228515625</ele>
				<time>2026-08-09T18:11:11Z</time>
				<extensions>
					<speed>0.9100000262260437</speed>
				</extensions>
			</trkpt>
			<trkpt lat="28.55882691" lon="77.20831492">
				<ele>155.4320068359375</ele>
				<time>2026-08-09T18:11:12Z</time>
				<extensions>
					<speed>0.9300000071525574</speed>
				</extensions>
			</trkpt>
			<trkpt lat="28.55880098" lon="77.20830423">
				<ele>158.2188720703125</ele>
				<time>2026-08-09T18:11:13Z</time>
				<extensions>
					<speed>0.6700000166893005</speed>
				</extensions>
			</trkpt>
			<trkpt lat="28.55879236" lon="77.20830673">
				<ele>164.92315673828125</ele>
				<time>2026-08-09T18:11:14Z</time>
				<extensions>
					<speed>0.0</speed>
				</extensions>
			</trkpt>
			<trkpt lat="28.55879141" lon="77.20830982">
				<ele>164.66632080078125</ele>
				<time>2026-08-09T18:11:15Z</time>
				<extensions>
					<speed>0.0</speed>
				</extensions>
			</trkpt>
			<trkpt lat="28.55879152" lon="77.20831086">
				<ele>164.66778564453125</ele>
				<time>2026-08-09T18:11:16Z</time>
				<extensions>
					<speed>0.0</speed>
				</extensions>
			</trkpt>
			<trkpt lat="28.55877553" lon="77.20830491">
				<ele>163.5216064453125</ele>
				<time>2026-08-09T18:11:17Z</time>
				<extensions>
					<speed>0.0</speed>
				</extensions>
			</trkpt>
			<trkpt lat="28.55874104" lon="77.20829178">
				<ele>161.6669921875</ele>
				<time>2026-08-09T18:11:18Z</time>
				<extensions>
					<speed>0.0</speed>
				</extensions>
			</trkpt>
			<trkpt lat="28.55873575" lon="77.2082877">
				<ele>161.57354736328125</ele>
				<time>2026-08-09T18:11:19Z</time>
				<extensions>
					<speed>0.2199999988079071</speed>
				</extensions>
			</trkpt>
			<trkpt lat="28.5587358" lon="77.20828435">
				<ele>163.12255859375</ele>
				<time>2026-08-09T18:11:20Z</time>
				<extensions>
					<speed>0.36000001430511475</speed>
				</extensions>
			</trkpt>
			<trkpt lat="28.55873674" lon="77.20828111">
				<ele>163.10443115234375</ele>
				<time>2026-08-09T18:11:21Z</time>
				<extensions>
					<speed>0.36000001430511475</speed>
				</extensions>
			</trkpt>
			<trkpt lat="28.55873812" lon="77.20827804">
				<ele>163.0863037109375</ele>
				<time>2026-08-09T18:11:22Z</time>
				<extensions>
					<speed>0.36000001430511475</speed>
				</extensions>
			</trkpt>
			<trkpt lat="28.55873526" lon="77.20827292">
				<ele>165.9661865234375</ele>
				<time>2026-08-09T18:11:23Z</time>
				<extensions>
					<speed>0.23999999463558197</speed>
				</extensions>
			</trkpt>
			<trkpt lat="28.55872958" lon="77.20826881">
				<ele>165.93896484375</ele>
				<time>2026-08-09T18:11:24Z</time>
				<extensions>
					<speed>0.0</speed>
				</extensions>
			</trkpt>
			<trkpt lat="28.55872879" lon="77.20826651">
				<ele>166.07305908203125</ele>
				<time>2026-08-09T18:11:25Z</time>
				<extensions>
					<speed>0.0</speed>
				</extensions>
			</trkpt>
			<trkpt lat="28.55872876" lon="77.20826563">
				<ele>166.15362548828125</ele>
				<time>2026-08-09T18:11:26Z</time>
				<extensions>
					<speed>0.0</speed>
				</extensions>
			</trkpt>
			<trkpt lat="28.55872876" lon="77.20826541">
				<ele>166.15362548828125</ele>
				<time>2026-08-09T18:11:27Z</time>
				<extensions>
					<speed>0.0</speed>
				</extensions>
			</trkpt>
			<trkpt lat="28.55872875" lon="77.20826536">
				<ele>166.15362548828125</ele>
				<time>2026-08-09T18:11:28Z</time>
				<extensions>
					<speed>0.0</speed>
				</extensions>
			</trkpt>
			<trkpt lat="28.55872875" lon="77.20826534">
				<ele>166.15362548828125</ele>
				<time>2026-08-09T18:11:29Z</time>
				<extensions>
					<speed>0.0</speed>
				</extensions>
			</trkpt>
			<trkpt lat="28.55872875" lon="77.20826534">
				<ele>166.15362548828125</ele>
				<time>2026-08-09T18:11:30Z</time>
				<extensions>
					<speed>0.0</speed>
				</extensions>
			</trkpt>
			<trkpt lat="28.55872875" lon="77.20826534">
				<ele>166.15362548828125</ele>
				<time>2026-08-09T18:11:31Z</time>
				<extensions>
					<speed>0.0</speed>
				</extensions>
			</trkpt>
			<trkpt lat="28.55872875" lon="77.20826534">
				<ele>166.15362548828125</ele>
				<time>2026-08-09T18:11:32Z</time>
				<extensions>
					<speed>0.0</speed>
				</extensions>
			</trkpt>
			<trkpt lat="28.55872875" lon="77.20826534">
				<ele>166.15362548828125</ele>
				<time>2026-08-09T18:11:33Z</time>
				<extensions>
					<speed>0.0</speed>
				</extensions>
			</trkpt>
			<trkpt lat="28.55872875" lon="77.20826534">
				<ele>166.15362548828125</ele>
				<time>2026-08-09T18:11:34Z</time>
				<extensions>
					<speed>0.0</speed>
				</extensions>
			</trkpt>
			<trkpt lat="28.55872875" lon="77.20826534">
				<ele>166.15362548828125</ele>
				<time>2026-08-09T18:11:35Z</time>
				<extensions>
					<speed>0.0</speed>
				</extensions>
			</trkpt>
			<trkpt lat="28.55872875" lon="77.20826534">
				<ele>166.15362548828125</ele>
				<time>2026-08-09T18:11:36Z</time>
				<extensions>
					<speed>0.0</speed>
				</extensions>
			</trkpt>
			<trkpt lat="28.55872875" lon="77.20826534">
				<ele>166.15362548828125</ele>
				<time>2026-08-09T18:11:37Z</time>
				<extensions>
					<speed>0.0</speed>
				</extensions>
			</trkpt>
			<trkpt lat="28.55872875" lon="77.20826534">
				<ele>166.15362548828125</ele>
				<time>2026-08-09T18:11:38Z</time>
				<extensions>
					<speed>0.0</speed>
				</extensions>
			</trkpt>
			<trkpt lat="28.55872875" lon="77.20826534">
				<ele>166.15362548828125</ele>
				<time>2026-08-09T18:11:39Z</time>
				<extensions>
					<speed>0.0</speed>
				</extensions>
			</trkpt>
			<trkpt lat="28.55872875" lon="77.20826534">
				<ele>166.15362548828125</ele>
				<time>2026-08-09T18:11:40Z</time>
				<extensions>
					<speed>0.0</speed>
				</extensions>
			</trkpt>
			<trkpt lat="28.55872875" lon="77.20826534">
				<ele>166.15362548828125</ele>
				<time>2026-08-09T18:11:41Z</time>
				<extensions>
					<speed>0.0</speed>
				</extensions>
			</trkpt>
			<trkpt lat="28.55872875" lon="77.20826534">
				<ele>166.15362548828125</ele>
				<time>2026-08-09T18:11:42Z</time>
				<extensions>
					<speed>0.0</speed>
				</extensions>
			</trkpt>
			<trkpt lat="28.55872875" lon="77.20826534">
				<ele>166.15362548828125</ele>
				<time>2026-08-09T18:11:43Z</time>
				<extensions>
					<speed>0.0</speed>
				</extensions>
			</trkpt>
			<trkpt lat="28.55872875" lon="77.20826534">
				<ele>166.15362548828125</ele>
				<time>2026-08-09T18:11:44Z</time>
				<extensions>
					<speed>0.0</speed>
				</extensions>
			</trkpt>
			<trkpt lat="28.55872875" lon="77.20826534">
				<ele>166.15362548828125</ele>
				<time>2026-08-09T18:11:45Z</time>
				<extensions>
					<speed>0.0</speed>
				</extensions>
			</trkpt>
			<trkpt lat="28.55872875" lon="77.20826534">
				<ele>166.15362548828125</ele>
				<time>2026-08-09T18:11:46Z</time>
				<extensions>
					<speed>0.0</speed>
				</extensions>
			</trkpt>
			<trkpt lat="28.55872875" lon="77.20826534">
				<ele>166.15362548828125</ele>
				<time>2026-08-09T18:11:47Z</time>
				<extensions>
					<speed>0.0</speed>
				</extensions>
			</trkpt>
			<trkpt lat="28.55872875" lon="77.20826534">
				<ele>166.15362548828125</ele>
				<time>2026-08-09T18:11:48Z</time>
				<extensions>
					<speed>0.0</speed>
				</extensions>
			</trkpt>
			<trkpt lat="28.55872875" lon="77.20826534">
				<ele>166.15362548828125</ele>
				<time>2026-08-09T18:11:49Z</time>
				<extensions>
					<speed>0.0</speed>
				</extensions>
			</trkpt>
			<trkpt lat="28.55872875" lon="77.20826534">
				<ele>166.15362548828125</ele>
				<time>2026-08-09T18:11:50Z</time>
				<extensions>
					<speed>0.0</speed>
				</extensions>
			</trkpt>
			<trkpt lat="28.55872875" lon="77.20826534">
				<ele>166.15362548828125</ele>
				<time>2026-08-09T18:11:51Z</time>
				<extensions>
					<speed>0.0</speed>
				</extensions>
			</trkpt>
			<trkpt lat="28.55872875" lon="77.20826534">
				<ele>166.15362548828125</ele>
				<time>2026-08-09T18:11:52Z</time>
				<extensions>
					<speed>0.0</speed>
				</extensions>
			</trkpt>
			<trkpt lat="28.55872875" lon="77.20826534">
				<ele>166.15362548828125</ele>
				<time>2026-08-09T18:11:53Z</time>
				<extensions>
					<speed>0.0</speed>
				</extensions>
			</trkpt>
			<trkpt lat="28.55872875" lon="77.20826534">
				<ele>166.15362548828125</ele>
				<time>2026-08-09T18:11:54Z</time>
				<extensions>
					<speed>0.0</speed>
				</extensions>
			</trkpt>
			<trkpt lat="28.55872875" lon="77.20826534">
				<ele>166.15362548828125</ele>
				<time>2026-08-09T18:11:55Z</time>
				<extensions>
					<speed>0.0</speed>
				</extensions>
			</trkpt>
			<trkpt lat="28.55872875" lon="77.20826534">
				<ele>166.15362548828125</ele>
				<time>2026-08-09T18:11:56Z</time>
				<extensions>
					<speed>0.0</speed>
				</extensions>
			</trkpt>
			<trkpt lat="28.55872875" lon="77.20826534">
				<ele>166.15362548828125</ele>
				<time>2026-08-09T18:11:57Z</time>
			</trkpt>
			<trkpt lat="28.55872875" lon="77.20826534">
				<ele>166.15362548828125</ele>
				<time>2026-08-09T18:11:58Z</time>
			</trkpt>
			<trkpt lat="28.55872875" lon="77.20826534">
				<ele>166.15362548828125</ele>
				<time>2026-08-09T18:11:59Z</time>
			</trkpt>
			<trkpt lat="28.55872875" lon="77.20826534">
				<ele>166.15362548828125</ele>
				<time>2026-08-09T18:12:00Z</time>
			</trkpt>
			<trkpt lat="28.55872875" lon="77.20826534">
				<ele>166.15362548828125</ele>
				<time>2026-08-09T18:12:01Z</time>
			</trkpt>
			<trkpt lat="28.55872875" lon="77.20826534">
				<ele>166.15362548828125</ele>
				<time>2026-08-09T18:12:02Z</time>
				<extensions>
					<speed>0.0</speed>
				</extensions>
			</trkpt>
			<trkpt lat="28.55872875" lon="77.20826534">
				<ele>166.15362548828125</ele>
				<time>2026-08-09T18:12:03Z</time>
				<extensions>
					<speed>0.0</speed>
				</extensions>
			</trkpt>
			<trkpt lat="28.55872875" lon="77.20826534">
				<ele>166.15362548828125</ele>
				<time>2026-08-09T18:12:04Z</time>
				<extensions>
					<speed>0.0</speed>
				</extensions>
			</trkpt>
			<trkpt lat="28.55872875" lon="77.20826534">
				<ele>166.15362548828125</ele>
				<time>2026-08-09T18:12:05Z</time>
				<extensions>
					<speed>0.0</speed>
				</extensions>
			</trkpt>
			<trkpt lat="28.55872875" lon="77.20826534">
				<ele>166.15362548828125</ele>
				<time>2026-08-09T18:12:06Z</time>
				<extensions>
					<speed>0.0</speed>
				</extensions>
			</trkpt>
			<trkpt lat="28.55872875" lon="77.20826534">
				<ele>166.15362548828125</ele>
				<time>2026-08-09T18:12:07Z</time>
				<extensions>
					<speed>0.0</speed>
				</extensions>
			</trkpt>
			<trkpt lat="28.55872875" lon="77.20826534">
				<ele>166.15362548828125</ele>
				<time>2026-08-09T18:12:08Z</time>
				<extensions>
					<speed>0.0</speed>
				</extensions>
			</trkpt>
			<trkpt lat="28.55872875" lon="77.20826534">
				<ele>166.15362548828125</ele>
				<time>2026-08-09T18:12:09Z</time>
				<extensions>
					<speed>0.0</speed>
				</extensions>
			</trkpt>
			<trkpt lat="28.55872875" lon="77.20826534">
				<ele>166.15362548828125</ele>
				<time>2026-08-09T18:12:10Z</time>
				<extensions>
					<speed>0.0</speed>
				</extensions>
			</trkpt>
			<trkpt lat="28.55872875" lon="77.20826534">
				<ele>166.15362548828125</ele>
				<time>2026-08-09T18:12:11Z</time>
				<extensions>
					<speed>0.0</speed>
				</extensions>
			</trkpt>
			<trkpt lat="28.55872875" lon="77.20826534">
				<ele>166.15362548828125</ele>
				<time>2026-08-09T18:12:12Z</time>
				<extensions>
					<speed>0.0</speed>
				</extensions>
			</trkpt>
			<trkpt lat="28.55872875" lon="77.20826534">
				<ele>166.15362548828125</ele>
				<time>2026-08-09T18:12:13Z</time>
				<extensions>
					<speed>0.0</speed>
				</extensions>
			</trkpt>
			<trkpt lat="28.55872875" lon="77.20826534">
				<ele>166.15362548828125</ele>
				<time>2026-08-09T18:12:14Z</time>
				<extensions>
					<speed>0.0</speed>
				</extensions>
			</trkpt>
			<trkpt lat="28.55872875" lon="77.20826534">
				<ele>166.15362548828125</ele>
				<time>2026-08-09T18:12:15Z</time>
				<extensions>
					<speed>0.0</speed>
				</extensions>
			</trkpt>
			<trkpt lat="28.55872875" lon="77.20826534">
				<ele>166.15362548828125</ele>
				<time>2026-08-09T18:12:16Z</time>
				<extensions>
					<speed>0.0</speed>
				</extensions>
			</trkpt>
			<trkpt lat="28.55872875" lon="77.20826534">
				<ele>166.15362548828125</ele>
				<time>2026-08-09T18:12:17Z</time>
				<extensions>
					<speed>0.0</speed>
				</extensions>
			</trkpt>
		</trkseg>
	</trk>
</gpx>